fan_id,city,age_group,games_purchased,total_spend,recency_days,engagement_score,rfm_score
F052849,Scottsdale,45-54,11,13233.0,68,54,12
F017866,Glendale,35-44,9,12971.0,72,76,12
F049737,Out of State,35-44,11,12304.0,64,51,13
F028199,Scottsdale,35-44,11,10783.0,64,81,13
F041655,Tempe,35-44,5,9634.0,102,80,11
F026944,Tucson,18-24,11,9318.0,76,98,12
F043431,Phoenix,55-64,9,9279.0,111,70,12
F068675,Out of State,25-34,10,9196.0,86,89,12
F063399,Phoenix,35-44,17,8807.0,64,62,13
F050616,Chandler,35-44,7,8453.0,107,80,12
F008668,Scottsdale,18-24,10,8147.0,64,94,13
F048188,Scottsdale,25-34,7,8124.0,76,84,12
F043018,Mesa,35-44,4,8008.0,114,67,11
F071472,Out of State,18-24,7,7668.0,76,60,12
F058597,Mesa,35-44,8,7336.0,102,60,12
F047568,Peoria,25-34,6,7271.0,72,74,12
F063298,Mesa,65+,5,7207.0,64,66,13
F039986,Chandler,18-24,10,6945.0,64,60,13
F030087,Tucson,18-24,5,6921.0,64,70,12
F015120,Tempe,25-34,15,6739.0,68,79,12
F041996,Phoenix,25-34,5,6619.0,102,80,11
F044681,Peoria,18-24,9,6614.0,102,87,12
F069656,Chandler,35-44,5,6601.0,102,76,12
F064055,Phoenix,55-64,5,6595.0,86,60,12
F042436,Phoenix,45-54,4,6552.0,64,87,12
F063259,Tucson,35-44,13,6429.0,72,82,12
F004607,Chandler,45-54,9,6414.0,80,80,12
F068972,Peoria,18-24,8,6338.0,72,98,12
F018780,Phoenix,35-44,4,6323.0,68,73,11
F046354,Scottsdale,25-34,4,6186.0,86,84,11
F018573,Peoria,25-34,7,6104.0,80,80,12
F004165,Scottsdale,18-24,12,6084.0,119,85,11
F005247,Chandler,25-34,11,6073.0,94,92,12
F042956,Phoenix,35-44,6,6042.0,102,83,12
F069571,Phoenix,25-34,5,6040.0,80,80,12
F010323,Out of State,18-24,5,5949.0,64,58,12
F063429,Phoenix,35-44,4,5940.0,132,59,10
F046812,Phoenix,35-44,3,5924.0,86,80,11
F042324,Phoenix,35-44,11,5808.0,122,66,11
F011273,Tucson,35-44,7,5802.0,76,68,12
F044732,Phoenix,25-34,7,5775.0,64,60,13
F035083,Peoria,45-54,6,5760.0,89,96,12
F027198,Mesa,45-54,13,5751.0,64,75,13
F068093,Phoenix,35-44,11,5601.0,76,87,12
F028188,Gilbert,18-24,5,5582.0,114,80,11
F031968,Phoenix,25-34,4,5574.0,114,75,11
F005323,Gilbert,25-34,10,5573.0,72,74,12
F033257,Scottsdale,45-54,3,5501.0,132,87,10
F015499,Scottsdale,55-64,6,5498.0,64,60,13
F056011,Phoenix,18-24,12,5451.0,64,76,13
F031762,Phoenix,25-34,10,5393.0,86,79,12
F046256,Tempe,45-54,10,5383.0,80,73,12
F034644,Chandler,55-64,3,5296.0,119,65,10
F051171,Mesa,45-54,14,5288.0,64,58,13
F058380,Scottsdale,45-54,4,5274.0,107,100,11
F063376,Phoenix,35-44,15,5273.0,64,56,13
F005372,Glendale,35-44,10,5187.0,89,61,12
F037848,Glendale,45-54,8,5169.0,80,98,12
F031429,Phoenix,45-54,8,5125.0,111,98,12
F063794,Phoenix,25-34,11,5097.0,76,56,12
F039203,Phoenix,35-44,5,5096.0,64,100,12
F039578,Scottsdale,35-44,11,5007.0,76,76,12
F047923,Phoenix,35-44,4,5005.0,98,65,11
F035308,Mesa,55-64,4,4993.0,68,55,11
F049484,Gilbert,45-54,4,4990.0,68,62,11
F063634,Out of State,25-34,3,4981.0,80,100,11
F023794,Phoenix,25-34,12,4940.0,72,88,12
F071624,Out of State,25-34,3,4938.0,86,55,11
F022534,Chandler,25-34,5,4920.0,128,87,10
F021450,Glendale,35-44,4,4886.0,68,65,11
F044696,Phoenix,55-64,11,4884.0,72,58,12
F012971,Tempe,45-54,4,4854.0,102,95,11
F029806,Peoria,55-64,5,4845.0,111,87,11
F056506,Tucson,35-44,3,4834.0,98,80,11
F066832,Phoenix,25-34,5,4777.0,119,95,11
F055032,Phoenix,35-44,9,4730.0,86,77,12
F054196,Phoenix,18-24,4,4727.0,68,87,11
F039833,Glendale,25-34,2,4609.0,86,60,10
F017462,Peoria,45-54,5,4581.0,89,55,11
F050840,Scottsdale,25-34,3,4570.0,64,60,12
F058071,Glendale,45-54,3,4565.0,64,60,12
F045064,Phoenix,18-24,3,4543.0,114,60,11
F069305,Peoria,35-44,7,4539.0,98,100,12
F057361,Chandler,25-34,5,4505.0,102,90,12
F013904,Phoenix,18-24,11,4505.0,86,100,12
F061330,Scottsdale,25-34,2,4485.0,107,60,10
F014865,Peoria,25-34,3,4437.0,80,70,11
F048953,Mesa,18-24,13,4434.0,64,80,13
F004421,Scottsdale,45-54,2,4421.0,148,73,9
F038581,Phoenix,55-64,3,4415.0,122,60,10
F029237,Tucson,35-44,7,4415.0,119,90,11
F027618,Chandler,45-54,3,4414.0,102,56,11
F008132,Phoenix,18-24,6,4409.0,119,90,11
F046745,Tempe,25-34,6,4378.0,94,80,12
F053179,Tucson,35-44,3,4372.0,119,73,10
F034425,Phoenix,35-44,10,4368.0,86,66,12
F030039,Scottsdale,45-54,7,4352.0,86,80,12
F054519,Phoenix,18-24,4,4337.0,107,60,11
F013755,Phoenix,35-44,3,4316.0,64,60,12
F062268,Phoenix,35-44,8,4313.0,86,71,12
F021771,Mesa,25-34,2,4312.0,132,51,9
F051689,Gilbert,35-44,3,4303.0,80,60,11
F065746,Chandler,25-34,7,4297.0,64,80,13
F021902,Chandler,35-44,4,4295.0,64,73,12
F061551,Out of State,45-54,5,4295.0,86,100,12
F043312,Phoenix,35-44,7,4294.0,80,89,12
F053409,Gilbert,25-34,6,4254.0,107,90,12
F030125,Phoenix,18-24,8,4221.0,64,100,13
F015762,Mesa,65+,3,4178.0,86,70,11
F062555,Phoenix,55-64,3,4177.0,132,70,10
F012631,Phoenix,45-54,3,4161.0,111,60,11
F039499,Scottsdale,25-34,3,4159.0,119,100,10
F070362,Phoenix,35-44,4,4146.0,89,92,11
F059133,Phoenix,45-54,4,4141.0,64,60,12
F072681,Out of State,25-34,4,4129.0,98,77,11
F060657,Gilbert,35-44,2,4124.0,144,76,9
F039795,Tucson,35-44,6,4084.0,64,57,13
F027479,Phoenix,35-44,7,4083.0,80,100,12
F020552,Gilbert,25-34,5,4049.0,86,84,11
F020322,Scottsdale,35-44,10,4026.0,76,98,12
F062388,Glendale,25-34,3,4018.0,76,60,11
F046753,Gilbert,35-44,8,4006.0,72,100,12
F050192,Chandler,35-44,3,4003.0,64,67,12
F065413,Mesa,65+,3,3989.0,76,60,11
F018180,Phoenix,35-44,4,3988.0,119,100,10
F059554,Scottsdale,45-54,2,3988.0,114,73,10
F048838,Chandler,18-24,3,3979.0,76,84,11
F066500,Chandler,18-24,9,3972.0,72,68,12
F015740,Scottsdale,35-44,3,3970.0,119,80,10
F065959,Phoenix,18-24,2,3965.0,80,80,10
F034726,Chandler,18-24,5,3962.0,76,100,11
F045578,Peoria,35-44,8,3960.0,80,77,12
F038219,Scottsdale,25-34,8,3944.0,102,54,12
F030673,Phoenix,35-44,7,3943.0,76,60,12
F041390,Phoenix,25-34,2,3942.0,141,60,9
F057466,Glendale,18-24,3,3934.0,86,100,11
F026691,Scottsdale,35-44,3,3922.0,94,93,11
F071811,Phoenix,45-54,6,3904.0,72,60,12
F036620,Mesa,45-54,12,3893.0,89,77,12
F067034,Phoenix,55-64,8,3869.0,86,87,12
F054810,Glendale,18-24,3,3856.0,72,67,11
F040422,Tempe,45-54,10,3851.0,86,92,12
F057338,Phoenix,25-34,3,3846.0,64,60,12
F070963,Tucson,35-44,8,3828.0,72,60,12
F051608,Phoenix,35-44,9,3822.0,76,60,12
F029529,Gilbert,45-54,6,3821.0,64,51,13
F049755,Chandler,25-34,3,3817.0,102,70,11
F032853,Chandler,35-44,2,3808.0,162,73,9
F056863,Tempe,18-24,6,3803.0,72,57,12
F011287,Glendale,35-44,3,3802.0,128,60,10
F022661,Phoenix,25-34,4,3784.0,94,84,11
F038959,Chandler,25-34,3,3757.0,80,80,11
F053780,Phoenix,55-64,3,3738.0,80,43,11
F019198,Chandler,45-54,6,3733.0,86,76,12
F005476,Phoenix,35-44,2,3724.0,119,100,9
F015622,Glendale,55-64,7,3708.0,94,81,12
F030017,Peoria,18-24,3,3677.0,76,80,11
F062762,Phoenix,55-64,2,3676.0,86,80,10
F014948,Phoenix,25-34,4,3674.0,128,76,10
F006632,Tucson,65+,4,3669.0,86,78,11
F071868,Phoenix,25-34,3,3668.0,94,34,11
F014692,Phoenix,18-24,2,3657.0,114,87,10
F036909,Phoenix,45-54,7,3656.0,64,77,13
F005421,Scottsdale,35-44,3,3649.0,76,45,11
F061004,Gilbert,25-34,2,3611.0,141,60,9
F041259,Phoenix,25-34,3,3595.0,80,73,11
F039434,Peoria,55-64,8,3592.0,76,70,12
F055642,Phoenix,25-34,10,3589.0,128,90,11
F069470,Peoria,25-34,4,3570.0,68,60,11
F048844,Glendale,35-44,4,3568.0,128,90,10
F067350,Peoria,35-44,8,3566.0,80,72,12
F054019,Peoria,25-34,3,3553.0,119,100,10
F072285,Tempe,25-34,3,3553.0,72,10,11
F028143,Mesa,45-54,8,3538.0,80,100,12
F008114,Scottsdale,55-64,9,3525.0,76,89,12
F071791,Out of State,18-24,10,3524.0,86,54,12
F059880,Scottsdale,35-44,4,3524.0,72,73,11
F067761,Phoenix,55-64,8,3517.0,89,90,12
F059440,Phoenix,25-34,6,3515.0,68,80,12
F053963,Tucson,25-34,7,3495.0,76,80,12
F022817,Tucson,35-44,3,3471.0,114,100,11
F035892,Tucson,45-54,9,3465.0,76,87,12
F055955,Tempe,25-34,9,3458.0,68,100,12
F018052,Mesa,25-34,8,3452.0,128,63,11
F016352,Scottsdale,25-34,10,3447.0,98,50,12
F046655,Phoenix,25-34,3,3443.0,122,73,10
F024090,Phoenix,25-34,5,3435.0,89,84,11
F050448,Mesa,45-54,4,3433.0,102,93,11
F072663,Chandler,35-44,9,3433.0,64,84,13
F027284,Phoenix,18-24,6,3426.0,64,97,13
F071320,Scottsdale,35-44,3,3389.0,68,80,11
F063805,Phoenix,25-34,7,3382.0,68,81,12
F060422,Peoria,25-34,6,3374.0,86,80,12
F057060,Phoenix,55-64,2,3371.0,107,100,10
F035274,Phoenix,18-24,6,3368.0,114,76,12
F070782,Phoenix,18-24,7,3352.0,76,72,12
F010208,Chandler,25-34,8,3350.0,119,90,11
F017961,Phoenix,45-54,6,3342.0,76,60,12
F032769,Chandler,25-34,9,3332.0,107,89,12
F064204,Tempe,45-54,7,3330.0,111,56,12
F020518,Chandler,45-54,6,3320.0,86,57,12
F035743,Gilbert,18-24,9,3314.0,102,64,12
F053369,Tempe,35-44,2,3295.0,86,92,10
F026537,Phoenix,25-34,8,3289.0,86,87,12
F010300,Phoenix,18-24,3,3285.0,76,70,11
F015043,Mesa,45-54,4,3281.0,98,92,11
F037497,Peoria,25-34,2,3274.0,80,80,10
F028563,Out of State,35-44,2,3273.0,128,87,9
F063135,Phoenix,45-54,7,3253.0,86,90,12
F043269,Gilbert,35-44,3,3252.0,76,100,11
F061626,Phoenix,35-44,5,3251.0,76,76,12
F028480,Out of State,45-54,8,3251.0,72,70,12
F007056,Tempe,35-44,2,3250.0,144,80,9
F021474,Chandler,25-34,7,3243.0,76,60,12
F052540,Phoenix,18-24,3,3232.0,128,76,10
F014512,Glendale,35-44,2,3227.0,86,100,10
F048560,Peoria,55-64,2,3217.0,80,80,10
F050766,Phoenix,35-44,6,3212.0,72,87,12
F004919,Out of State,25-34,4,3207.0,94,67,11
F012463,Tucson,25-34,9,3201.0,64,51,13
F055796,Peoria,45-54,3,3195.0,86,80,11
F051962,Peoria,45-54,2,3183.0,114,70,10
F062314,Phoenix,18-24,7,3172.0,98,73,12
F066416,Phoenix,35-44,6,3148.0,80,60,12
F005270,Phoenix,18-24,2,3143.0,76,87,10
F050118,Phoenix,25-34,6,3131.0,144,84,11
F047663,Mesa,55-64,4,3122.0,86,73,11
F049637,Glendale,18-24,3,3112.0,148,71,10
F034716,Chandler,45-54,7,3111.0,86,80,12
F060707,Gilbert,25-34,6,3110.0,98,90,12
F010241,Scottsdale,25-34,3,3110.0,119,60,10
F041280,Mesa,35-44,3,3096.0,102,87,11
F049888,Chandler,45-54,7,3096.0,64,60,13
F029662,Chandler,25-34,6,3087.0,89,72,12
F010511,Phoenix,45-54,7,3077.0,128,81,11
F036906,Chandler,18-24,2,3064.0,80,68,10
F061726,Phoenix,45-54,9,3053.0,72,60,12
F009939,Phoenix,35-44,10,3049.0,107,75,12
F029017,Phoenix,35-44,8,3034.0,64,87,13
F058326,Phoenix,35-44,6,3031.0,80,87,12
F028999,Phoenix,18-24,6,3028.0,86,77,12
F023742,Mesa,35-44,7,3026.0,98,91,12
F030475,Gilbert,25-34,9,3026.0,64,60,13
F053806,Scottsdale,35-44,5,3023.0,102,68,12
F029943,Chandler,18-24,6,3021.0,111,84,12
F022746,Glendale,25-34,8,3012.0,80,84,12
F040044,Mesa,18-24,5,2993.0,111,69,11
F003543,Mesa,35-44,6,2992.0,64,100,12
F061749,Phoenix,25-34,8,2989.0,64,90,13
F047865,Gilbert,25-34,9,2987.0,111,85,12
F013839,Out of State,25-34,6,2980.0,76,69,12
F024793,Peoria,35-44,3,2978.0,111,76,11
F030482,Chandler,35-44,8,2966.0,107,81,12
F053540,Gilbert,45-54,9,2943.0,72,80,12
F054643,Peoria,25-34,3,2938.0,162,88,10
F060893,Phoenix,18-24,7,2934.0,76,60,12
F040830,Glendale,55-64,2,2932.0,64,87,11
F039013,Gilbert,25-34,2,2929.0,64,60,11
F018681,Mesa,35-44,7,2926.0,128,70,11
F049135,Phoenix,35-44,3,2923.0,122,80,10
F055576,Mesa,18-24,3,2911.0,86,70,11
F042100,Scottsdale,25-34,6,2910.0,80,72,12
F017209,Tempe,25-34,2,2909.0,76,73,10
F033701,Phoenix,45-54,7,2900.0,72,80,12
F042187,Chandler,35-44,4,2898.0,119,84,10
F026399,Mesa,35-44,5,2892.0,114,92,11
F042658,Scottsdale,25-34,4,2892.0,148,70,10
F062291,Phoenix,18-24,6,2890.0,80,80,12
F033091,Peoria,35-44,2,2889.0,122,80,9
F062414,Out of State,35-44,2,2883.0,102,80,10
F068674,Tucson,25-34,5,2879.0,64,73,13
F013774,Scottsdale,55-64,7,2878.0,64,57,13
F063388,Phoenix,25-34,5,2875.0,76,56,12
F062829,Gilbert,18-24,5,2872.0,86,100,12
F011018,Mesa,18-24,2,2869.0,111,76,10
F069877,Phoenix,45-54,5,2869.0,111,69,12
F062476,Phoenix,25-34,7,2866.0,111,70,12
F015955,Phoenix,25-34,3,2862.0,80,60,11
F017887,Out of State,35-44,3,2860.0,135,70,10
F055715,Mesa,35-44,6,2859.0,64,100,13
F033649,Mesa,35-44,5,2857.0,68,100,11
F042292,Mesa,18-24,3,2855.0,86,73,11
F040411,Tucson,45-54,2,2846.0,80,76,10
F031499,Phoenix,18-24,2,2845.0,64,100,11
F031858,Peoria,55-64,8,2844.0,72,51,12
F062792,Glendale,18-24,5,2833.0,119,86,11
F063369,Phoenix,25-34,7,2832.0,72,76,12
F035929,Phoenix,45-54,6,2832.0,72,87,12
F058058,Chandler,45-54,4,2830.0,86,100,11
F004171,Phoenix,45-54,3,2829.0,89,73,11
F060006,Phoenix,25-34,7,2823.0,72,80,12
F009500,Glendale,45-54,4,2823.0,64,100,12
F040317,Scottsdale,45-54,7,2821.0,76,53,12
F027407,Scottsdale,25-34,2,2815.0,107,87,10
F039770,Phoenix,35-44,6,2811.0,68,49,12
F016242,Phoenix,25-34,3,2810.0,114,60,11
F032634,Chandler,25-34,2,2801.0,68,80,10
F042831,Phoenix,45-54,6,2797.0,64,60,13
F060910,Tempe,45-54,5,2796.0,98,70,12
F069548,Phoenix,25-34,3,2794.0,94,100,11
F035413,Peoria,35-44,4,2792.0,64,73,12
F015471,Phoenix,25-34,6,2785.0,86,46,12
F067820,Tucson,35-44,7,2777.0,89,94,12
F039635,Phoenix,25-34,6,2774.0,107,87,12
F024049,Phoenix,55-64,9,2773.0,76,86,12
F014935,Phoenix,25-34,3,2766.0,64,100,12
F026511,Phoenix,55-64,6,2753.0,89,84,12
F047800,Tempe,35-44,3,2734.0,107,72,11
F043467,Chandler,25-34,6,2731.0,94,83,12
F024405,Scottsdale,25-34,6,2730.0,72,87,12
F046229,Phoenix,35-44,4,2730.0,64,60,12
F009657,Mesa,45-54,4,2730.0,64,73,12
F012754,Scottsdale,25-34,2,2721.0,94,60,10
F044831,Out of State,18-24,5,2714.0,102,60,12
F005537,Phoenix,18-24,6,2709.0,76,60,12
F054477,Phoenix,55-64,5,2705.0,107,56,12
F013717,Phoenix,45-54,3,2705.0,80,63,11
F031623,Phoenix,55-64,6,2698.0,76,100,12
F010480,Mesa,25-34,7,2697.0,98,57,12
F026368,Glendale,45-54,7,2696.0,86,66,12
F072168,Phoenix,25-34,2,2678.0,152,87,10
F069294,Phoenix,18-24,3,2670.0,72,87,11
F057129,Tempe,45-54,6,2665.0,122,76,11
F070794,Phoenix,35-44,8,2659.0,72,80,12
F026975,Phoenix,35-44,4,2655.0,64,87,12
F012996,Mesa,35-44,5,2651.0,107,90,11
F023762,Tempe,35-44,7,2651.0,102,80,12
F061244,Glendale,25-34,6,2646.0,111,87,12
F055130,Phoenix,45-54,4,2646.0,111,82,11
F017537,Mesa,35-44,3,2645.0,72,84,11
F015800,Phoenix,18-24,2,2630.0,144,73,9
F026847,Scottsdale,18-24,3,2628.0,119,92,10
F033944,Peoria,18-24,6,2613.0,111,80,12
F007655,Peoria,25-34,4,2612.0,64,87,12
F041141,Tucson,55-64,3,2612.0,86,80,11
F065291,Scottsdale,25-34,2,2611.0,111,80,10
F037573,Scottsdale,25-34,4,2604.0,94,87,11
F009970,Mesa,18-24,2,2602.0,111,73,10
F068861,Tucson,45-54,7,2601.0,94,67,12
F041482,Scottsdale,25-34,2,2597.0,64,60,11
F064090,Mesa,35-44,2,2591.0,98,100,10
F028711,Tempe,18-24,6,2589.0,111,87,12
F047852,Mesa,18-24,3,2588.0,102,73,11
F054767,Tempe,35-44,2,2585.0,72,60,10
F061953,Phoenix,55-64,4,2581.0,107,100,11
F066357,Tucson,45-54,5,2579.0,72,55,12
F062021,Mesa,35-44,2,2575.0,94,70,10
F022302,Tempe,35-44,4,2573.0,122,76,10
F051526,Peoria,18-24,4,2566.0,80,76,11
F039191,Phoenix,18-24,3,2560.0,119,71,10
F053895,Scottsdale,25-34,5,2553.0,98,61,12
F054692,Glendale,25-34,6,2550.0,86,60,12
F025499,Scottsdale,25-34,4,2545.0,94,60,11
F049819,Chandler,35-44,2,2541.0,111,73,10
F015506,Phoenix,45-54,2,2541.0,102,60,10
F059036,Mesa,25-34,3,2540.0,114,60,11
F006585,Phoenix,65+,4,2536.0,94,73,11
F043686,Tempe,25-34,2,2536.0,64,100,11
F050003,Mesa,18-24,4,2533.0,114,75,11
F006476,Scottsdale,35-44,5,2532.0,119,71,10
F028152,Phoenix,25-34,7,2526.0,72,73,12
F066669,Phoenix,18-24,5,2525.0,111,89,12
F016886,Phoenix,18-24,2,2523.0,64,30,11
F049964,Tempe,45-54,3,2518.0,64,60,12
F016488,Tempe,18-24,5,2510.0,94,76,11
F050169,Tempe,45-54,2,2510.0,148,60,9
F052924,Scottsdale,18-24,4,2509.0,64,100,12
F053275,Tempe,35-44,5,2497.0,68,80,12
F026232,Phoenix,25-34,4,2496.0,111,73,11
F070441,Phoenix,35-44,6,2490.0,89,90,12
F058327,Phoenix,25-34,6,2490.0,80,60,12
F015554,Phoenix,18-24,2,2489.0,64,60,11
F015081,Scottsdale,35-44,4,2488.0,132,84,10
F018678,Phoenix,25-34,2,2487.0,141,73,9
F068859,Glendale,25-34,6,2476.0,98,72,12
F056078,Peoria,35-44,6,2469.0,111,72,12
F046985,Phoenix,25-34,4,2468.0,107,73,11
F063212,Tempe,18-24,2,2460.0,132,68,9
F041108,Mesa,35-44,6,2453.0,132,67,11
F006834,Chandler,18-24,5,2447.0,114,71,10
F010132,Phoenix,25-34,6,2446.0,76,55,12
F042462,Mesa,18-24,8,2440.0,89,83,12
F066179,Phoenix,35-44,3,2439.0,141,80,10
F058765,Tucson,45-54,5,2424.0,94,80,12
F043468,Gilbert,25-34,2,2417.0,80,73,10
F006534,Phoenix,18-24,3,2415.0,64,73,12
F063664,Out of State,25-34,6,2415.0,76,90,12
F055103,Chandler,45-54,4,2415.0,86,87,11
F035568,Mesa,18-24,4,2413.0,119,90,10
F060908,Peoria,55-64,5,2412.0,128,66,11
F061237,Phoenix,45-54,2,2412.0,68,60,10
F054462,Chandler,25-34,2,2411.0,86,100,10
F003751,Gilbert,45-54,4,2411.0,64,80,11
F042247,Mesa,45-54,3,2404.0,141,73,10
F072890,Glendale,45-54,5,2403.0,98,84,12
F035393,Scottsdale,35-44,3,2402.0,119,100,10
F030025,Tempe,35-44,4,2400.0,64,100,12
F069452,Out of State,25-34,4,2399.0,114,90,11
F055086,Gilbert,35-44,3,2396.0,114,76,11
F017883,Tempe,45-54,4,2380.0,80,80,11
F053488,Phoenix,45-54,4,2379.0,122,80,10
F023021,Glendale,35-44,5,2377.0,119,100,10
F020825,Out of State,25-34,2,2375.0,141,60,9
F068854,Scottsdale,25-34,2,2373.0,72,78,10
F030403,Mesa,25-34,3,2370.0,114,87,11
F050427,Phoenix,45-54,6,2359.0,68,49,12
F041380,Phoenix,25-34,2,2355.0,119,90,9
F046803,Phoenix,25-34,3,2354.0,98,80,11
F026185,Phoenix,35-44,19,2352.0,64,90,13
F044160,Tempe,45-54,3,2345.0,80,73,11
F065330,Gilbert,25-34,3,2343.0,72,73,11
F011078,Mesa,45-54,5,2339.0,102,80,11
F024310,Out of State,35-44,16,2339.0,72,51,12
F036690,Gilbert,35-44,5,2336.0,80,54,11
F049919,Scottsdale,25-34,6,2334.0,72,92,12
F021830,Gilbert,35-44,3,2333.0,64,60,12
F038076,Phoenix,35-44,4,2331.0,107,92,11
F015571,Glendale,18-24,4,2329.0,64,100,12
F063381,Phoenix,25-34,6,2326.0,72,72,12
F027402,Peoria,35-44,6,2325.0,86,92,12
F068090,Tempe,18-24,2,2323.0,94,73,10
F013055,Tempe,25-34,2,2323.0,86,80,10
F041193,Scottsdale,35-44,3,2320.0,98,80,11
F071916,Phoenix,18-24,4,2320.0,144,70,10
F058357,Phoenix,25-34,2,2318.0,94,87,10
F031534,Mesa,25-34,2,2316.0,86,80,10
F026665,Gilbert,45-54,5,2315.0,114,56,11
F040425,Mesa,35-44,5,2312.0,80,75,11
F022006,Phoenix,35-44,2,2310.0,98,60,10
F016185,Tucson,45-54,2,2309.0,86,60,10
F036747,Mesa,45-54,2,2309.0,144,90,9
F058194,Out of State,45-54,2,2307.0,148,81,9
F010980,Phoenix,25-34,4,2307.0,64,52,12
F055427,Chandler,25-34,5,2305.0,141,80,11
F052440,Tucson,55-64,2,2299.0,114,100,10
F009758,Mesa,18-24,2,2297.0,98,80,10
F008853,Phoenix,25-34,2,2295.0,122,100,9
F044678,Phoenix,35-44,5,2295.0,102,56,12
F024777,Glendale,18-24,3,2292.0,111,90,11
F010580,Out of State,18-24,5,2291.0,111,65,11
F048944,Scottsdale,35-44,2,2291.0,114,80,10
F040596,Phoenix,35-44,6,2288.0,135,70,11
F069911,Peoria,45-54,5,2277.0,114,76,12
F067960,Phoenix,45-54,2,2275.0,64,60,11
F035248,Scottsdale,25-34,4,2273.0,89,87,11
F070576,Out of State,35-44,5,2269.0,128,73,11
F005484,Tucson,18-24,4,2269.0,80,65,11
F023284,Scottsdale,35-44,2,2269.0,141,87,9
F037806,Chandler,25-34,2,2268.0,122,73,9
F057556,Phoenix,45-54,3,2268.0,114,73,11
F003875,Scottsdale,25-34,2,2264.0,76,60,10
F024284,Scottsdale,25-34,2,2264.0,76,70,10
F010870,Tempe,25-34,4,2259.0,64,80,12
F038151,Out of State,25-34,4,2259.0,64,95,12
F044926,Tucson,25-34,3,2258.0,135,71,10
F057300,Glendale,18-24,3,2255.0,135,76,10
F046475,Phoenix,25-34,6,2252.0,122,80,11
F027682,Phoenix,18-24,3,2252.0,64,84,12
F068502,Chandler,18-24,4,2252.0,119,82,10
F021788,Glendale,35-44,4,2248.0,72,68,11
F029033,Mesa,25-34,2,2247.0,152,40,9
F066539,Out of State,18-24,5,2244.0,132,76,11
F028388,Scottsdale,25-34,5,2232.0,89,60,11
F032341,Mesa,45-54,5,2229.0,64,100,12
F020032,Mesa,45-54,2,2226.0,72,60,10
F063276,Mesa,35-44,3,2222.0,111,73,11
F059786,Phoenix,35-44,3,2215.0,141,46,10
F063916,Scottsdale,45-54,2,2215.0,148,73,9
F018166,Phoenix,35-44,5,2211.0,80,73,11
F036784,Mesa,45-54,2,2209.0,89,73,10
F063898,Phoenix,45-54,6,2209.0,111,100,12
F050857,Phoenix,45-54,2,2208.0,141,73,9
F032882,Scottsdale,35-44,2,2203.0,122,32,9
F070349,Phoenix,25-34,3,2200.0,122,80,10
F067678,Scottsdale,18-24,4,2200.0,80,60,11
F028681,Peoria,35-44,7,2192.0,80,80,12
F013036,Out of State,35-44,5,2190.0,114,79,11
F072153,Chandler,35-44,5,2189.0,119,100,11
F045821,Phoenix,35-44,4,2185.0,64,80,12
F004655,Phoenix,35-44,14,2182.0,80,81,12
F011061,Mesa,55-64,5,2181.0,89,89,11
F016949,Scottsdale,25-34,7,2181.0,68,60,12
F008344,Chandler,45-54,2,2179.0,111,70,10
F055109,Chandler,35-44,4,2178.0,102,68,11
F007340,Peoria,55-64,4,2178.0,80,60,11
F010975,Tempe,45-54,4,2177.0,64,100,12
F049269,Phoenix,25-34,6,2174.0,132,68,11
F052382,Mesa,65+,3,2174.0,111,68,11
F017178,Mesa,35-44,3,2172.0,119,87,10
F050191,Glendale,65+,3,2171.0,132,80,10
F023451,Glendale,18-24,6,2169.0,128,76,11
F061236,Phoenix,45-54,5,2168.0,98,60,12
F050504,Gilbert,25-34,4,2168.0,64,84,12
F045545,Out of State,35-44,6,2162.0,86,52,12
F058795,Scottsdale,18-24,4,2159.0,122,73,10
F067488,Phoenix,18-24,3,2156.0,89,80,11
F046411,Mesa,25-34,4,2153.0,86,80,11
F061088,Phoenix,18-24,2,2152.0,114,80,10
F050337,Peoria,35-44,6,2151.0,119,72,11
F014686,Out of State,18-24,2,2149.0,128,70,9
F004125,Tempe,45-54,2,2147.0,86,60,10
F066146,Phoenix,25-34,3,2146.0,148,64,10
F043112,Mesa,35-44,3,2146.0,64,60,12
F064907,Scottsdale,18-24,3,2141.0,128,84,10
F018907,Tempe,35-44,3,2138.0,102,68,11
F052940,Out of State,45-54,7,2129.0,86,60,12
F070544,Glendale,25-34,3,2126.0,148,75,10
F032988,Tempe,18-24,14,2125.0,68,99,12
F042194,Chandler,18-24,3,2124.0,89,84,11
F007987,Tempe,45-54,2,2124.0,119,60,9
F035440,Phoenix,18-24,2,2123.0,111,84,10
F022329,Glendale,45-54,6,2119.0,64,87,13
F007675,Phoenix,18-24,3,2118.0,122,100,10
F014672,Mesa,35-44,4,2117.0,64,92,12
F065057,Mesa,35-44,2,2117.0,144,80,9
F071979,Tempe,25-34,3,2115.0,64,60,12
F064694,Phoenix,18-24,3,2112.0,86,76,11
F004626,Scottsdale,35-44,5,2111.0,80,80,11
F030069,Chandler,35-44,4,2107.0,122,80,10
F067194,Gilbert,35-44,5,2107.0,119,73,11
F011035,Scottsdale,25-34,5,2106.0,72,60,11
F050639,Phoenix,45-54,5,2104.0,76,100,12
F021826,Mesa,65+,6,2102.0,64,100,13
F072135,Phoenix,25-34,2,2102.0,64,80,12
F051672,Tucson,18-24,6,2102.0,122,80,11
F028092,Tempe,25-34,4,2099.0,64,84,12
F016645,Mesa,25-34,4,2096.0,86,80,11
F017144,Scottsdale,35-44,2,2096.0,98,80,10
F052316,Tempe,25-34,3,2093.0,111,73,11
F052119,Phoenix,25-34,4,2089.0,86,80,11
F071082,Phoenix,25-34,5,2082.0,107,60,12
F065678,Phoenix,35-44,3,2082.0,64,100,12
F024058,Phoenix,35-44,4,2078.0,76,80,11
F013921,Gilbert,25-34,6,2076.0,68,100,12
F027126,Phoenix,18-24,2,2069.0,128,70,9
F031394,Tempe,18-24,5,2068.0,94,84,11
F065847,Tempe,45-54,6,2067.0,68,92,12
F057123,Phoenix,25-34,5,2066.0,68,64,12
F018735,Phoenix,18-24,3,2062.0,98,69,11
F063046,Chandler,35-44,5,2061.0,94,87,12
F054244,Gilbert,18-24,5,2056.0,80,100,12
F034880,Phoenix,25-34,2,2055.0,76,70,10
F012246,Tempe,35-44,5,2053.0,89,90,11
F059959,Phoenix,35-44,3,2049.0,64,70,12
F047814,Mesa,18-24,5,2046.0,111,73,12
F009543,Tempe,18-24,4,2042.0,80,33,11
F004290,Phoenix,35-44,2,2040.0,114,80,9
F014245,Mesa,25-34,4,2039.0,111,62,11
F062266,Mesa,18-24,2,2038.0,152,37,9
F039980,Peoria,35-44,2,2037.0,89,80,10
F017158,Mesa,35-44,2,2034.0,135,73,9
F009591,Scottsdale,25-34,5,2033.0,107,90,11
F060128,Scottsdale,55-64,3,2031.0,64,80,12
F010641,Scottsdale,25-34,3,2028.0,111,68,11
F041765,Gilbert,45-54,4,2025.0,89,50,11
F055071,Phoenix,45-54,6,2021.0,80,87,12
F012167,Chandler,45-54,2,2020.0,76,60,10
F054333,Out of State,25-34,5,2015.0,135,80,11
F021097,Tempe,35-44,5,2013.0,64,70,12
F023155,Phoenix,35-44,5,2013.0,80,80,11
F065863,Phoenix,35-44,4,2013.0,64,80,12
F008386,Phoenix,25-34,5,2007.0,76,82,11
F061745,Glendale,18-24,2,2007.0,68,60,10
F057256,Out of State,25-34,6,2007.0,76,80,12
F053982,Out of State,18-24,3,2006.0,76,87,11
F027564,Gilbert,18-24,5,2004.0,111,91,11
F016770,Phoenix,55-64,2,2004.0,98,80,10
F042862,Phoenix,18-24,3,2002.0,111,95,11
F034102,Mesa,25-34,2,2002.0,122,60,9
F051304,Peoria,55-64,2,2002.0,119,68,9
F048395,Tucson,18-24,5,2001.0,68,100,12
F007077,Tempe,45-54,2,2000.0,114,60,9
F022440,Phoenix,35-44,3,1997.0,107,95,11
F009308,Scottsdale,25-34,6,1997.0,76,87,12
F065677,Phoenix,25-34,4,1991.0,111,55,11
F037719,Scottsdale,35-44,5,1988.0,80,85,11
F034861,Phoenix,55-64,3,1987.0,94,60,11
F033785,Mesa,35-44,2,1987.0,119,60,9
F051700,Tempe,55-64,5,1986.0,72,76,12
F024263,Out of State,18-24,5,1985.0,114,100,11
F053489,Phoenix,25-34,2,1984.0,141,73,9
F003902,Scottsdale,25-34,5,1983.0,68,60,11
F056564,Tempe,18-24,2,1983.0,158,50,9
F052275,Chandler,18-24,5,1983.0,86,70,12
F022932,Tempe,18-24,4,1982.0,114,69,11
F031802,Tucson,25-34,4,1981.0,98,76,11
F003553,Glendale,45-54,2,1980.0,152,70,9
F022538,Gilbert,25-34,4,1980.0,98,100,11
F031586,Chandler,45-54,5,1978.0,68,100,11
F002909,Phoenix,35-44,3,1978.0,98,80,11
F061466,Phoenix,25-34,2,1973.0,122,50,9
F050790,Tempe,18-24,6,1971.0,94,100,12
F010728,Out of State,18-24,3,1963.0,64,70,12
F060957,Glendale,25-34,3,1962.0,76,60,11
F071106,Tucson,55-64,5,1962.0,107,90,12
F040431,Phoenix,35-44,4,1960.0,64,60,12
F055432,Mesa,45-54,5,1959.0,107,72,12
F057582,Out of State,35-44,4,1957.0,80,80,11
F066315,Glendale,35-44,2,1954.0,158,100,9
F049095,Phoenix,18-24,4,1952.0,68,60,11
F036891,Phoenix,18-24,4,1952.0,64,100,12
F015343,Phoenix,45-54,3,1951.0,80,60,11
F031057,Mesa,45-54,3,1949.0,80,100,11
F051342,Phoenix,45-54,4,1946.0,80,94,11
F066178,Glendale,55-64,3,1944.0,64,60,12
F020425,Scottsdale,45-54,2,1944.0,80,60,10
F024961,Out of State,45-54,5,1942.0,72,73,11
F059855,Phoenix,35-44,3,1941.0,111,72,11
F032155,Phoenix,35-44,3,1940.0,114,47,11
F052446,Mesa,35-44,3,1939.0,122,73,10
F070517,Glendale,55-64,3,1937.0,119,100,10
F064921,Phoenix,35-44,5,1931.0,86,80,12
F009117,Peoria,18-24,5,1929.0,107,80,11
F021284,Phoenix,45-54,4,1926.0,98,100,11
F006862,Tucson,35-44,3,1923.0,119,60,10
F016815,Out of State,18-24,6,1921.0,80,80,12
F035705,Chandler,45-54,3,1921.0,64,60,12
F008708,Peoria,35-44,2,1920.0,107,48,10
F016805,Tempe,35-44,4,1915.0,76,77,11
F012320,Tempe,25-34,5,1913.0,89,71,11
F044473,Tempe,25-34,5,1910.0,64,87,13
F070616,Tucson,25-34,4,1909.0,111,48,11
F048850,Phoenix,25-34,14,1909.0,86,61,12
F025627,Phoenix,25-34,2,1907.0,98,76,10
F040159,Scottsdale,18-24,3,1907.0,102,60,11
F042777,Phoenix,45-54,2,1905.0,141,76,9
F045869,Phoenix,45-54,3,1903.0,111,80,11
F046682,Mesa,65+,3,1903.0,72,60,11
F008282,Out of State,45-54,3,1902.0,76,70,11
F061770,Phoenix,35-44,12,1901.0,80,92,12
F046177,Scottsdale,35-44,5,1901.0,76,68,12
F052432,Scottsdale,18-24,3,1901.0,64,55,12
F047172,Chandler,18-24,3,1895.0,76,37,11
F044147,Tempe,35-44,4,1893.0,68,87,11
F016473,Peoria,35-44,3,1888.0,107,87,11
F018922,Gilbert,25-34,4,1886.0,72,87,11
F014832,Phoenix,55-64,5,1885.0,94,73,11
F057281,Phoenix,55-64,3,1884.0,119,67,10
F050474,Phoenix,18-24,14,1883.0,64,94,13
F031956,Phoenix,45-54,5,1883.0,64,60,12
F030248,Phoenix,45-54,4,1883.0,107,87,11
F066027,Scottsdale,25-34,3,1878.0,144,70,10
F057694,Gilbert,25-34,4,1876.0,86,60,11
F037688,Phoenix,25-34,5,1875.0,89,73,11
F023160,Scottsdale,18-24,4,1875.0,72,82,11
F017480,Phoenix,35-44,2,1873.0,94,100,10
F065689,Glendale,35-44,4,1873.0,76,82,11
F062134,Scottsdale,25-34,5,1871.0,72,75,12
F052826,Phoenix,45-54,6,1870.0,80,60,12
F009374,Phoenix,65+,3,1870.0,107,79,11
F071331,Tempe,18-24,4,1869.0,148,73,10
F048305,Glendale,18-24,2,1868.0,132,61,9
F021467,Phoenix,35-44,4,1865.0,80,92,11
F029924,Phoenix,25-34,2,1864.0,76,60,10
F021000,Out of State,45-54,5,1863.0,89,77,11
F032070,Gilbert,18-24,2,1860.0,80,30,10
F067205,Chandler,35-44,2,1857.0,122,68,9
F018942,Mesa,35-44,5,1857.0,102,100,11
F016677,Tempe,45-54,4,1854.0,107,68,11
F069463,Tucson,35-44,5,1849.0,98,73,12
F028039,Gilbert,45-54,3,1849.0,86,100,11
F072482,Scottsdale,55-64,4,1846.0,80,78,11
F056372,Gilbert,45-54,2,1844.0,114,73,10
F032243,Gilbert,18-24,3,1836.0,86,77,11
F055154,Phoenix,25-34,4,1836.0,76,52,11
F059460,Phoenix,25-34,2,1832.0,80,80,10
F040738,Tempe,55-64,6,1824.0,64,60,13
F019335,Peoria,45-54,2,1817.0,94,80,10
F015983,Mesa,45-54,4,1816.0,68,69,11
F011139,Scottsdale,18-24,3,1816.0,80,73,11
F051609,Scottsdale,18-24,3,1815.0,80,90,11
F019857,Gilbert,35-44,2,1815.0,135,40,9
F014837,Tempe,45-54,4,1812.0,119,70,10
F043015,Phoenix,35-44,4,1811.0,64,62,12
F003514,Phoenix,18-24,2,1808.0,144,68,9
F010722,Mesa,25-34,4,1806.0,122,95,10
F046145,Gilbert,25-34,2,1805.0,132,76,9
F062356,Glendale,18-24,3,1804.0,64,100,12
F024881,Phoenix,18-24,5,1803.0,86,65,11
F071507,Gilbert,25-34,3,1803.0,64,80,12
F027236,Chandler,18-24,4,1802.0,102,85,11
F045951,Mesa,25-34,3,1799.0,86,43,11
F004342,Phoenix,35-44,4,1799.0,102,80,11
F019268,Phoenix,35-44,4,1798.0,72,87,11
F058637,Glendale,18-24,5,1797.0,64,90,13
F050165,Chandler,25-34,6,1797.0,64,80,13
F043113,Scottsdale,25-34,3,1796.0,144,68,10
F062717,Scottsdale,25-34,5,1795.0,107,87,12
F027131,Gilbert,45-54,4,1794.0,141,84,10
F007237,Glendale,35-44,3,1792.0,122,80,10
F013830,Out of State,35-44,5,1792.0,114,73,11
F043346,Scottsdale,35-44,2,1791.0,68,73,10
F004146,Glendale,45-54,2,1790.0,64,58,10
F065104,Scottsdale,65+,4,1788.0,86,100,11
F024571,Scottsdale,55-64,4,1788.0,80,80,11
F061121,Peoria,18-24,2,1788.0,158,100,9
F055761,Scottsdale,25-34,3,1787.0,144,64,10
F063559,Scottsdale,35-44,5,1786.0,89,75,12
F062456,Phoenix,35-44,2,1785.0,102,100,10
F026747,Out of State,45-54,6,1782.0,64,100,13
F049718,Glendale,45-54,4,1782.0,119,81,10
F058707,Tempe,45-54,4,1779.0,102,100,11
F007118,Scottsdale,35-44,2,1778.0,144,80,9
F072300,Phoenix,18-24,2,1777.0,114,60,11
F069994,Out of State,35-44,4,1773.0,86,60,11
F068210,Tempe,35-44,4,1772.0,64,100,12
F063894,Peoria,55-64,3,1769.0,68,87,11
F025023,Phoenix,25-34,3,1768.0,144,77,10
F036745,Phoenix,45-54,2,1768.0,68,60,10
F033059,Phoenix,18-24,5,1767.0,76,75,11
F018712,Gilbert,35-44,3,1766.0,122,81,10
F044513,Phoenix,35-44,3,1765.0,132,68,10
F033023,Out of State,18-24,5,1764.0,98,75,11
F044720,Glendale,35-44,5,1762.0,89,70,12
F011778,Chandler,45-54,4,1762.0,76,76,11
F057836,Out of State,35-44,3,1761.0,72,84,11
F043576,Phoenix,55-64,5,1761.0,94,54,12
F016467,Phoenix,35-44,11,1761.0,64,87,13
F035176,Gilbert,55-64,2,1759.0,72,56,10
F032315,Scottsdale,45-54,2,1759.0,80,60,10
F069506,Scottsdale,18-24,5,1757.0,102,100,12
F067432,Glendale,45-54,3,1757.0,144,83,10
F036052,Chandler,35-44,3,1756.0,102,87,11
F020196,Scottsdale,45-54,2,1756.0,141,80,9
F029631,Mesa,45-54,3,1755.0,64,80,12
F014772,Phoenix,35-44,4,1754.0,94,80,11
F004225,Tucson,18-24,2,1752.0,144,73,9
F051275,Mesa,25-34,4,1751.0,80,100,11
F025969,Tempe,18-24,4,1751.0,111,90,11
F048817,Tempe,25-34,4,1751.0,107,92,11
F062331,Phoenix,35-44,3,1751.0,141,73,10
F026148,Phoenix,18-24,3,1750.0,76,87,11
F021369,Gilbert,35-44,4,1749.0,98,46,11
F064067,Phoenix,25-34,5,1748.0,64,80,13
F062582,Phoenix,35-44,3,1743.0,135,83,10
F010681,Phoenix,55-64,3,1742.0,64,60,12
F068850,Phoenix,25-34,13,1742.0,72,95,12
F066257,Chandler,35-44,4,1741.0,72,100,11
F033871,Tempe,35-44,4,1737.0,114,80,11
F006405,Phoenix,25-34,3,1736.0,64,43,12
F048581,Mesa,55-64,3,1736.0,64,80,12
F013246,Phoenix,25-34,3,1735.0,122,76,10
F057488,Gilbert,45-54,3,1735.0,122,44,10
F005594,Mesa,45-54,5,1733.0,111,100,11
F065547,Phoenix,18-24,3,1733.0,119,84,10
F011788,Scottsdale,25-34,3,1732.0,128,78,10
F058440,Phoenix,45-54,3,1731.0,128,71,10
F017673,Gilbert,25-34,5,1728.0,89,60,11
F023204,Scottsdale,25-34,4,1727.0,98,73,11
F027373,Phoenix,25-34,5,1726.0,68,73,11
F068787,Phoenix,35-44,2,1726.0,111,100,10
F051316,Chandler,35-44,5,1724.0,64,100,13
F066023,Chandler,45-54,3,1722.0,114,83,11
F038940,Phoenix,35-44,2,1720.0,114,60,10
F055485,Scottsdale,55-64,4,1720.0,64,73,12
F041209,Glendale,55-64,9,1720.0,86,54,12
F024985,Peoria,25-34,3,1719.0,119,60,10
F046265,Phoenix,25-34,3,1719.0,64,48,12
F006321,Glendale,25-34,3,1718.0,72,80,11
F013823,Scottsdale,35-44,5,1718.0,68,100,11
F004916,Phoenix,35-44,5,1713.0,72,80,11
F060813,Glendale,18-24,2,1713.0,64,100,11
F056679,Phoenix,35-44,3,1712.0,94,94,11
F064528,Mesa,45-54,2,1710.0,122,80,9
F030826,Phoenix,25-34,3,1710.0,119,60,10
F022951,Chandler,45-54,3,1709.0,64,60,12
F036172,Chandler,25-34,3,1708.0,68,60,11
F067742,Scottsdale,35-44,2,1707.0,102,33,10
F011299,Gilbert,18-24,3,1707.0,86,60,11
F057536,Glendale,25-34,4,1707.0,107,80,11
F033397,Peoria,35-44,3,1707.0,86,73,11
F042392,Out of State,18-24,4,1707.0,94,60,11
F008052,Scottsdale,18-24,2,1706.0,128,68,9
F038887,Phoenix,18-24,4,1705.0,68,100,11
F013237,Mesa,35-44,3,1705.0,80,87,11
F006863,Phoenix,45-54,4,1699.0,111,60,11
F068798,Peoria,65+,4,1698.0,72,90,11
F008493,Glendale,45-54,4,1696.0,76,57,11
F067809,Scottsdale,35-44,3,1696.0,135,87,10
F069062,Phoenix,25-34,4,1696.0,111,45,11
F024003,Mesa,25-34,3,1696.0,80,73,11
F019876,Gilbert,25-34,4,1694.0,72,60,11
F038293,Phoenix,18-24,4,1692.0,141,55,10
F050415,Out of State,25-34,5,1692.0,64,84,13
F042056,Phoenix,45-54,4,1692.0,107,87,11
F028795,Phoenix,25-34,13,1691.0,80,85,12
F053954,Chandler,35-44,2,1690.0,98,100,10
F032541,Scottsdale,25-34,3,1689.0,86,73,11
F069927,Phoenix,35-44,3,1688.0,132,84,10
F072546,Phoenix,45-54,5,1687.0,86,87,12
F040733,Phoenix,25-34,2,1686.0,89,87,10
F049199,Peoria,55-64,2,1685.0,102,74,10
F020131,Glendale,18-24,6,1685.0,68,100,12
F041681,Out of State,25-34,2,1685.0,64,100,11
F072655,Scottsdale,35-44,4,1683.0,111,73,11
F031472,Mesa,35-44,3,1682.0,144,73,10
F055772,Tempe,35-44,4,1681.0,76,87,11
F015332,Tempe,55-64,5,1679.0,132,68,10
F056806,Phoenix,35-44,3,1679.0,72,38,11
F059375,Glendale,25-34,5,1679.0,80,82,12
F049209,Tucson,25-34,8,1677.0,94,60,12
F058253,Out of State,18-24,4,1676.0,86,100,11
F030780,Out of State,18-24,5,1675.0,98,71,11
F022226,Mesa,25-34,11,1670.0,80,80,12
F035138,Mesa,25-34,4,1670.0,64,60,12
F055137,Phoenix,18-24,2,1670.0,119,60,9
F030093,Phoenix,25-34,5,1668.0,76,60,11
F020505,Tucson,45-54,3,1667.0,128,100,10
F008980,Mesa,35-44,2,1666.0,76,60,10
F003060,Phoenix,45-54,5,1665.0,64,60,11
F063976,Mesa,45-54,5,1663.0,128,90,11
F029545,Gilbert,25-34,3,1663.0,102,100,11
F040315,Mesa,65+,3,1663.0,76,60,11
F068681,Chandler,45-54,2,1661.0,111,60,10
F063537,Gilbert,45-54,4,1661.0,107,95,11
F007756,Phoenix,35-44,5,1660.0,80,80,11
F048452,Chandler,35-44,4,1655.0,114,60,11
F053818,Tempe,18-24,4,1654.0,111,49,11
F014815,Scottsdale,18-24,2,1654.0,111,100,10
F024949,Phoenix,35-44,4,1653.0,64,60,12
F013777,Phoenix,18-24,2,1651.0,76,93,10
F055541,Mesa,18-24,2,1651.0,111,100,10
F004289,Out of State,35-44,3,1650.0,132,71,10
F003360,Tempe,25-34,4,1650.0,76,66,11
F056703,Phoenix,45-54,2,1649.0,94,84,10
F050044,Phoenix,35-44,4,1649.0,64,73,12
F020031,Mesa,25-34,2,1647.0,122,73,9
F026053,Chandler,35-44,4,1647.0,64,54,12
F047629,Chandler,18-24,2,1646.0,144,87,9
F035893,Glendale,35-44,2,1645.0,98,80,10
F047481,Phoenix,25-34,5,1645.0,76,76,12
F066881,Mesa,45-54,4,1644.0,107,45,11
F011283,Phoenix,35-44,2,1642.0,86,100,10
F018513,Mesa,45-54,5,1640.0,64,60,12
F021274,Peoria,25-34,4,1640.0,64,80,12
F029345,Chandler,25-34,2,1639.0,64,60,11
F023118,Phoenix,25-34,3,1638.0,111,60,11
F013454,Scottsdale,25-34,4,1638.0,72,60,11
F056541,Mesa,25-34,4,1637.0,80,90,11
F014273,Peoria,35-44,4,1636.0,68,60,11
F049992,Phoenix,35-44,3,1630.0,111,80,11
F057594,Phoenix,35-44,2,1629.0,102,87,10
F043129,Tempe,35-44,2,1627.0,107,88,10
F003048,Tempe,18-24,3,1625.0,111,70,11
F045445,Phoenix,55-64,5,1625.0,119,68,11
F015652,Peoria,35-44,2,1624.0,98,60,10
F066959,Scottsdale,45-54,2,1624.0,144,90,9
F066279,Peoria,25-34,4,1624.0,86,84,11
F065734,Mesa,45-54,2,1623.0,128,87,9
F048035,Scottsdale,18-24,3,1622.0,114,60,11
F012673,Out of State,18-24,2,1621.0,86,80,10
F030056,Out of State,35-44,2,1620.0,141,77,9
F065022,Out of State,25-34,2,1620.0,141,90,9
F036839,Chandler,35-44,3,1619.0,80,72,11
F056248,Mesa,45-54,5,1618.0,114,100,12
F018456,Mesa,18-24,3,1618.0,114,60,11
F022078,Chandler,45-54,3,1616.0,111,90,11
F048657,Tucson,35-44,4,1615.0,68,55,11
F066364,Gilbert,35-44,3,1614.0,64,60,12
F036351,Mesa,35-44,2,1611.0,132,73,9
F011354,Tempe,45-54,4,1609.0,72,60,11
F013822,Mesa,35-44,4,1608.0,102,95,11
F025869,Chandler,45-54,3,1607.0,76,80,11
F072779,Mesa,35-44,9,1607.0,80,61,12
F010081,Chandler,35-44,3,1606.0,152,76,10
F058489,Mesa,25-34,5,1606.0,76,50,12
F037552,Phoenix,35-44,4,1603.0,94,84,11
F039709,Mesa,18-24,8,1602.0,80,87,12
F016935,Chandler,45-54,5,1599.0,102,60,11
F003148,Scottsdale,35-44,2,1599.0,148,80,9
F008960,Glendale,35-44,4,1598.0,72,60,11
F036058,Tempe,18-24,3,1597.0,144,73,10
F072124,Phoenix,55-64,3,1594.0,86,60,11
F003757,Mesa,18-24,3,1592.0,68,93,11
F071929,Tempe,35-44,2,1591.0,86,87,11
F047365,Phoenix,45-54,6,1586.0,94,100,12
F034101,Phoenix,25-34,3,1578.0,141,76,10
F059023,Chandler,35-44,2,1578.0,64,73,11
F013581,Phoenix,35-44,3,1576.0,86,73,11
F027853,Phoenix,35-44,3,1575.0,86,80,11
F044212,Scottsdale,18-24,5,1573.0,98,55,12
F054897,Out of State,35-44,6,1573.0,98,100,12
F034424,Chandler,25-34,2,1571.0,119,73,9
F022217,Phoenix,18-24,2,1569.0,128,80,9
F027396,Scottsdale,25-34,12,1569.0,94,100,12
F048044,Phoenix,35-44,2,1568.0,72,60,10
F028300,Mesa,25-34,5,1568.0,89,73,11
F014335,Phoenix,35-44,2,1567.0,98,100,10
F037332,Out of State,18-24,2,1567.0,80,76,10
F037346,Phoenix,25-34,3,1566.0,68,80,11
F062723,Glendale,45-54,3,1566.0,80,84,11
F068277,Chandler,35-44,3,1565.0,102,84,11
F022494,Scottsdale,55-64,2,1565.0,76,87,10
F056432,Peoria,18-24,2,1565.0,76,70,10
F033313,Phoenix,18-24,9,1565.0,89,60,12
F004548,Scottsdale,18-24,3,1562.0,86,80,11
F036404,Phoenix,18-24,2,1560.0,114,17,10
F032323,Phoenix,25-34,5,1560.0,111,70,11
F048920,Tempe,45-54,2,1560.0,64,73,11
F066282,Mesa,18-24,5,1559.0,72,60,12
F025001,Scottsdale,25-34,2,1558.0,119,92,9
F067247,Out of State,35-44,4,1557.0,135,79,10
F004994,Chandler,25-34,4,1557.0,89,73,11
F066950,Tempe,25-34,4,1554.0,107,71,11
F028285,Phoenix,35-44,2,1554.0,122,60,9
F005168,Mesa,25-34,3,1549.0,86,80,11
F071167,Peoria,18-24,3,1545.0,68,60,11
F017958,Chandler,45-54,3,1545.0,128,57,10
F007362,Out of State,18-24,4,1544.0,64,100,12
F030938,Tucson,35-44,3,1543.0,122,90,9
F064882,Tempe,35-44,3,1540.0,86,68,10
F041974,Phoenix,45-54,4,1540.0,64,60,11
F052090,Gilbert,25-34,4,1540.0,86,80,10
F064397,Phoenix,45-54,3,1539.0,64,80,11
F013723,Phoenix,25-34,3,1539.0,80,80,10
F023855,Glendale,35-44,3,1537.0,107,36,10
F038635,Phoenix,25-34,2,1536.0,148,58,8
F046442,Phoenix,35-44,2,1535.0,76,100,9
F007115,Tempe,18-24,2,1535.0,94,73,9
F029915,Chandler,25-34,4,1534.0,111,88,10
F040307,Scottsdale,18-24,4,1534.0,94,80,10
F047977,Phoenix,35-44,5,1533.0,86,80,11
F068159,Phoenix,35-44,3,1531.0,68,100,10
F053216,Mesa,35-44,4,1529.0,76,48,10
F044584,Scottsdale,35-44,12,1528.0,68,54,11
F022991,Out of State,45-54,4,1527.0,114,67,10
F012087,Phoenix,35-44,2,1526.0,122,60,8
F026441,Gilbert,18-24,12,1526.0,80,95,11
F020549,Phoenix,35-44,4,1525.0,98,54,10
F019075,Gilbert,35-44,2,1524.0,98,73,9
F031618,Mesa,35-44,5,1524.0,86,76,10
F062335,Phoenix,18-24,2,1523.0,68,80,9
F061417,Scottsdale,25-34,2,1521.0,114,63,9
F058388,Scottsdale,35-44,2,1521.0,64,100,10
F027156,Phoenix,25-34,3,1521.0,148,70,9
F026116,Chandler,18-24,3,1519.0,86,100,10
F012826,Glendale,55-64,3,1516.0,111,60,10
F058248,Scottsdale,25-34,3,1514.0,76,73,10
F068206,Tempe,18-24,2,1512.0,98,80,9
F008909,Tempe,65+,4,1511.0,98,60,10
F021108,Phoenix,35-44,4,1509.0,89,68,10
F010142,Peoria,25-34,2,1508.0,64,50,10
F062885,Glendale,18-24,4,1503.0,128,60,9
F056910,Chandler,35-44,2,1500.0,80,80,9
F067804,Scottsdale,35-44,2,1500.0,64,60,10
F061588,Tempe,45-54,2,1499.0,111,40,9
F035461,Scottsdale,25-34,4,1497.0,135,84,9
F027806,Peoria,18-24,2,1497.0,64,80,10
F043654,Phoenix,18-24,2,1496.0,98,47,9
F049340,Mesa,18-24,3,1496.0,111,87,10
F033292,Glendale,35-44,14,1494.0,72,78,11
F047529,Phoenix,25-34,4,1493.0,76,80,10
F020060,Mesa,35-44,4,1492.0,68,60,10
F040379,Tempe,35-44,2,1491.0,86,80,9
F058828,Chandler,45-54,9,1490.0,76,96,11
F037651,Glendale,55-64,2,1489.0,148,76,8
F035845,Scottsdale,35-44,2,1488.0,148,87,8
F041042,Chandler,35-44,3,1487.0,119,64,9
F003677,Phoenix,25-34,4,1487.0,111,83,10
F030745,Phoenix,18-24,3,1485.0,76,75,10
F037800,Tempe,55-64,2,1484.0,152,70,8
F057860,Glendale,25-34,2,1483.0,64,70,10
F025513,Scottsdale,45-54,2,1482.0,94,87,9
F029456,Gilbert,18-24,3,1481.0,94,73,10
F025670,Out of State,18-24,5,1481.0,111,87,10
F057805,Glendale,25-34,3,1481.0,76,84,10
F016546,Phoenix,25-34,3,1481.0,107,60,10
F029141,Glendale,45-54,3,1481.0,107,94,10
F034448,Mesa,35-44,3,1480.0,122,90,9
F028063,Mesa,35-44,4,1479.0,64,71,11
F051246,Scottsdale,18-24,3,1479.0,72,73,10
F011399,Phoenix,18-24,2,1479.0,122,73,8
F040710,Scottsdale,35-44,3,1478.0,64,87,11
F056159,Scottsdale,35-44,3,1477.0,64,71,11
F025726,Phoenix,35-44,4,1477.0,89,100,10
F025186,Mesa,45-54,3,1477.0,148,81,9
F036994,Glendale,25-34,5,1477.0,111,87,10
F053885,Phoenix,35-44,3,1475.0,64,77,11
F024724,Phoenix,25-34,4,1474.0,94,80,10
F064742,Tempe,35-44,3,1474.0,119,79,9
F062229,Out of State,25-34,2,1473.0,80,70,9
F063954,Glendale,18-24,2,1473.0,135,87,8
F015940,Out of State,18-24,2,1473.0,148,76,8
F031832,Scottsdale,55-64,2,1473.0,68,45,9
F065632,Glendale,25-34,3,1472.0,128,87,9
F049029,Phoenix,45-54,2,1472.0,122,60,8
F064986,Tempe,35-44,4,1471.0,72,82,10
F051321,Phoenix,35-44,12,1470.0,68,100,11
F019970,Scottsdale,25-34,3,1467.0,119,77,9
F006606,Out of State,25-34,4,1467.0,119,77,9
F006843,Gilbert,25-34,3,1467.0,94,53,10
F055649,Gilbert,45-54,2,1464.0,64,60,10
F022401,Phoenix,35-44,3,1461.0,122,87,9
F049642,Phoenix,45-54,3,1460.0,68,60,10
F004384,Scottsdale,35-44,3,1460.0,111,100,10
F029117,Phoenix,18-24,9,1459.0,86,60,11
F022455,Scottsdale,18-24,2,1459.0,76,81,9
F013182,Phoenix,18-24,3,1457.0,119,70,9
F027181,Phoenix,25-34,2,1457.0,144,80,8
F026175,Scottsdale,25-34,4,1454.0,86,80,10
F071054,Phoenix,25-34,3,1452.0,64,30,11
F018480,Glendale,35-44,2,1451.0,64,80,10
F052739,Peoria,18-24,2,1450.0,111,100,9
F036128,Mesa,35-44,2,1449.0,64,70,10
F057828,Mesa,18-24,3,1449.0,94,100,10
F006757,Tucson,35-44,2,1449.0,102,90,9
F008906,Phoenix,35-44,12,1447.0,64,80,12
F034365,Tempe,45-54,2,1447.0,64,52,10
F054634,Mesa,45-54,2,1447.0,114,63,9
F019400,Mesa,35-44,3,1446.0,135,56,9
F066387,Tempe,35-44,2,1446.0,72,85,9
F017905,Scottsdale,35-44,3,1446.0,64,76,11
F026075,Tucson,25-34,2,1445.0,72,87,9
F041601,Mesa,25-34,3,1444.0,122,73,9
F055234,Phoenix,25-34,3,1444.0,89,77,10
F065614,Tempe,25-34,3,1444.0,80,76,10
F064891,Phoenix,18-24,3,1443.0,111,90,10
F065679,Phoenix,25-34,2,1439.0,111,80,9
F017159,Out of State,18-24,2,1439.0,162,68,8
F050938,Glendale,18-24,2,1437.0,80,60,9
F034622,Phoenix,25-34,3,1435.0,102,80,10
F052519,Peoria,35-44,2,1435.0,94,84,9
F053915,Gilbert,18-24,2,1434.0,102,100,9
F009896,Gilbert,25-34,3,1434.0,122,80,9
F062753,Phoenix,18-24,3,1434.0,102,59,10
F070140,Scottsdale,25-34,2,1434.0,94,70,9
F015452,Phoenix,45-54,4,1434.0,86,60,10
F041090,Tucson,18-24,4,1433.0,64,88,11
F019627,Phoenix,55-64,3,1433.0,128,76,9
F042386,Mesa,25-34,10,1430.0,64,80,12
F055929,Out of State,25-34,3,1428.0,135,76,9
F043683,Peoria,25-34,4,1428.0,80,87,10
F063785,Scottsdale,55-64,2,1426.0,128,87,8
F022364,Chandler,25-34,3,1426.0,102,60,10
F067256,Peoria,55-64,5,1425.0,89,78,11
F060776,Glendale,35-44,3,1425.0,64,50,11
F046826,Phoenix,55-64,4,1420.0,80,60,10
F014918,Phoenix,35-44,4,1419.0,72,53,10
F026896,Gilbert,45-54,4,1419.0,86,73,10
F071698,Phoenix,18-24,4,1414.0,86,80,10
F038132,Scottsdale,25-34,3,1412.0,119,60,9
F060282,Phoenix,45-54,2,1411.0,128,80,8
F071312,Tempe,35-44,2,1410.0,128,60,9
F062439,Tucson,25-34,3,1408.0,119,73,9
F064500,Gilbert,25-34,3,1408.0,122,80,9
F023841,Phoenix,18-24,3,1407.0,144,76,9
F003445,Out of State,45-54,2,1406.0,132,68,8
F062553,Gilbert,45-54,3,1405.0,128,100,9
F005411,Tempe,18-24,4,1405.0,128,49,9
F007189,Glendale,45-54,2,1404.0,76,90,9
F024501,Tempe,18-24,3,1403.0,132,60,9
F052059,Phoenix,35-44,2,1402.0,141,60,8
F057583,Phoenix,45-54,4,1402.0,111,70,10
F004466,Phoenix,25-34,2,1400.0,86,60,9
F057780,Phoenix,18-24,2,1399.0,86,73,9
F068959,Phoenix,25-34,3,1398.0,107,80,10
F068172,Scottsdale,65+,3,1398.0,64,100,11
F015190,Gilbert,25-34,3,1396.0,72,84,10
F019025,Tucson,25-34,3,1395.0,64,77,11
F004003,Phoenix,18-24,3,1394.0,114,100,9
F011951,Gilbert,25-34,2,1394.0,64,70,10
F046510,Phoenix,35-44,2,1394.0,128,60,8
F049258,Chandler,35-44,10,1393.0,86,98,11
F018411,Tempe,35-44,5,1391.0,80,53,10
F021476,Mesa,35-44,2,1390.0,111,60,9
F054713,Glendale,25-34,3,1390.0,114,90,10
F056562,Phoenix,35-44,2,1389.0,141,70,8
F051042,Phoenix,35-44,3,1389.0,111,100,10
F031781,Phoenix,25-34,3,1388.0,128,68,9
F017078,Mesa,25-34,3,1388.0,132,84,9
F030435,Peoria,18-24,3,1388.0,76,76,10
F020875,Peoria,25-34,3,1388.0,76,80,10
F039143,Glendale,55-64,5,1388.0,89,60,10
F057316,Gilbert,45-54,4,1386.0,68,61,10
F060056,Chandler,25-34,2,1386.0,119,80,8
F047926,Scottsdale,65+,2,1385.0,64,90,10
F018020,Phoenix,25-34,3,1384.0,132,71,9
F023867,Tempe,55-64,2,1384.0,111,94,9
F006338,Tempe,25-34,2,1382.0,64,80,10
F006265,Out of State,25-34,4,1382.0,94,74,10
F067995,Scottsdale,25-34,11,1381.0,76,60,11
F021985,Scottsdale,45-54,3,1380.0,76,60,10
F017730,Gilbert,25-34,3,1380.0,94,75,10
F016310,Mesa,35-44,4,1379.0,111,73,10
F005896,Gilbert,18-24,3,1378.0,80,80,10
F068595,Tempe,18-24,3,1376.0,64,42,11
F025394,Phoenix,18-24,3,1375.0,86,80,10
F032298,Phoenix,35-44,4,1375.0,89,80,10
F053702,Chandler,45-54,2,1375.0,119,73,8
F048611,Tucson,55-64,2,1374.0,144,84,8
F030794,Glendale,25-34,3,1373.0,144,48,9
F044643,Scottsdale,35-44,4,1373.0,86,84,10
F068235,Tempe,35-44,3,1372.0,64,80,11
F046379,Mesa,45-54,4,1370.0,111,73,10
F062216,Glendale,25-34,4,1370.0,102,74,10
F031186,Tucson,45-54,2,1369.0,107,100,9
F038640,Out of State,25-34,3,1369.0,76,37,10
F032945,Gilbert,45-54,5,1368.0,72,60,10
F044962,Scottsdale,35-44,3,1366.0,114,87,10
F018488,Phoenix,25-34,2,1366.0,114,80,9
F039170,Glendale,35-44,2,1365.0,80,15,9
F043170,Gilbert,25-34,2,1364.0,111,85,9
F068534,Gilbert,18-24,2,1364.0,111,36,9
F043941,Gilbert,35-44,5,1364.0,114,60,11
F052044,Mesa,18-24,10,1364.0,72,95,11
F053020,Tucson,35-44,2,1364.0,64,73,10
F069543,Tempe,18-24,3,1363.0,80,60,10
F030060,Phoenix,18-24,3,1362.0,98,76,10
F045087,Phoenix,25-34,3,1362.0,102,80,10
F048605,Phoenix,25-34,2,1362.0,86,100,9
F029455,Scottsdale,18-24,2,1361.0,135,60,8
F060429,Chandler,35-44,12,1360.0,89,92,11
F027767,Out of State,18-24,3,1359.0,64,100,11
F052828,Phoenix,18-24,2,1358.0,86,80,9
F016643,Phoenix,35-44,3,1355.0,122,76,9
F050466,Phoenix,25-34,2,1355.0,141,50,8
F042681,Phoenix,25-34,5,1355.0,86,73,11
F009388,Tempe,35-44,4,1355.0,64,60,11
F009652,Out of State,35-44,4,1354.0,122,60,9
F037289,Scottsdale,45-54,2,1354.0,141,87,8
F069142,Phoenix,18-24,3,1354.0,122,87,9
F010986,Out of State,25-34,2,1351.0,80,80,9
F020561,Chandler,18-24,2,1351.0,64,90,10
F009638,Mesa,45-54,2,1349.0,148,70,8
F003385,Chandler,35-44,2,1349.0,132,90,8
F065396,Tempe,18-24,4,1349.0,98,93,10
F029544,Tucson,45-54,2,1349.0,80,87,9
F045799,Mesa,35-44,3,1348.0,114,100,10
F050777,Phoenix,18-24,3,1347.0,98,67,10
F037671,Phoenix,35-44,6,1345.0,64,87,12
F040621,Gilbert,18-24,2,1345.0,102,60,9
F051161,Glendale,45-54,3,1345.0,102,50,10
F011647,Out of State,25-34,2,1345.0,76,60,9
F007641,Chandler,25-34,2,1342.0,107,84,9
F005246,Phoenix,25-34,3,1342.0,98,80,10
F062197,Chandler,35-44,2,1341.0,107,80,9
F030030,Out of State,45-54,5,1341.0,68,100,10
F021246,Tucson,18-24,3,1340.0,128,67,9
F062321,Tempe,35-44,3,1340.0,72,100,10
F068392,Glendale,35-44,10,1339.0,94,87,11
F039304,Phoenix,25-34,2,1338.0,76,73,9
F014979,Tempe,45-54,4,1337.0,98,80,10
F069534,Peoria,18-24,3,1336.0,94,80,10
F071642,Mesa,45-54,2,1336.0,80,84,10
F033186,Chandler,45-54,2,1335.0,122,73,8
F035197,Phoenix,18-24,9,1334.0,94,90,11
F009327,Phoenix,25-34,11,1334.0,64,96,12
F013142,Peoria,18-24,3,1334.0,64,100,11
F041411,Phoenix,55-64,2,1334.0,141,73,8
F059973,Phoenix,45-54,3,1334.0,122,71,9
F016246,Mesa,25-34,4,1333.0,86,68,10
F032403,Mesa,55-64,3,1330.0,76,100,10
F056558,Tucson,25-34,3,1330.0,72,60,10
F063877,Gilbert,18-24,2,1329.0,122,100,8
F039683,Phoenix,18-24,2,1329.0,144,80,8
F036296,Gilbert,25-34,3,1329.0,111,76,10
F002918,Gilbert,18-24,10,1328.0,72,85,11
F046102,Tempe,18-24,2,1328.0,119,60,8
F066652,Phoenix,35-44,3,1327.0,64,100,11
F049253,Chandler,25-34,3,1327.0,76,93,10
F066351,Phoenix,25-34,2,1325.0,148,70,8
F011622,Mesa,25-34,2,1323.0,72,60,9
F055581,Glendale,25-34,2,1323.0,128,76,8
F063510,Phoenix,35-44,3,1322.0,72,100,10
F033050,Tucson,18-24,5,1322.0,98,76,10
F024565,Gilbert,35-44,3,1321.0,64,60,11
F035798,Glendale,25-34,2,1320.0,114,80,9
F029220,Phoenix,25-34,2,1320.0,80,70,9
F071414,Glendale,45-54,4,1320.0,68,100,10
F035054,Gilbert,45-54,3,1319.0,128,25,9
F009919,Phoenix,25-34,2,1318.0,80,80,9
F062706,Mesa,35-44,3,1318.0,72,60,10
F064374,Mesa,25-34,2,1318.0,144,77,8
F066684,Chandler,55-64,2,1315.0,111,60,9
F004511,Tucson,35-44,4,1314.0,64,71,10
F004855,Chandler,18-24,5,1314.0,89,90,10
F066856,Chandler,45-54,2,1311.0,80,17,9
F005815,Phoenix,45-54,2,1311.0,141,52,8
F059782,Gilbert,35-44,9,1311.0,98,88,11
F012929,Phoenix,45-54,2,1310.0,132,73,8
F011329,Mesa,25-34,2,1310.0,94,60,9
F055679,Gilbert,45-54,2,1308.0,89,87,9
F027368,Phoenix,55-64,2,1307.0,122,43,8
F051660,Mesa,25-34,2,1306.0,111,60,9
F012203,Phoenix,35-44,2,1305.0,86,53,9
F005942,Peoria,35-44,5,1304.0,68,73,10
F013028,Phoenix,35-44,2,1302.0,102,100,9
F038319,Tempe,25-34,3,1302.0,111,87,10
F070609,Phoenix,35-44,3,1302.0,72,90,10
F059307,Phoenix,25-34,3,1299.0,107,60,10
F023506,Phoenix,45-54,3,1299.0,80,60,10
F062233,Phoenix,25-34,2,1299.0,89,100,9
F060224,Glendale,18-24,5,1297.0,86,80,11
F022768,Phoenix,25-34,2,1296.0,76,87,9
F021384,Phoenix,45-54,2,1296.0,148,63,8
F015417,Peoria,35-44,4,1296.0,76,80,10
F009259,Mesa,55-64,4,1295.0,114,80,9
F027524,Chandler,45-54,2,1294.0,98,80,9
F069566,Chandler,25-34,3,1294.0,122,70,9
F020870,Glendale,18-24,3,1294.0,141,68,9
F020517,Glendale,18-24,2,1293.0,64,60,10
F056185,Mesa,35-44,2,1293.0,64,60,10
F060144,Scottsdale,55-64,3,1292.0,86,80,10
F035127,Mesa,18-24,3,1290.0,76,68,10
F043084,Phoenix,45-54,3,1289.0,122,87,9
F026376,Scottsdale,25-34,2,1289.0,86,87,9
F058790,Phoenix,55-64,3,1288.0,98,100,10
F035669,Phoenix,35-44,4,1287.0,68,73,10
F018300,Gilbert,55-64,4,1287.0,111,100,10
F039838,Tempe,35-44,2,1286.0,86,73,9
F039846,Tempe,25-34,4,1285.0,102,100,10
F035722,Mesa,18-24,2,1285.0,76,100,9
F014120,Phoenix,35-44,3,1284.0,132,68,9
F024615,Phoenix,45-54,2,1284.0,152,68,8
F048047,Scottsdale,35-44,3,1284.0,86,60,10
F019131,Scottsdale,35-44,3,1283.0,132,87,9
F072824,Gilbert,35-44,5,1283.0,68,100,11
F042080,Out of State,18-24,2,1283.0,107,22,9
F012090,Phoenix,35-44,2,1282.0,114,60,8
F033084,Phoenix,18-24,4,1282.0,144,100,9
F009901,Gilbert,45-54,3,1280.0,122,80,9
F005569,Glendale,25-34,2,1280.0,144,84,8
F012977,Peoria,45-54,4,1278.0,119,79,9
F041295,Chandler,45-54,3,1278.0,148,68,9
F016861,Tempe,18-24,2,1277.0,122,100,8
F016676,Gilbert,18-24,3,1274.0,94,87,10
F015519,Phoenix,25-34,3,1272.0,80,60,10
F019784,Scottsdale,35-44,3,1272.0,122,68,9
F034163,Peoria,35-44,2,1271.0,64,84,10
F053243,Chandler,25-34,5,1271.0,68,60,11
F069137,Glendale,35-44,4,1271.0,98,43,10
F055526,Peoria,55-64,2,1267.0,89,87,9
F007729,Out of State,55-64,3,1266.0,86,72,10
F013570,Gilbert,45-54,2,1266.0,102,58,9
F008889,Tucson,35-44,2,1266.0,144,76,8
F042017,Tucson,25-34,8,1263.0,76,98,11
F031768,Phoenix,35-44,4,1261.0,76,60,10
F044757,Phoenix,18-24,2,1260.0,94,33,9
F059755,Mesa,45-54,5,1260.0,72,47,11
F027277,Scottsdale,45-54,2,1260.0,122,80,8
F045634,Scottsdale,35-44,3,1259.0,141,71,9
F070102,Tempe,25-34,3,1259.0,64,80,11
F016087,Chandler,35-44,3,1259.0,86,90,10
F060684,Phoenix,35-44,2,1257.0,141,76,8
F040610,Glendale,25-34,2,1256.0,94,80,9
F022847,Chandler,45-54,2,1256.0,98,100,9
F034613,Phoenix,25-34,2,1254.0,102,80,9
F041670,Glendale,35-44,8,1253.0,111,68,11
F033220,Phoenix,25-34,3,1253.0,64,100,11
F015162,Mesa,18-24,2,1253.0,114,80,9
F064778,Out of State,35-44,3,1251.0,107,100,10
F051668,Tucson,25-34,2,1251.0,119,80,8
F052143,Tempe,18-24,2,1251.0,68,73,9
F061120,Chandler,35-44,2,1251.0,86,100,9
F014879,Phoenix,25-34,2,1251.0,98,100,9
F008027,Phoenix,45-54,2,1249.0,64,87,10
F004783,Gilbert,18-24,3,1248.0,76,80,10
F045698,Tempe,35-44,3,1248.0,64,87,11
F022642,Mesa,25-34,2,1247.0,141,26,8
F035676,Phoenix,45-54,2,1247.0,148,90,8
F056813,Chandler,45-54,10,1247.0,80,85,11
F065598,Gilbert,55-64,10,1246.0,94,87,11
F016340,Out of State,45-54,3,1246.0,80,63,10
F025267,Out of State,25-34,2,1245.0,94,90,9
F016389,Phoenix,55-64,3,1244.0,119,54,9
F021959,Mesa,25-34,2,1244.0,64,60,10
F052409,Scottsdale,35-44,2,1244.0,102,80,9
F023768,Mesa,18-24,6,1242.0,64,84,12
F005031,Gilbert,35-44,4,1241.0,132,92,9
F005711,Chandler,25-34,3,1241.0,122,60,9
F016287,Scottsdale,18-24,3,1241.0,80,65,10
F015034,Phoenix,25-34,3,1240.0,107,70,10
F026749,Chandler,25-34,3,1240.0,111,87,10
F034179,Scottsdale,55-64,4,1240.0,86,80,10
F055495,Peoria,45-54,2,1239.0,89,73,9
F024576,Phoenix,35-44,2,1239.0,119,48,8
F034293,Peoria,35-44,2,1238.0,114,70,9
F008449,Mesa,45-54,4,1238.0,119,48,9
F064023,Peoria,35-44,3,1237.0,114,51,10
F042614,Phoenix,55-64,2,1237.0,119,60,8
F051654,Phoenix,35-44,2,1236.0,64,80,10
F048426,Phoenix,35-44,2,1236.0,80,73,9
F044383,Phoenix,45-54,8,1236.0,64,73,12
F038317,Chandler,35-44,10,1235.0,94,58,11
F034549,Scottsdale,25-34,9,1235.0,86,70,11
F038622,Glendale,35-44,2,1235.0,114,70,9
F067871,Out of State,55-64,8,1234.0,72,76,11
F040802,Glendale,35-44,3,1234.0,86,76,10
F024110,Glendale,18-24,4,1234.0,94,60,10
F066859,Chandler,18-24,2,1233.0,135,80,8
F029231,Glendale,25-34,2,1233.0,111,70,9
F046031,Phoenix,35-44,2,1232.0,80,70,9
F005202,Out of State,65+,2,1231.0,76,73,9
F052249,Glendale,35-44,2,1230.0,152,60,8
F063819,Out of State,18-24,11,1229.0,76,77,11
F056115,Mesa,35-44,2,1229.0,80,100,9
F009001,Out of State,65+,3,1228.0,76,60,10
F072898,Gilbert,25-34,2,1227.0,114,52,10
F033624,Mesa,25-34,2,1227.0,114,60,9
F056684,Scottsdale,25-34,2,1227.0,64,80,10
F051509,Phoenix,35-44,2,1227.0,141,73,8
F040832,Phoenix,25-34,2,1227.0,64,47,10
F018097,Mesa,45-54,3,1226.0,68,87,10
F012785,Tucson,25-34,2,1226.0,162,66,8
F050881,Mesa,35-44,2,1224.0,89,80,9
F013445,Out of State,45-54,2,1223.0,141,80,8
F059778,Mesa,45-54,3,1223.0,102,60,10
F066779,Phoenix,25-34,3,1223.0,80,57,10
F060016,Mesa,35-44,3,1221.0,128,42,9
F018392,Phoenix,18-24,2,1219.0,135,60,8
F053533,Peoria,18-24,2,1219.0,64,73,10
F011857,Gilbert,18-24,12,1219.0,89,78,11
F070955,Out of State,18-24,2,1219.0,132,73,9
F072746,Scottsdale,35-44,2,1219.0,122,60,9
F037971,Phoenix,18-24,2,1219.0,114,67,9
F017667,Phoenix,35-44,3,1218.0,102,86,10
F070567,Phoenix,25-34,4,1218.0,76,90,10
F035985,Phoenix,35-44,2,1217.0,76,100,9
F038547,Phoenix,25-34,3,1216.0,98,80,10
F039008,Mesa,18-24,2,1213.0,162,26,8
F064034,Chandler,25-34,3,1212.0,114,80,10
F037888,Mesa,18-24,2,1212.0,107,71,9
F046264,Chandler,45-54,2,1212.0,89,87,9
F065588,Scottsdale,35-44,3,1212.0,128,78,9
F025358,Out of State,18-24,7,1211.0,80,60,11
F016323,Phoenix,45-54,2,1210.0,128,90,8
F042942,Phoenix,18-24,2,1210.0,111,60,9
F005108,Phoenix,35-44,3,1210.0,80,84,10
F005946,Glendale,55-64,4,1209.0,86,76,10
F032377,Scottsdale,25-34,3,1209.0,86,87,10
F056079,Phoenix,25-34,4,1209.0,98,54,10
F041268,Phoenix,55-64,2,1208.0,68,60,9
F008697,Tucson,65+,3,1208.0,132,100,9
F006702,Peoria,35-44,2,1208.0,64,60,10
F023698,Glendale,25-34,2,1207.0,141,80,8
F018145,Out of State,45-54,9,1206.0,119,100,10
F044550,Phoenix,45-54,3,1204.0,64,73,11
F046760,Phoenix,55-64,2,1204.0,114,80,9
F017414,Phoenix,45-54,2,1203.0,80,100,9
F011023,Phoenix,45-54,2,1203.0,122,70,8
F006901,Tempe,18-24,2,1202.0,122,64,8
F004524,Phoenix,18-24,3,1202.0,72,80,10
F053355,Tempe,25-34,3,1201.0,102,80,10
F050301,Mesa,18-24,2,1200.0,98,100,9
F015309,Chandler,18-24,4,1200.0,107,53,10
F006171,Scottsdale,18-24,4,1199.0,72,80,10
F014886,Phoenix,25-34,2,1199.0,122,80,8
F072666,Scottsdale,25-34,2,1199.0,119,50,9
F057677,Gilbert,55-64,4,1197.0,122,100,9
F009304,Mesa,18-24,2,1195.0,80,87,9
F063770,Scottsdale,18-24,2,1195.0,94,87,9
F043025,Phoenix,25-34,7,1194.0,76,90,11
F049631,Phoenix,35-44,4,1194.0,89,60,10
F037973,Chandler,35-44,4,1194.0,152,76,9
F043128,Scottsdale,45-54,2,1193.0,89,9,9
F057387,Scottsdale,45-54,3,1193.0,76,70,10
F033814,Gilbert,45-54,3,1193.0,80,68,10
F018360,Scottsdale,55-64,2,1192.0,122,70,8
F005912,Phoenix,25-34,2,1191.0,144,73,8
F006067,Phoenix,35-44,2,1191.0,128,70,8
F018449,Peoria,45-54,3,1190.0,64,73,11
F036333,Phoenix,25-34,2,1190.0,72,60,9
F026674,Glendale,35-44,2,1190.0,144,60,8
F065173,Glendale,25-34,2,1190.0,128,67,8
F039437,Phoenix,18-24,2,1189.0,111,80,9
F049756,Chandler,25-34,3,1188.0,94,73,10
F008521,Gilbert,25-34,3,1188.0,72,80,10
F029810,Phoenix,45-54,9,1188.0,111,100,11
F041739,Glendale,55-64,4,1187.0,114,65,10
F070801,Chandler,18-24,3,1187.0,122,87,9
F019360,Tempe,35-44,2,1186.0,122,60,8
F048287,Phoenix,55-64,10,1186.0,72,60,11
F013052,Mesa,35-44,3,1186.0,80,60,10
F065234,Chandler,18-24,9,1185.0,102,80,11
F018340,Out of State,35-44,4,1185.0,98,90,10
F018386,Phoenix,25-34,4,1185.0,107,73,10
F016329,Phoenix,35-44,9,1185.0,94,80,11
F017877,Glendale,35-44,3,1184.0,94,73,10
F008385,Scottsdale,18-24,3,1184.0,76,73,10
F020195,Chandler,35-44,3,1183.0,102,80,10
F011804,Tempe,55-64,3,1182.0,111,87,10
F061479,Phoenix,25-34,9,1181.0,72,78,11
F009775,Scottsdale,35-44,2,1181.0,98,80,9
F004784,Mesa,25-34,3,1181.0,141,70,9
F011555,Peoria,25-34,2,1181.0,114,73,8
F057559,Phoenix,35-44,3,1180.0,94,73,10
F006502,Scottsdale,35-44,8,1179.0,111,78,11
F028432,Mesa,45-54,3,1179.0,86,73,10
F067177,Tempe,18-24,2,1179.0,107,80,9
F004644,Phoenix,18-24,3,1178.0,135,76,9
F020925,Tucson,35-44,4,1177.0,119,87,9
F008706,Peoria,45-54,3,1177.0,144,70,9
F016695,Scottsdale,45-54,2,1176.0,114,73,9
F037179,Phoenix,35-44,2,1175.0,119,87,8
F014769,Gilbert,18-24,3,1175.0,107,92,10
F016007,Scottsdale,18-24,7,1175.0,98,68,11
F030201,Scottsdale,25-34,2,1174.0,141,70,8
F020294,Phoenix,45-54,2,1173.0,80,60,9
F024992,Phoenix,45-54,3,1173.0,72,73,10
F053058,Gilbert,25-34,2,1171.0,80,73,9
F050899,Scottsdale,25-34,7,1170.0,111,92,11
F064150,Peoria,55-64,2,1170.0,64,73,10
F019821,Mesa,25-34,5,1169.0,76,67,10
F011746,Phoenix,25-34,2,1169.0,122,80,8
F069228,Glendale,18-24,3,1168.0,64,87,11
F068755,Phoenix,35-44,3,1168.0,80,87,10
F039896,Scottsdale,35-44,2,1167.0,89,60,9
F047711,Phoenix,25-34,3,1167.0,128,73,9
F066697,Phoenix,35-44,3,1165.0,122,92,9
F031009,Gilbert,35-44,2,1164.0,114,60,9
F021496,Mesa,35-44,8,1164.0,111,80,11
F049127,Phoenix,45-54,3,1164.0,89,73,10
F026779,Mesa,18-24,2,1163.0,80,80,9
F039831,Phoenix,55-64,3,1163.0,111,80,10
F058870,Peoria,45-54,2,1162.0,111,80,9
F055198,Phoenix,18-24,6,1162.0,76,63,11
F056814,Out of State,25-34,2,1162.0,107,87,9
F047699,Tempe,45-54,2,1161.0,162,60,8
F057432,Scottsdale,18-24,2,1160.0,141,70,8
F048688,Out of State,18-24,3,1160.0,119,80,9
F041847,Mesa,25-34,3,1160.0,86,60,10
F021353,Phoenix,18-24,2,1158.0,111,100,9
F019606,Tempe,45-54,2,1158.0,72,30,9
F062027,Chandler,55-64,3,1158.0,64,100,11
F058068,Chandler,25-34,2,1156.0,94,73,9
F009688,Scottsdale,25-34,2,1156.0,114,60,8
F072104,Out of State,25-34,2,1156.0,128,60,9
F062806,Glendale,18-24,3,1155.0,141,77,9
F049970,Chandler,35-44,2,1154.0,68,100,9
F040939,Scottsdale,18-24,2,1154.0,128,60,8
F014491,Tempe,35-44,2,1153.0,80,60,9
F020718,Phoenix,25-34,10,1153.0,102,60,11
F047123,Scottsdale,25-34,2,1152.0,114,100,9
F002962,Scottsdale,55-64,2,1152.0,132,52,8
F020693,Phoenix,35-44,2,1152.0,111,70,9
F019220,Scottsdale,25-34,3,1151.0,119,54,9
F041626,Out of State,35-44,2,1151.0,80,87,9
F017785,Phoenix,18-24,2,1151.0,76,73,9
F052102,Tempe,25-34,2,1151.0,64,80,10
F045955,Tempe,45-54,4,1150.0,80,60,10
F025643,Tucson,18-24,2,1150.0,80,80,9
F012925,Out of State,18-24,4,1150.0,122,91,9
F063756,Glendale,35-44,3,1150.0,68,43,10
F046495,Scottsdale,18-24,3,1149.0,76,67,10
F055635,Glendale,35-44,2,1146.0,114,100,9
F007601,Chandler,18-24,10,1146.0,72,60,11
F037345,Mesa,18-24,9,1146.0,68,97,11
F059537,Chandler,35-44,2,1146.0,144,83,8
F065266,Chandler,35-44,2,1144.0,132,87,8
F059740,Gilbert,25-34,2,1144.0,148,80,8
F032868,Tempe,18-24,2,1144.0,76,80,9
F059042,Phoenix,45-54,10,1143.0,72,78,11
F020020,Phoenix,25-34,3,1143.0,64,100,11
F024914,Glendale,35-44,3,1143.0,94,90,10
F057776,Phoenix,25-34,4,1142.0,141,73,9
F029582,Mesa,45-54,2,1142.0,119,100,8
F019747,Phoenix,35-44,3,1142.0,144,83,9
F056298,Chandler,25-34,3,1141.0,64,60,11
F030302,Phoenix,45-54,2,1141.0,72,80,9
F056290,Glendale,25-34,4,1140.0,98,90,10
F047124,Phoenix,25-34,2,1140.0,144,46,8
F071159,Tempe,45-54,4,1140.0,111,92,10
F050925,Glendale,25-34,2,1139.0,148,73,8
F016954,Mesa,45-54,3,1139.0,86,60,10
F065845,Phoenix,35-44,2,1138.0,64,60,10
F055863,Phoenix,25-34,2,1138.0,76,100,9
F015844,Phoenix,25-34,2,1137.0,114,60,9
F050103,Phoenix,25-34,3,1136.0,119,69,9
F026900,Tucson,25-34,7,1136.0,114,91,11
F024243,Gilbert,25-34,2,1136.0,158,90,8
F016896,Gilbert,35-44,2,1136.0,107,68,9
F033549,Glendale,25-34,5,1135.0,128,87,9
F062162,Chandler,45-54,2,1135.0,94,60,9
F056344,Phoenix,35-44,4,1135.0,76,100,10
F044134,Gilbert,18-24,3,1133.0,86,60,10
F029724,Phoenix,25-34,2,1132.0,148,66,8
F035212,Gilbert,25-34,3,1130.0,72,91,10
F060111,Phoenix,35-44,8,1130.0,64,80,12
F059753,Phoenix,35-44,2,1130.0,111,80,9
F032500,Tucson,25-34,2,1130.0,148,60,8
F039088,Out of State,25-34,3,1129.0,158,60,9
F057912,Mesa,35-44,2,1128.0,102,70,9
F043627,Scottsdale,45-54,4,1128.0,107,100,10
F048121,Peoria,55-64,2,1128.0,132,73,8
F052341,Mesa,35-44,2,1128.0,89,61,9
F021066,Phoenix,18-24,2,1128.0,80,100,9
F007261,Glendale,55-64,3,1127.0,98,60,10
F057337,Out of State,55-64,7,1127.0,76,80,11
F016984,Mesa,45-54,2,1126.0,64,80,10
F024202,Phoenix,25-34,8,1126.0,76,80,11
F048310,Mesa,18-24,9,1125.0,64,100,12
F009804,Gilbert,35-44,2,1124.0,86,100,9
F028035,Gilbert,25-34,2,1124.0,141,60,8
F046787,Phoenix,25-34,3,1123.0,119,87,9
F058244,Chandler,25-34,2,1123.0,122,80,8
F044768,Chandler,18-24,2,1122.0,64,60,10
F020934,Scottsdale,18-24,3,1121.0,122,90,9
F039612,Tempe,25-34,7,1120.0,64,49,12
F072638,Phoenix,25-34,2,1120.0,111,60,10
F027326,Phoenix,45-54,3,1120.0,80,73,10
F064493,Out of State,45-54,2,1119.0,135,73,8
F033694,Peoria,35-44,3,1118.0,102,93,10
F048372,Scottsdale,25-34,9,1118.0,68,100,11
F028761,Scottsdale,25-34,2,1117.0,80,80,9
F049545,Glendale,18-24,9,1116.0,111,95,11
F059238,Phoenix,18-24,2,1115.0,111,70,9
F037496,Peoria,35-44,3,1115.0,64,92,11
F025681,Mesa,35-44,3,1113.0,102,73,10
F061171,Tempe,55-64,2,1113.0,72,80,9
F049101,Phoenix,45-54,2,1113.0,144,80,8
F038989,Glendale,25-34,3,1112.0,114,87,10
F036468,Mesa,35-44,3,1112.0,72,92,10
F034522,Peoria,18-24,3,1112.0,80,50,10
F029721,Phoenix,35-44,2,1112.0,72,60,9
F063768,Chandler,25-34,2,1111.0,132,62,8
F062387,Mesa,35-44,2,1111.0,107,73,9
F012053,Phoenix,35-44,2,1110.0,122,80,8
F068715,Phoenix,45-54,3,1110.0,68,91,10
F018945,Phoenix,18-24,2,1109.0,111,60,9
F029524,Gilbert,18-24,3,1107.0,72,87,10
F062913,Mesa,45-54,2,1107.0,76,77,9
F016320,Phoenix,18-24,3,1106.0,141,67,9
F069985,Gilbert,25-34,2,1106.0,68,80,9
F067031,Tucson,35-44,2,1104.0,119,60,8
F031780,Scottsdale,18-24,2,1103.0,80,47,9
F038123,Scottsdale,25-34,3,1103.0,64,80,11
F035860,Out of State,25-34,2,1102.0,102,84,9
F006041,Gilbert,25-34,2,1101.0,114,80,8
F025647,Phoenix,45-54,2,1100.0,86,80,9
F063451,Scottsdale,25-34,2,1100.0,148,60,8
F051808,Scottsdale,18-24,3,1100.0,64,63,11
F016500,Peoria,18-24,3,1099.0,102,70,10
F046684,Scottsdale,45-54,2,1098.0,114,100,9
F021318,Glendale,25-34,9,1098.0,86,75,11
F018326,Phoenix,45-54,3,1098.0,152,73,9
F036990,Scottsdale,45-54,3,1097.0,122,80,9
F018151,Scottsdale,35-44,6,1097.0,64,76,12
F004661,Phoenix,45-54,2,1097.0,68,100,9
F063315,Scottsdale,25-34,3,1096.0,72,91,10
F012339,Tempe,55-64,2,1096.0,111,73,9
F019080,Mesa,25-34,3,1095.0,119,80,9
F033423,Tempe,18-24,2,1094.0,86,80,9
F016238,Chandler,25-34,3,1094.0,107,77,10
F036307,Phoenix,25-34,3,1094.0,72,100,10
F070789,Mesa,18-24,3,1093.0,68,60,10
F049306,Gilbert,25-34,2,1091.0,76,80,9
F003182,Gilbert,35-44,11,1091.0,122,65,10
F026423,Glendale,18-24,2,1090.0,114,90,9
F005294,Mesa,35-44,3,1090.0,86,100,10
F064671,Mesa,35-44,10,1090.0,89,84,11
F024970,Out of State,55-64,2,1089.0,114,80,9
F011091,Out of State,18-24,3,1086.0,111,90,10
F048168,Phoenix,25-34,2,1085.0,76,70,9
F015185,Mesa,25-34,2,1085.0,114,73,9
F028869,Scottsdale,55-64,2,1085.0,64,100,10
F014577,Out of State,18-24,2,1084.0,122,87,8
F020490,Scottsdale,35-44,3,1084.0,64,70,11
F033922,Tucson,35-44,8,1084.0,80,87,11
F011418,Mesa,18-24,2,1083.0,111,60,9
F049750,Phoenix,35-44,2,1082.0,114,73,9
F063467,Gilbert,55-64,2,1082.0,144,48,8
F020270,Out of State,18-24,3,1081.0,148,69,9
F029879,Phoenix,25-34,3,1081.0,141,73,9
F034664,Peoria,35-44,3,1081.0,148,60,9
F005237,Glendale,35-44,3,1080.0,98,87,10
F063299,Phoenix,18-24,2,1080.0,148,76,8
F012301,Phoenix,18-24,2,1080.0,72,60,9
F009877,Tempe,25-34,2,1078.0,98,80,9
F023544,Phoenix,55-64,2,1078.0,68,74,9
F034657,Glendale,25-34,2,1078.0,98,100,9
F052330,Scottsdale,35-44,2,1077.0,80,73,9
F054064,Chandler,45-54,10,1076.0,94,57,11
F034608,Tucson,35-44,2,1075.0,119,67,8
F070416,Phoenix,45-54,2,1074.0,128,52,8
F022652,Gilbert,55-64,3,1074.0,64,24,11
F004016,Phoenix,35-44,2,1073.0,152,76,8
F031432,Out of State,18-24,2,1073.0,72,60,9
F062242,Phoenix,25-34,2,1072.0,64,48,10
F049693,Out of State,45-54,2,1072.0,144,80,8
F045814,Scottsdale,25-34,5,1071.0,107,82,11
F011045,Gilbert,35-44,3,1071.0,119,41,9
F028628,Tucson,35-44,3,1070.0,76,87,10
F043868,Scottsdale,45-54,3,1069.0,86,76,10
F059317,Tempe,55-64,2,1069.0,119,90,8
F010857,Glendale,45-54,3,1069.0,107,73,10
F018292,Out of State,25-34,8,1069.0,94,72,11
F056777,Scottsdale,25-34,8,1069.0,86,86,11
F038570,Scottsdale,18-24,2,1068.0,122,100,8
F056568,Chandler,45-54,2,1066.0,148,84,8
F007523,Gilbert,45-54,2,1066.0,119,80,8
F067838,Gilbert,55-64,2,1066.0,111,60,9
F009169,Glendale,18-24,9,1066.0,76,60,11
F022625,Scottsdale,45-54,3,1065.0,86,43,10
F043931,Phoenix,35-44,2,1065.0,114,100,9
F063933,Mesa,25-34,10,1064.0,107,83,11
F050595,Out of State,45-54,3,1063.0,80,60,10
F014053,Chandler,18-24,2,1062.0,64,80,10
F032794,Out of State,25-34,2,1061.0,102,60,9
F010225,Phoenix,35-44,2,1060.0,122,73,8
F057650,Phoenix,25-34,2,1060.0,107,90,9
F044574,Tucson,25-34,2,1060.0,144,66,8
F016495,Phoenix,35-44,2,1060.0,114,80,9
F008136,Gilbert,35-44,2,1059.0,72,70,9
F046888,Phoenix,25-34,3,1058.0,72,70,10
F032182,Phoenix,35-44,2,1058.0,72,100,9
F003590,Mesa,35-44,2,1056.0,135,60,8
F071671,Scottsdale,25-34,2,1056.0,64,73,11
F072245,Scottsdale,25-34,2,1056.0,68,100,10
F019057,Phoenix,45-54,2,1055.0,144,92,8
F070713,Chandler,45-54,3,1054.0,86,80,10
F020176,Phoenix,18-24,2,1053.0,86,73,9
F016693,Phoenix,35-44,3,1053.0,132,53,9
F012260,Glendale,35-44,2,1052.0,64,100,10
F007220,Scottsdale,65+,3,1052.0,89,68,10
F060896,Tucson,45-54,3,1051.0,72,80,10
F033126,Phoenix,18-24,2,1050.0,64,87,10
F061015,Phoenix,18-24,2,1050.0,114,68,9
F033986,Gilbert,45-54,2,1049.0,128,60,8
F031096,Phoenix,25-34,2,1049.0,72,80,9
F058969,Scottsdale,25-34,5,1049.0,72,60,11
F035096,Gilbert,45-54,7,1048.0,122,65,10
F072541,Phoenix,45-54,2,1048.0,72,73,10
F035905,Chandler,25-34,7,1048.0,128,84,10
F018893,Chandler,35-44,3,1047.0,107,87,10
F012282,Tempe,18-24,8,1047.0,102,80,11
F064569,Phoenix,35-44,4,1046.0,89,83,10
F005062,Tempe,25-34,3,1046.0,98,80,10
F061456,Phoenix,25-34,2,1045.0,98,77,9
F056072,Out of State,35-44,6,1044.0,94,91,11
F065217,Phoenix,35-44,2,1043.0,162,63,8
F071721,Out of State,35-44,2,1043.0,111,80,10
F010794,Phoenix,18-24,2,1043.0,80,60,9
F024365,Phoenix,18-24,2,1043.0,80,80,9
F006236,Mesa,35-44,3,1042.0,64,80,11
F026961,Tempe,45-54,2,1042.0,111,80,9
F024144,Gilbert,25-34,2,1042.0,64,70,10
F044122,Peoria,25-34,2,1042.0,94,87,9
F018900,Out of State,25-34,2,1042.0,132,60,8
F059538,Phoenix,18-24,2,1041.0,135,66,8
F066102,Phoenix,35-44,6,1041.0,94,70,11
F025181,Tempe,25-34,3,1041.0,135,60,9
F060339,Phoenix,25-34,4,1041.0,98,65,10
F035101,Phoenix,25-34,4,1040.0,141,70,9
F039086,Out of State,18-24,10,1039.0,94,100,11
F046458,Phoenix,25-34,2,1039.0,135,60,8
F072895,Peoria,25-34,2,1039.0,144,76,9
F019914,Phoenix,35-44,2,1039.0,102,100,9
F011553,Chandler,18-24,2,1038.0,148,76,8
F058718,Chandler,25-34,4,1037.0,98,78,10
F055770,Phoenix,35-44,2,1037.0,64,60,10
F013141,Mesa,35-44,3,1036.0,89,48,10
F038366,Phoenix,35-44,2,1035.0,76,60,9
F022750,Phoenix,35-44,8,1035.0,72,97,11
F045771,Chandler,35-44,2,1035.0,148,80,8
F018965,Gilbert,18-24,2,1035.0,72,84,9
F008304,Tempe,25-34,2,1034.0,64,50,10
F038685,Peoria,18-24,3,1032.0,122,46,9
F008511,Tucson,18-24,2,1032.0,152,70,8
F054213,Mesa,65+,3,1032.0,86,77,10
F028226,Chandler,25-34,3,1031.0,102,63,10
F054468,Phoenix,35-44,2,1031.0,86,60,9
F021702,Scottsdale,25-34,2,1030.0,141,60,8
F066469,Glendale,35-44,3,1030.0,148,59,9
F034785,Chandler,45-54,3,1030.0,141,73,9
F054967,Gilbert,25-34,2,1030.0,68,80,9
F003914,Tucson,18-24,3,1029.0,111,78,10
F045254,Out of State,45-54,4,1028.0,111,77,10
F017270,Glendale,25-34,2,1028.0,86,80,9
F014849,Tempe,45-54,6,1026.0,86,44,11
F031157,Phoenix,45-54,2,1025.0,86,80,9
F037404,Gilbert,35-44,3,1025.0,94,70,10
F014208,Tucson,35-44,2,1025.0,162,60,8
F011456,Tucson,35-44,2,1024.0,141,80,8
F051772,Tempe,25-34,2,1024.0,80,100,9
F026245,Mesa,25-34,3,1024.0,72,60,10
F041825,Mesa,45-54,2,1024.0,68,100,9
F065582,Phoenix,25-34,2,1023.0,80,80,9
F072004,Tempe,45-54,2,1023.0,148,87,9
F067590,Scottsdale,35-44,2,1023.0,135,54,8
F038478,Scottsdale,35-44,2,1022.0,122,76,8
F029551,Scottsdale,18-24,3,1022.0,64,70,11
F004160,Tempe,35-44,2,1022.0,132,68,8
F055745,Out of State,25-34,2,1020.0,122,76,8
F034571,Gilbert,18-24,3,1019.0,64,50,11
F071392,Scottsdale,18-24,3,1019.0,162,71,9
F037887,Phoenix,25-34,3,1019.0,132,77,9
F045813,Phoenix,55-64,4,1019.0,111,65,10
F027086,Chandler,35-44,2,1017.0,102,60,9
F041984,Mesa,25-34,2,1017.0,76,60,9
F070548,Phoenix,55-64,3,1016.0,98,90,10
F053801,Phoenix,45-54,3,1015.0,64,73,11
F010121,Mesa,25-34,2,1015.0,86,80,9
F024770,Tucson,18-24,2,1013.0,68,60,9
F021092,Phoenix,18-24,2,1013.0,94,80,9
F054050,Phoenix,25-34,4,1013.0,64,59,11
F009159,Mesa,18-24,2,1012.0,132,84,8
F048318,Scottsdale,18-24,3,1011.0,98,87,10
F069969,Mesa,25-34,2,1010.0,76,60,9
F035764,Scottsdale,35-44,2,1010.0,119,87,8
F030091,Scottsdale,18-24,3,1009.0,68,100,10
F013033,Phoenix,25-34,2,1009.0,86,73,9
F012268,Gilbert,45-54,2,1008.0,122,76,8
F050758,Scottsdale,25-34,3,1007.0,68,87,10
F027649,Scottsdale,25-34,3,1005.0,119,92,9
F047075,Mesa,35-44,8,1005.0,102,65,11
F039178,Out of State,35-44,2,1005.0,114,80,9
F036138,Mesa,18-24,2,1004.0,141,70,8
F066714,Phoenix,35-44,2,1004.0,68,43,9
F020274,Phoenix,18-24,6,1004.0,72,80,11
F034680,Chandler,18-24,2,1002.0,64,84,10
F034585,Tempe,25-34,8,1002.0,76,77,11
F044522,Phoenix,18-24,2,1002.0,89,70,9
F058656,Peoria,35-44,3,999.0,64,70,11
F055357,Mesa,35-44,2,999.0,119,73,8
F031373,Out of State,25-34,2,998.0,132,90,8
F054994,Phoenix,25-34,2,996.0,86,60,9
F067468,Mesa,55-64,2,996.0,98,80,9
F058512,Chandler,45-54,3,996.0,122,76,9
F021255,Glendale,18-24,3,996.0,80,80,10
F057390,Phoenix,25-34,2,995.0,80,60,9
F049533,Phoenix,45-54,3,995.0,64,56,11
F032145,Glendale,45-54,11,995.0,94,80,11
F071204,Phoenix,55-64,2,995.0,64,80,11
F053570,Phoenix,18-24,7,995.0,72,57,11
F004559,Peoria,18-24,3,995.0,102,90,10
F029855,Phoenix,25-34,2,994.0,64,36,10
F065001,Tempe,18-24,2,993.0,132,80,8
F011153,Glendale,25-34,7,993.0,64,100,12
F067693,Mesa,18-24,2,992.0,119,80,8
F065535,Tempe,25-34,3,992.0,76,73,10
F033880,Phoenix,45-54,2,992.0,72,12,9
F021405,Mesa,25-34,2,991.0,132,80,8
F046470,Mesa,18-24,2,991.0,132,84,8
F071180,Mesa,45-54,2,991.0,122,90,9
F031068,Chandler,35-44,9,990.0,64,77,12
F026866,Phoenix,25-34,3,990.0,72,60,10
F049630,Tucson,35-44,2,989.0,141,60,8
F049627,Scottsdale,35-44,2,988.0,64,87,10
F015767,Phoenix,25-34,2,987.0,89,60,9
F055282,Scottsdale,18-24,8,987.0,64,60,12
F048519,Out of State,18-24,2,986.0,80,80,9
F007715,Glendale,35-44,2,986.0,68,73,9
F069845,Chandler,18-24,3,985.0,72,84,10
F019379,Tempe,45-54,2,985.0,114,87,9
F030295,Chandler,55-64,3,985.0,76,92,10
F034991,Tempe,45-54,2,983.0,76,60,9
F018044,Mesa,25-34,2,983.0,64,40,10
F009092,Mesa,18-24,2,982.0,86,73,9
F059054,Mesa,35-44,3,982.0,102,80,10
F020265,Phoenix,45-54,3,982.0,72,90,10
F006507,Mesa,25-34,2,981.0,107,80,9
F022088,Mesa,18-24,3,981.0,114,90,10
F060824,Phoenix,18-24,2,981.0,86,60,9
F017353,Phoenix,18-24,2,980.0,80,70,9
F003062,Phoenix,25-34,6,980.0,72,100,11
F035025,Phoenix,35-44,2,979.0,64,73,10
F071158,Scottsdale,25-34,2,979.0,64,73,11
F015966,Out of State,25-34,3,979.0,111,80,10
F010396,Chandler,35-44,8,978.0,68,60,11
F014737,Gilbert,35-44,3,977.0,148,71,9
F020972,Scottsdale,35-44,2,976.0,111,100,9
F010750,Out of State,45-54,3,976.0,72,60,10
F012287,Phoenix,35-44,2,975.0,141,90,8
F042072,Glendale,45-54,10,975.0,72,45,11
F007695,Phoenix,55-64,7,975.0,107,57,11
F036254,Gilbert,35-44,2,974.0,111,68,9
F034320,Phoenix,18-24,2,974.0,132,71,8
F026547,Tempe,45-54,2,974.0,152,90,8
F037381,Peoria,25-34,3,973.0,64,40,11
F026309,Chandler,25-34,3,973.0,64,100,11
F054838,Tucson,25-34,2,972.0,76,80,9
F042559,Gilbert,35-44,2,972.0,76,61,9
F008782,Tempe,35-44,3,971.0,68,73,10
F044024,Phoenix,25-34,2,970.0,76,60,9
F048891,Phoenix,18-24,8,970.0,98,90,11
F042174,Tucson,25-34,2,970.0,64,68,10
F007345,Tucson,18-24,9,970.0,76,63,11
F070939,Out of State,45-54,2,969.0,94,100,10
F010369,Gilbert,18-24,6,969.0,102,100,11
F070584,Tempe,25-34,3,968.0,152,80,9
F010801,Scottsdale,25-34,2,968.0,98,60,9
F072844,Scottsdale,25-34,8,968.0,98,87,11
F038320,Mesa,25-34,2,967.0,135,50,8
F018486,Phoenix,25-34,3,967.0,128,70,9
F056226,Mesa,18-24,3,966.0,107,73,10
F051076,Phoenix,55-64,2,966.0,89,60,9
F037882,Scottsdale,25-34,2,966.0,152,60,8
F056943,Gilbert,25-34,3,965.0,107,84,10
F017689,Mesa,35-44,2,964.0,132,87,8
F062690,Scottsdale,35-44,2,964.0,135,92,8
F065900,Tempe,25-34,2,964.0,80,100,9
F035616,Tempe,45-54,3,963.0,94,68,10
F021945,Phoenix,35-44,2,963.0,102,80,9
F040973,Phoenix,18-24,3,963.0,98,48,10
F046404,Phoenix,25-34,3,962.0,114,84,10
F053467,Mesa,25-34,3,962.0,94,100,10
F058170,Phoenix,18-24,4,962.0,86,73,10
F014206,Glendale,18-24,2,962.0,144,73,8
F041050,Chandler,45-54,2,961.0,114,84,9
F056441,Scottsdale,35-44,2,960.0,148,76,8
F006021,Scottsdale,45-54,2,960.0,111,100,9
F064111,Peoria,35-44,3,959.0,68,60,10
F008558,Out of State,35-44,2,959.0,64,76,10
F023185,Phoenix,35-44,3,959.0,102,100,10
F056514,Phoenix,25-34,6,959.0,80,87,11
F025157,Phoenix,18-24,3,958.0,72,80,10
F012752,Scottsdale,18-24,2,958.0,89,80,9
F007011,Phoenix,25-34,3,958.0,94,70,10
F042817,Gilbert,35-44,3,958.0,144,56,9
F010455,Mesa,45-54,2,958.0,80,60,9
F020596,Phoenix,18-24,3,958.0,111,80,10
F065736,Out of State,55-64,2,956.0,89,100,9
F056303,Phoenix,45-54,3,956.0,72,73,10
F064698,Phoenix,25-34,3,955.0,86,100,10
F015561,Phoenix,45-54,3,954.0,80,66,10
F033252,Scottsdale,18-24,3,954.0,158,83,9
F036264,Phoenix,45-54,3,953.0,148,77,9
F047264,Tempe,25-34,2,952.0,111,73,9
F009533,Phoenix,35-44,6,952.0,122,83,10
F030425,Glendale,35-44,2,950.0,141,80,8
F014027,Tempe,45-54,2,950.0,111,87,9
F033671,Chandler,45-54,2,949.0,111,56,9
F021425,Scottsdale,35-44,2,948.0,80,60,9
F061309,Mesa,55-64,2,948.0,76,70,9
F049522,Tempe,18-24,3,948.0,122,56,9
F038097,Phoenix,35-44,2,948.0,111,60,9
F008524,Phoenix,55-64,3,948.0,119,48,9
F014006,Tempe,25-34,3,947.0,89,92,10
F069037,Mesa,35-44,2,947.0,148,84,8
F016041,Phoenix,35-44,3,947.0,102,76,10
F016544,Phoenix,18-24,9,946.0,98,77,11
F017238,Tucson,35-44,2,946.0,64,60,10
F005298,Mesa,25-34,2,946.0,86,90,9
F037512,Phoenix,35-44,2,946.0,119,72,8
F015569,Tempe,45-54,3,945.0,98,100,10
F065306,Chandler,25-34,9,944.0,89,66,11
F019960,Phoenix,18-24,2,944.0,148,60,8
F049479,Tempe,55-64,2,944.0,132,70,8
F063988,Glendale,25-34,2,944.0,80,84,9
F066903,Phoenix,45-54,7,944.0,64,83,12
F036437,Mesa,35-44,2,942.0,89,87,9
F023491,Out of State,35-44,2,942.0,135,73,8
F015178,Scottsdale,25-34,2,942.0,94,60,9
F046972,Scottsdale,25-34,5,942.0,114,90,11
F039661,Phoenix,25-34,2,941.0,114,60,9
F019528,Tempe,35-44,3,941.0,76,100,10
F037098,Tucson,65+,3,941.0,141,67,9
F072217,Tempe,35-44,3,941.0,64,100,11
F009345,Scottsdale,35-44,7,941.0,94,44,11
F008669,Mesa,25-34,2,940.0,94,70,9
F026891,Scottsdale,45-54,3,940.0,98,100,10
F057002,Scottsdale,45-54,6,939.0,114,80,11
F037200,Phoenix,45-54,2,938.0,128,92,8
F022825,Phoenix,35-44,2,938.0,135,68,8
F004961,Phoenix,45-54,2,938.0,144,73,8
F012659,Phoenix,25-34,2,937.0,128,80,8
F039915,Chandler,35-44,2,937.0,64,100,10
F047729,Peoria,18-24,2,936.0,98,100,9
F063335,Phoenix,65+,2,936.0,76,20,9
F034341,Scottsdale,35-44,3,936.0,119,71,9
F041857,Mesa,45-54,3,936.0,144,73,9
F040670,Mesa,18-24,6,935.0,89,84,11
F019740,Phoenix,18-24,2,935.0,144,80,8
F005495,Gilbert,55-64,2,933.0,64,87,9
F029216,Phoenix,45-54,5,932.0,86,87,10
F057499,Phoenix,35-44,3,932.0,64,87,11
F056968,Mesa,25-34,2,932.0,64,60,10
F015208,Phoenix,18-24,11,932.0,72,54,11
F008345,Phoenix,45-54,2,932.0,86,73,9
F042655,Mesa,45-54,2,932.0,76,90,9
F046152,Out of State,25-34,2,931.0,122,92,8
F064364,Mesa,18-24,5,930.0,86,73,11
F062828,Tucson,55-64,2,930.0,89,66,9
F071006,Tucson,35-44,2,930.0,148,53,9
F007420,Gilbert,55-64,2,930.0,76,73,9
F053434,Mesa,45-54,2,930.0,128,84,8
F037071,Phoenix,25-34,2,929.0,144,92,8
F046178,Phoenix,45-54,2,929.0,80,77,9
F053009,Phoenix,35-44,6,927.0,76,83,11
F049304,Chandler,25-34,2,927.0,72,80,9
F017911,Chandler,25-34,4,926.0,132,80,9
F043958,Out of State,35-44,2,926.0,128,60,8
F030414,Out of State,18-24,2,925.0,94,40,9
F045303,Phoenix,35-44,7,925.0,89,73,11
F037648,Phoenix,45-54,7,925.0,102,77,11
F035902,Scottsdale,25-34,2,925.0,64,60,10
F025085,Phoenix,18-24,2,925.0,86,100,9
F008884,Glendale,35-44,9,924.0,72,45,11
F046006,Phoenix,55-64,2,924.0,152,90,8
F015296,Mesa,35-44,8,923.0,98,60,11
F019073,Tempe,45-54,2,923.0,119,48,8
F046505,Scottsdale,25-34,2,923.0,76,100,9
F062317,Mesa,45-54,2,923.0,122,87,8
F053250,Phoenix,45-54,4,922.0,80,87,10
F031574,Mesa,25-34,3,922.0,80,87,10
F011655,Phoenix,35-44,4,922.0,89,90,10
F043934,Phoenix,45-54,2,922.0,102,90,9
F053978,Phoenix,35-44,4,920.0,68,60,10
F046311,Peoria,25-34,9,920.0,72,60,11
F056409,Glendale,35-44,3,919.0,98,70,10
F025685,Phoenix,35-44,2,917.0,119,60,8
F056786,Gilbert,25-34,4,917.0,102,100,10
F006235,Mesa,25-34,2,917.0,107,50,9
F055080,Mesa,25-34,5,917.0,122,70,10
F063413,Glendale,55-64,2,917.0,94,60,9
F071219,Phoenix,18-24,2,917.0,114,72,10
F038648,Gilbert,18-24,2,916.0,64,100,10
F018152,Scottsdale,25-34,2,916.0,64,60,10
F043235,Scottsdale,18-24,2,916.0,72,60,9
F054121,Glendale,18-24,7,916.0,80,96,11
F027230,Scottsdale,18-24,3,915.0,111,65,10
F020223,Phoenix,45-54,2,915.0,141,73,8
F051876,Scottsdale,25-34,2,913.0,76,80,9
F031503,Phoenix,25-34,2,913.0,111,60,9
F045631,Phoenix,45-54,2,913.0,119,73,8
F053628,Gilbert,35-44,7,913.0,68,87,11
F068800,Out of State,25-34,2,912.0,98,90,9
F003473,Out of State,35-44,2,912.0,111,87,9
F055354,Scottsdale,25-34,5,912.0,122,70,10
F011037,Scottsdale,35-44,6,912.0,119,76,10
F013378,Phoenix,25-34,7,912.0,80,80,11
F066893,Scottsdale,25-34,3,911.0,102,87,10
F017431,Glendale,25-34,2,911.0,132,20,8
F006030,Phoenix,45-54,2,910.0,122,72,8
F047279,Gilbert,18-24,5,910.0,86,63,11
F072160,Phoenix,35-44,2,910.0,111,87,10
F008440,Chandler,18-24,2,909.0,166,100,8
F031828,Tucson,35-44,11,909.0,68,73,11
F064501,Gilbert,25-34,3,909.0,72,73,10
F024747,Scottsdale,45-54,2,909.0,119,20,8
F007557,Phoenix,25-34,2,908.0,135,80,8
F026827,Gilbert,45-54,2,908.0,132,73,8
F017552,Gilbert,25-34,7,908.0,114,89,11
F015929,Peoria,55-64,2,906.0,76,60,9
F054648,Chandler,18-24,2,906.0,119,90,8
F038374,Phoenix,45-54,2,906.0,86,73,9
F022759,Out of State,45-54,2,906.0,144,40,8
F012811,Phoenix,18-24,8,904.0,98,70,11
F054159,Mesa,45-54,3,904.0,132,73,9
F067322,Tempe,45-54,3,904.0,76,71,10
F043497,Glendale,35-44,2,903.0,122,50,8
F012738,Mesa,65+,3,903.0,98,92,10
F060680,Scottsdale,45-54,2,903.0,64,80,10
F016550,Scottsdale,35-44,3,902.0,72,60,10
F018431,Phoenix,45-54,4,902.0,86,100,10
F008216,Tempe,35-44,7,902.0,76,70,11
F063605,Chandler,45-54,3,902.0,68,80,10
F027794,Tucson,35-44,4,902.0,132,92,9
F015516,Chandler,35-44,2,901.0,119,60,8
F032252,Glendale,55-64,2,901.0,148,92,8
F065272,Mesa,18-24,2,901.0,114,60,9
F026536,Phoenix,35-44,2,900.0,114,80,9
F037564,Tempe,45-54,3,900.0,86,100,10
F065449,Gilbert,35-44,2,900.0,111,73,9
F003125,Tempe,35-44,5,900.0,114,70,9
F018147,Peoria,18-24,3,900.0,68,100,10
F057406,Phoenix,45-54,4,899.0,86,87,10
F064264,Phoenix,18-24,2,899.0,158,80,8
F059223,Scottsdale,25-34,3,898.0,135,73,9
F017567,Out of State,55-64,7,898.0,76,68,11
F061071,Mesa,18-24,3,897.0,72,43,10
F022408,Scottsdale,18-24,2,897.0,132,73,8
F021126,Scottsdale,18-24,3,896.0,72,73,10
F054440,Gilbert,25-34,3,896.0,94,100,10
F010284,Mesa,25-34,3,895.0,152,60,9
F071014,Scottsdale,35-44,2,895.0,135,60,9
F063755,Phoenix,18-24,3,895.0,94,90,10
F040309,Phoenix,25-34,2,895.0,94,20,9
F063552,Mesa,25-34,3,895.0,107,73,10
F031132,Tempe,35-44,2,894.0,122,87,8
F062865,Mesa,45-54,2,894.0,68,78,9
F006044,Phoenix,18-24,2,893.0,76,87,9
F035727,Glendale,45-54,2,892.0,80,44,9
F051915,Chandler,18-24,2,892.0,119,60,8
F031173,Glendale,35-44,4,892.0,135,78,9
F028154,Tempe,35-44,2,892.0,144,80,8
F044419,Phoenix,35-44,3,891.0,76,71,10
F019983,Chandler,35-44,2,890.0,114,72,9
F056143,Out of State,35-44,2,890.0,76,33,9
F053512,Gilbert,25-34,3,890.0,80,60,10
F018090,Scottsdale,18-24,6,890.0,114,100,11
F069138,Phoenix,45-54,2,889.0,80,45,9
F026791,Out of State,18-24,3,889.0,86,67,10
F039472,Phoenix,25-34,3,887.0,132,64,9
F011573,Mesa,25-34,2,886.0,132,73,8
F072547,Phoenix,18-24,2,886.0,158,70,9
F029998,Phoenix,35-44,2,886.0,114,90,9
F046921,Peoria,45-54,2,886.0,98,40,9
F036829,Out of State,45-54,2,886.0,135,50,8
F039802,Phoenix,25-34,3,885.0,94,100,10
F071043,Phoenix,25-34,2,885.0,107,73,10
F031598,Phoenix,45-54,3,884.0,76,60,10
F045469,Phoenix,55-64,2,884.0,102,73,9
F063373,Out of State,45-54,2,884.0,132,60,8
F066394,Mesa,25-34,8,883.0,80,80,11
F060044,Gilbert,35-44,5,883.0,119,70,10
F064706,Tempe,18-24,2,882.0,111,53,9
F040072,Phoenix,25-34,2,882.0,76,60,9
F005213,Phoenix,35-44,2,881.0,64,30,9
F067618,Gilbert,45-54,2,881.0,86,87,9
F069004,Tempe,35-44,8,881.0,80,80,11
F071656,Phoenix,18-24,3,881.0,89,73,10
F071884,Mesa,35-44,5,880.0,141,75,10
F021594,Phoenix,35-44,2,880.0,64,12,10
F023255,Phoenix,35-44,7,879.0,98,87,11
F061705,Tucson,65+,2,879.0,80,100,9
F044348,Scottsdale,45-54,2,879.0,80,60,9
F016692,Scottsdale,25-34,3,879.0,80,30,10
F046385,Phoenix,35-44,2,878.0,68,73,9
F059693,Phoenix,25-34,2,878.0,64,60,10
F007498,Tempe,35-44,2,878.0,144,52,8
F019999,Mesa,35-44,2,878.0,64,80,10
F019944,Chandler,18-24,3,877.0,68,80,10
F068786,Scottsdale,45-54,6,877.0,72,94,11
F058649,Mesa,45-54,2,877.0,122,80,8
F047541,Mesa,35-44,9,876.0,68,84,11
F027355,Glendale,25-34,2,876.0,94,80,9
F020727,Gilbert,65+,2,875.0,76,60,9
F045925,Glendale,25-34,7,874.0,64,60,12
F018288,Scottsdale,25-34,2,874.0,68,90,9
F057993,Out of State,35-44,3,874.0,68,100,10
F031255,Phoenix,25-34,3,873.0,98,80,10
F046004,Phoenix,35-44,2,873.0,152,100,8
F030582,Phoenix,25-34,2,872.0,80,42,9
F055008,Scottsdale,35-44,3,872.0,76,76,10
F024790,Scottsdale,35-44,7,872.0,80,60,11
F041572,Tucson,55-64,2,872.0,132,60,8
F042362,Scottsdale,35-44,6,872.0,107,73,11
F007363,Gilbert,35-44,7,872.0,119,57,10
F021416,Peoria,18-24,2,871.0,80,80,9
F014150,Phoenix,25-34,2,871.0,119,70,8
F015207,Phoenix,18-24,3,870.0,80,84,10
F066125,Scottsdale,55-64,3,870.0,94,87,10
F031266,Phoenix,45-54,3,870.0,80,80,10
F010936,Phoenix,18-24,2,870.0,148,68,8
F031576,Phoenix,45-54,2,869.0,64,100,10
F019313,Phoenix,45-54,5,869.0,111,83,10
F006180,Phoenix,25-34,6,868.0,64,47,12
F021041,Glendale,25-34,7,868.0,68,80,11
F029802,Scottsdale,45-54,2,868.0,102,60,9
F053070,Phoenix,55-64,2,866.0,68,80,9
F052753,Phoenix,35-44,2,866.0,128,93,8
F026880,Phoenix,35-44,2,866.0,114,80,9
F066150,Tempe,45-54,7,866.0,111,90,11
F066201,Phoenix,25-34,2,865.0,119,60,8
F045679,Phoenix,45-54,4,864.0,122,84,9
F070608,Tempe,45-54,4,864.0,76,84,10
F024702,Phoenix,18-24,8,863.0,119,46,10
F016145,Phoenix,25-34,2,862.0,76,60,9
F040778,Gilbert,55-64,2,862.0,158,84,8
F048306,Phoenix,25-34,2,862.0,98,80,9
F055621,Chandler,35-44,2,861.0,152,87,8
F006705,Phoenix,45-54,3,861.0,132,87,9
F036741,Chandler,25-34,3,860.0,64,87,11
F068000,Mesa,25-34,3,860.0,107,60,10
F050591,Glendale,65+,2,859.0,111,87,9
F023281,Peoria,25-34,2,858.0,152,90,8
F039151,Phoenix,18-24,2,858.0,119,87,8
F005297,Tempe,35-44,6,856.0,68,60,11
F011463,Chandler,18-24,7,856.0,102,75,11
F062732,Scottsdale,18-24,2,856.0,122,75,8
F058074,Tucson,18-24,7,855.0,80,87,11
F047030,Mesa,45-54,6,855.0,76,77,11
F027417,Out of State,35-44,6,854.0,86,100,11
F063032,Scottsdale,35-44,2,854.0,152,60,8
F039166,Chandler,45-54,3,854.0,107,73,10
F028638,Phoenix,25-34,2,853.0,114,100,9
F040204,Gilbert,45-54,2,853.0,152,92,8
F017827,Phoenix,35-44,2,853.0,141,80,8
F028331,Phoenix,45-54,8,853.0,68,53,11
F007357,Phoenix,35-44,6,853.0,68,100,11
F062907,Out of State,25-34,2,853.0,111,60,9
F056044,Phoenix,18-24,4,851.0,64,74,11
F014627,Phoenix,18-24,2,850.0,98,60,9
F015491,Glendale,18-24,2,850.0,122,35,8
F021696,Gilbert,25-34,3,849.0,119,100,9
F048691,Chandler,25-34,2,849.0,144,90,8
F022144,Phoenix,25-34,3,848.0,98,63,10
F014483,Peoria,35-44,3,848.0,80,84,10
F062627,Peoria,18-24,2,847.0,86,80,9
F068992,Phoenix,18-24,7,847.0,102,80,11
F042530,Out of State,45-54,3,847.0,98,50,10
F064602,Peoria,18-24,2,846.0,86,63,9
F030579,Chandler,45-54,2,845.0,144,80,8
F039804,Scottsdale,25-34,2,845.0,80,51,9
F047524,Phoenix,45-54,2,844.0,132,63,8
F068121,Phoenix,35-44,6,844.0,64,60,12
F070846,Phoenix,35-44,2,844.0,111,100,10
F041881,Tucson,35-44,3,843.0,148,42,9
F003419,Chandler,18-24,3,843.0,89,59,10
F023531,Chandler,45-54,2,843.0,94,100,9
F047716,Mesa,25-34,2,842.0,114,73,9
F051671,Tucson,35-44,3,842.0,89,87,10
F054764,Glendale,45-54,2,841.0,68,100,9
F052523,Chandler,45-54,3,841.0,98,83,10
F070478,Mesa,35-44,2,841.0,68,10,9
F032443,Tempe,25-34,2,840.0,152,80,8
F056496,Chandler,25-34,5,840.0,86,100,11
F046896,Tempe,25-34,2,839.0,111,53,9
F057332,Phoenix,45-54,2,839.0,86,60,9
F057995,Phoenix,35-44,2,839.0,119,80,8
F026761,Phoenix,18-24,2,838.0,107,60,9
F048810,Out of State,35-44,3,838.0,128,92,9
F067404,Phoenix,35-44,3,838.0,72,100,10
F033373,Tempe,25-34,3,838.0,86,75,10
F029386,Mesa,35-44,2,837.0,94,60,9
F053891,Gilbert,18-24,3,837.0,98,100,10
F064080,Phoenix,25-34,2,836.0,111,100,9
F029892,Tucson,35-44,2,836.0,148,73,8
F045363,Phoenix,45-54,2,836.0,111,100,9
F030355,Mesa,35-44,3,836.0,72,87,10
F013504,Glendale,35-44,3,835.0,98,73,10
F069494,Scottsdale,45-54,5,835.0,76,73,11
F010010,Scottsdale,35-44,5,834.0,111,60,10
F032617,Phoenix,25-34,2,834.0,86,60,9
F030533,Out of State,35-44,2,834.0,86,80,9
F055884,Tucson,18-24,2,834.0,107,100,9
F046556,Phoenix,18-24,2,834.0,122,60,8
F021019,Glendale,35-44,2,834.0,94,70,9
F025190,Mesa,25-34,2,833.0,128,92,8
F068375,Scottsdale,35-44,2,832.0,64,60,10
F072192,Tempe,45-54,2,832.0,94,60,10
F064859,Out of State,45-54,2,832.0,107,73,9
F009135,Tempe,35-44,2,831.0,152,50,8
F026380,Phoenix,35-44,2,831.0,102,70,9
F048301,Glendale,55-64,3,831.0,98,43,10
F012258,Glendale,45-54,2,830.0,64,70,10
F055244,Phoenix,45-54,3,830.0,119,100,9
F044374,Scottsdale,18-24,6,830.0,72,80,11
F038617,Chandler,25-34,3,829.0,141,56,9
F049272,Scottsdale,25-34,2,829.0,122,100,8
F042451,Phoenix,45-54,2,829.0,86,70,9
F023448,Scottsdale,35-44,3,829.0,111,80,10
F022341,Phoenix,35-44,8,828.0,72,83,11
F069496,Tempe,25-34,7,828.0,119,83,10
F021772,Gilbert,18-24,7,828.0,107,100,11
F022262,Phoenix,35-44,2,827.0,114,70,9
F029801,Mesa,55-64,2,826.0,144,87,8
F065106,Phoenix,35-44,7,826.0,80,60,11
F012608,Phoenix,25-34,2,826.0,141,90,8
F012011,Mesa,35-44,2,825.0,72,73,9
F017781,Mesa,35-44,8,824.0,76,80,11
F060300,Tempe,35-44,3,823.0,119,50,9
F009715,Phoenix,25-34,7,823.0,102,92,11
F016168,Tempe,45-54,2,823.0,80,60,9
F013199,Gilbert,25-34,2,823.0,72,80,9
F067475,Scottsdale,45-54,2,823.0,128,56,8
F038399,Scottsdale,25-34,2,823.0,64,100,10
F051589,Chandler,25-34,2,821.0,128,87,8
F003868,Chandler,45-54,2,821.0,144,75,8
F064389,Phoenix,45-54,3,821.0,72,90,10
F031573,Tempe,18-24,2,820.0,119,80,8
F026384,Glendale,18-24,3,820.0,86,60,10
F034581,Peoria,18-24,3,820.0,72,80,10
F017953,Tempe,25-34,6,820.0,86,52,11
F035310,Phoenix,45-54,3,820.0,122,80,9
F065259,Tempe,35-44,3,818.0,64,73,11
F072157,Mesa,35-44,2,818.0,89,100,10
F015919,Gilbert,25-34,2,818.0,86,60,9
F053655,Scottsdale,25-34,5,818.0,102,80,11
F046430,Scottsdale,45-54,2,817.0,148,90,8
F040641,Peoria,25-34,2,817.0,86,80,9
F030927,Scottsdale,25-34,2,817.0,107,60,9
F019650,Tempe,25-34,2,817.0,68,87,9
F020137,Scottsdale,18-24,2,816.0,148,100,8
F070890,Scottsdale,35-44,2,816.0,64,45,11
F034904,Out of State,25-34,6,816.0,128,80,10
F026132,Phoenix,35-44,2,816.0,89,80,9
F060314,Out of State,35-44,2,815.0,64,90,10
F019009,Scottsdale,35-44,4,815.0,80,92,10
F071175,Tempe,35-44,2,813.0,76,60,10
F005324,Peoria,25-34,2,813.0,141,70,8
F028867,Mesa,35-44,2,813.0,135,48,8
F065029,Chandler,25-34,2,812.0,162,80,8
F048972,Peoria,18-24,3,812.0,68,80,10
F015995,Tempe,45-54,7,811.0,68,96,11
F041755,Out of State,35-44,2,811.0,114,80,9
F017617,Phoenix,35-44,5,811.0,114,83,10
F005923,Phoenix,35-44,2,811.0,98,73,9
F013960,Phoenix,45-54,6,810.0,86,73,11
F057197,Phoenix,25-34,2,810.0,76,60,9
F050382,Scottsdale,18-24,2,810.0,132,84,8
F008657,Scottsdale,18-24,2,809.0,135,45,8
F005216,Tucson,25-34,6,809.0,80,96,11
F070649,Out of State,55-64,2,809.0,122,90,8
F064243,Chandler,18-24,2,808.0,132,70,8
F040094,Phoenix,35-44,4,808.0,80,90,10
F011462,Mesa,25-34,2,808.0,141,80,8
F041778,Phoenix,18-24,6,808.0,128,87,10
F023588,Gilbert,35-44,2,807.0,64,60,10
F061133,Tempe,25-34,3,807.0,128,36,9
F072589,Phoenix,35-44,2,806.0,141,73,9
F051517,Phoenix,25-34,3,806.0,64,87,11
F014199,Phoenix,45-54,2,806.0,148,80,8
F028290,Phoenix,35-44,2,805.0,114,80,9
F065575,Peoria,25-34,5,805.0,86,84,11
F020685,Glendale,35-44,2,804.0,94,80,9
F036714,Phoenix,25-34,3,803.0,107,67,10
F038717,Out of State,18-24,6,803.0,98,73,11
F054072,Scottsdale,45-54,5,802.0,111,60,11
F070810,Chandler,18-24,2,801.0,89,60,10
F069585,Tempe,55-64,2,801.0,141,73,8
F062273,Tempe,25-34,2,801.0,64,50,10
F049672,Out of State,25-34,6,800.0,80,80,11
F038777,Tempe,35-44,3,800.0,107,87,10
F044706,Mesa,18-24,3,800.0,98,76,10
F008933,Tempe,35-44,2,800.0,119,48,8
F008712,Scottsdale,35-44,2,800.0,141,68,8
F017835,Phoenix,35-44,2,799.0,64,58,10
F061198,Gilbert,35-44,3,799.0,132,60,9
F042110,Phoenix,25-34,2,798.0,86,73,9
F045610,Phoenix,35-44,2,798.0,89,60,9
F062860,Scottsdale,35-44,5,798.0,64,91,12
F043956,Out of State,25-34,2,797.0,68,60,9
F049330,Phoenix,55-64,2,797.0,111,26,9
F060060,Gilbert,18-24,2,797.0,128,60,8
F018650,Tucson,45-54,5,796.0,64,51,11
F069811,Scottsdale,25-34,2,795.0,68,73,9
F059583,Mesa,25-34,2,794.0,132,60,8
F011942,Phoenix,45-54,4,794.0,64,85,11
F043058,Out of State,18-24,2,794.0,166,87,8
F013506,Out of State,18-24,2,793.0,152,76,8
F041270,Mesa,25-34,2,793.0,89,100,9
F039939,Phoenix,35-44,2,792.0,94,80,9
F037646,Phoenix,18-24,2,792.0,128,73,8
F033243,Glendale,18-24,2,791.0,76,50,9
F039644,Phoenix,18-24,3,791.0,72,60,10
F051631,Mesa,25-34,2,790.0,114,87,9
F052744,Phoenix,25-34,2,790.0,72,80,9
F007151,Phoenix,25-34,2,789.0,64,60,10
F061976,Tempe,35-44,6,789.0,107,100,11
F071002,Phoenix,45-54,2,789.0,94,60,10
F004598,Glendale,25-34,3,789.0,64,96,10
F065185,Phoenix,45-54,2,789.0,94,100,9
F027535,Chandler,18-24,2,788.0,119,47,8
F056317,Out of State,35-44,2,788.0,135,60,8
F067955,Glendale,18-24,4,788.0,72,73,10
F066605,Scottsdale,35-44,2,788.0,119,40,8
F043513,Peoria,55-64,2,787.0,102,60,9
F025214,Chandler,45-54,5,787.0,64,80,11
F045933,Scottsdale,35-44,6,787.0,64,72,12
F019387,Gilbert,45-54,2,786.0,94,65,9
F026416,Scottsdale,35-44,3,786.0,64,48,11
F004381,Tempe,45-54,3,786.0,141,92,9
F005792,Phoenix,55-64,2,785.0,111,48,9
F042959,Mesa,25-34,3,785.0,68,87,10
F023305,Mesa,35-44,3,785.0,80,84,10
F067136,Phoenix,25-34,2,784.0,135,84,8
F040320,Out of State,25-34,2,784.0,144,76,8
F055053,Mesa,35-44,8,784.0,107,97,11
F050534,Phoenix,25-34,4,784.0,64,82,11
F013455,Mesa,18-24,3,784.0,89,76,10
F037076,Phoenix,25-34,5,783.0,68,74,10
F024254,Scottsdale,25-34,2,783.0,64,73,10
F008172,Scottsdale,25-34,3,782.0,86,76,10
F012942,Scottsdale,18-24,5,781.0,111,79,10
F055643,Phoenix,45-54,2,780.0,162,70,8
F048619,Out of State,25-34,2,780.0,152,60,8
F019156,Glendale,35-44,6,780.0,72,86,11
F060708,Phoenix,45-54,5,779.0,107,76,11
F008985,Tucson,55-64,2,779.0,102,100,9
F064325,Mesa,35-44,2,779.0,98,60,9
F044892,Scottsdale,35-44,6,779.0,64,90,12
F029149,Gilbert,35-44,3,779.0,98,87,10
F010788,Phoenix,35-44,2,778.0,86,87,9
F028426,Scottsdale,25-34,7,778.0,86,100,11
F051049,Mesa,25-34,3,778.0,132,67,9
F021683,Gilbert,25-34,7,778.0,114,60,11
F029618,Scottsdale,25-34,6,778.0,114,100,11
F020397,Out of State,45-54,2,777.0,128,80,8
F064010,Chandler,18-24,5,777.0,68,96,11
F021532,Mesa,35-44,2,777.0,128,58,8
F035739,Scottsdale,25-34,2,777.0,64,100,10
F027567,Phoenix,35-44,2,775.0,68,76,9
F007699,Phoenix,35-44,3,775.0,128,74,9
F064058,Scottsdale,35-44,2,775.0,128,80,8
F005686,Scottsdale,35-44,2,775.0,98,60,9
F039233,Scottsdale,25-34,2,774.0,64,80,10
F008415,Mesa,18-24,2,774.0,111,87,9
F039048,Scottsdale,35-44,2,773.0,158,37,8
F009900,Scottsdale,25-34,2,773.0,114,87,8
F057525,Phoenix,25-34,5,773.0,89,73,11
F066383,Phoenix,55-64,3,773.0,80,100,10
F062007,Scottsdale,25-34,2,773.0,64,60,10
F008928,Scottsdale,35-44,3,773.0,98,68,10
F020807,Gilbert,35-44,4,772.0,86,62,10
F025083,Tempe,25-34,2,772.0,94,66,9
F062263,Scottsdale,35-44,2,771.0,107,73,9
F030668,Scottsdale,35-44,4,771.0,86,96,10
F031491,Out of State,25-34,3,771.0,98,60,10
F048882,Out of State,25-34,2,770.0,141,76,8
F027269,Phoenix,35-44,6,770.0,94,66,11
F070393,Phoenix,18-24,2,769.0,158,73,8
F019994,Tempe,35-44,3,769.0,68,100,10
F027650,Chandler,35-44,2,769.0,76,80,9
F006778,Gilbert,18-24,2,768.0,68,60,9
F036284,Mesa,25-34,2,768.0,114,70,9
F014784,Chandler,45-54,2,768.0,162,70,8
F011012,Peoria,35-44,2,768.0,119,84,8
F031176,Peoria,25-34,2,768.0,135,80,8
F046567,Phoenix,35-44,2,768.0,98,87,9
F019001,Phoenix,35-44,2,768.0,128,60,8
F049109,Glendale,35-44,2,767.0,80,45,9
F045293,Chandler,18-24,2,767.0,102,87,9
F017168,Phoenix,35-44,6,767.0,132,80,10
F038126,Mesa,55-64,7,766.0,89,100,11
F061497,Phoenix,18-24,2,765.0,111,84,9
F059934,Scottsdale,45-54,2,765.0,80,68,9
F024413,Chandler,25-34,2,764.0,141,73,8
F049880,Chandler,55-64,3,763.0,122,64,9
F017387,Chandler,45-54,5,763.0,76,84,10
F070824,Chandler,35-44,7,763.0,80,100,11
F045334,Glendale,55-64,2,763.0,148,90,8
F029314,Phoenix,45-54,2,762.0,72,76,9
F024207,Gilbert,18-24,2,762.0,158,100,8
F046331,Tucson,35-44,3,761.0,64,100,11
F042880,Peoria,45-54,2,761.0,72,100,9
F023029,Glendale,35-44,2,761.0,148,93,8
F050364,Phoenix,45-54,2,761.0,89,60,9
F034689,Glendale,55-64,3,761.0,89,84,10
F041672,Tempe,35-44,2,759.0,111,43,9
F008436,Phoenix,25-34,2,759.0,152,68,8
F022778,Gilbert,35-44,4,758.0,80,81,10
F060886,Phoenix,25-34,3,757.0,89,100,10
F022223,Glendale,35-44,8,757.0,68,70,11
F059183,Tempe,18-24,3,757.0,80,90,10
F070041,Chandler,35-44,2,757.0,86,73,9
F014302,Phoenix,35-44,3,757.0,68,60,10
F048957,Mesa,35-44,3,756.0,72,48,10
F034120,Gilbert,35-44,2,755.0,98,60,9
F012591,Scottsdale,25-34,2,753.0,135,80,8
F013239,Gilbert,25-34,2,752.0,72,100,9
F056457,Mesa,25-34,7,751.0,89,100,11
F003674,Scottsdale,45-54,7,751.0,111,68,11
F035859,Phoenix,55-64,2,751.0,80,61,9
F045027,Phoenix,45-54,3,751.0,86,63,10
F060758,Phoenix,25-34,8,751.0,72,82,11
F020541,Tucson,35-44,3,751.0,107,88,10
F056256,Gilbert,25-34,2,750.0,128,60,8
F020575,Phoenix,18-24,3,750.0,80,53,10
F033962,Peoria,25-34,5,749.0,72,45,10
F070677,Phoenix,18-24,2,749.0,98,60,9
F068157,Phoenix,25-34,3,748.0,72,80,10
F044130,Tucson,18-24,4,748.0,72,73,10
F052632,Tempe,18-24,2,748.0,72,68,9
F008154,Mesa,35-44,2,748.0,114,60,8
F063961,Phoenix,25-34,2,748.0,158,56,8
F014492,Phoenix,45-54,7,747.0,80,73,11
F015894,Phoenix,35-44,2,747.0,158,70,8
F032386,Peoria,18-24,2,747.0,102,100,9
F003549,Mesa,45-54,2,747.0,119,100,8
F034415,Tempe,18-24,5,747.0,119,90,9
F025988,Gilbert,18-24,2,747.0,64,60,10
F016667,Phoenix,25-34,5,746.0,122,43,9
F053267,Phoenix,35-44,2,746.0,148,67,8
F063445,Mesa,35-44,2,746.0,114,60,9
F030024,Gilbert,35-44,2,745.0,135,87,8
F026163,Glendale,18-24,2,745.0,135,60,8
F028311,Tempe,18-24,3,745.0,68,70,10
F010248,Peoria,18-24,6,745.0,86,80,11
F068491,Glendale,25-34,3,745.0,76,70,10
F069101,Chandler,25-34,6,744.0,111,70,11
F061641,Tempe,18-24,2,744.0,119,100,8
F046936,Mesa,25-34,4,743.0,89,60,10
F059922,Phoenix,35-44,5,743.0,135,60,10
F030190,Phoenix,35-44,2,743.0,98,80,9
F006167,Phoenix,55-64,2,743.0,148,35,8
F062346,Glendale,55-64,2,743.0,111,73,9
F067155,Phoenix,35-44,2,743.0,98,54,9
F010476,Mesa,35-44,5,742.0,76,60,10
F050526,Tempe,35-44,2,742.0,86,60,9
F007767,Phoenix,18-24,2,742.0,72,100,9
F056522,Chandler,18-24,2,741.0,76,60,9
F042354,Out of State,45-54,5,741.0,135,60,10
F055545,Mesa,55-64,7,741.0,76,70,11
F026448,Phoenix,35-44,2,740.0,107,60,9
F018268,Scottsdale,45-54,2,740.0,68,73,9
F056916,Glendale,45-54,7,739.0,72,57,11
F013031,Mesa,45-54,3,739.0,72,80,10
F022415,Phoenix,35-44,5,739.0,86,82,10
F022705,Mesa,45-54,2,738.0,141,58,8
F036575,Glendale,18-24,2,738.0,148,73,8
F066389,Mesa,55-64,7,737.0,86,91,11
F018854,Out of State,45-54,2,737.0,86,70,9
F025784,Peoria,18-24,6,736.0,76,100,11
F015231,Phoenix,45-54,2,736.0,135,38,8
F054786,Glendale,18-24,2,736.0,64,60,10
F003438,Phoenix,25-34,2,736.0,98,50,9
F047095,Mesa,35-44,2,735.0,68,70,9
F070376,Glendale,35-44,2,735.0,132,87,8
F009556,Phoenix,35-44,2,735.0,158,80,8
F026798,Phoenix,45-54,2,734.0,148,68,8
F007719,Phoenix,18-24,2,734.0,64,45,10
F003363,Out of State,45-54,2,734.0,111,60,9
F036139,Chandler,18-24,6,734.0,80,60,11
F027168,Out of State,35-44,3,734.0,68,80,10
F045806,Scottsdale,25-34,2,734.0,86,70,9
F025198,Tempe,25-34,2,734.0,86,73,9
F064570,Phoenix,25-34,3,733.0,76,48,10
F039117,Tucson,45-54,7,733.0,72,70,11
F046172,Mesa,25-34,2,732.0,114,80,9
F051746,Peoria,25-34,3,732.0,80,63,10
F065277,Phoenix,35-44,6,732.0,80,100,11
F019323,Glendale,45-54,2,731.0,76,65,9
F038982,Out of State,45-54,2,731.0,86,80,9
F068079,Phoenix,35-44,2,731.0,64,60,10
F024718,Mesa,45-54,2,731.0,102,60,9
F026012,Tucson,18-24,2,731.0,72,80,9
F066455,Phoenix,18-24,3,731.0,132,60,9
F039329,Tucson,35-44,4,731.0,86,76,10
F040498,Phoenix,18-24,3,730.0,64,87,11
F072554,Tempe,25-34,2,729.0,122,73,9
F042605,Scottsdale,35-44,3,729.0,119,90,9
F024448,Phoenix,45-54,5,728.0,72,69,10
F045614,Mesa,35-44,4,728.0,68,60,10
F027512,Out of State,35-44,5,728.0,111,80,10
F049799,Tempe,35-44,2,728.0,122,50,8
F010405,Chandler,35-44,2,728.0,72,73,9
F024833,Phoenix,18-24,2,728.0,80,100,9
F072085,Tucson,18-24,2,728.0,98,80,10
F022881,Scottsdale,25-34,5,727.0,76,76,10
F042260,Phoenix,25-34,7,727.0,111,100,11
F019407,Mesa,18-24,2,727.0,114,87,9
F015923,Phoenix,18-24,2,726.0,144,76,8
F033284,Phoenix,45-54,3,726.0,135,68,9
F053144,Phoenix,45-54,2,725.0,135,73,8
F003207,Phoenix,35-44,2,725.0,68,60,9
F063638,Scottsdale,25-34,2,724.0,72,80,9
F035730,Glendale,35-44,3,723.0,144,52,9
F057809,Chandler,35-44,7,723.0,76,82,11
F020762,Phoenix,35-44,5,723.0,64,91,11
F068302,Peoria,25-34,2,723.0,119,100,8
F024436,Phoenix,35-44,2,723.0,86,57,9
F016836,Phoenix,45-54,2,722.0,72,100,9
F029916,Out of State,18-24,2,722.0,102,88,9
F038091,Phoenix,35-44,2,721.0,98,60,9
F046633,Tempe,35-44,2,721.0,64,80,10
F016561,Gilbert,35-44,2,721.0,80,20,9
F034984,Phoenix,45-54,2,721.0,111,56,9
F046468,Peoria,25-34,2,721.0,132,80,8
F042429,Chandler,35-44,2,721.0,102,57,9
F028455,Chandler,25-34,3,720.0,89,36,10
F044064,Phoenix,35-44,2,719.0,64,87,10
F070982,Mesa,45-54,3,719.0,98,60,10
F033060,Out of State,25-34,5,719.0,68,73,10
F039856,Chandler,18-24,2,719.0,94,80,9
F069091,Out of State,35-44,2,718.0,114,73,9
F034814,Chandler,45-54,2,718.0,89,32,9
F037625,Chandler,25-34,2,718.0,64,87,10
F063275,Gilbert,45-54,7,718.0,72,70,11
F071892,Phoenix,25-34,2,717.0,135,73,9
F015545,Out of State,35-44,3,717.0,68,73,10
F033846,Peoria,25-34,2,717.0,148,80,8
F057156,Phoenix,35-44,6,717.0,64,60,12
F035366,Phoenix,25-34,2,716.0,86,80,9
F035536,Phoenix,55-64,2,716.0,68,60,9
F057718,Phoenix,45-54,6,716.0,98,100,11
F054592,Scottsdale,18-24,5,716.0,64,100,12
F066382,Gilbert,45-54,2,716.0,98,60,9
F031209,Peoria,25-34,2,715.0,102,68,9
F060105,Tucson,55-64,2,714.0,135,68,8
F029074,Scottsdale,18-24,2,714.0,135,38,8
F062804,Phoenix,18-24,5,714.0,141,79,10
F016120,Mesa,55-64,2,714.0,128,48,8
F011507,Phoenix,18-24,2,714.0,122,84,8
F049710,Chandler,35-44,2,713.0,80,80,9
F010336,Phoenix,45-54,2,713.0,122,68,8
F023225,Scottsdale,18-24,2,713.0,64,100,10
F031875,Phoenix,25-34,2,713.0,76,76,9
F015368,Glendale,25-34,3,713.0,80,73,10
F006512,Out of State,45-54,4,712.0,128,89,9
F007316,Gilbert,55-64,3,711.0,94,70,10
F053771,Tempe,18-24,2,711.0,128,87,8
F022227,Out of State,18-24,2,711.0,107,90,9
F066792,Phoenix,45-54,4,711.0,107,92,10
F012170,Gilbert,35-44,2,710.0,98,90,9
F018310,Tempe,35-44,2,710.0,107,87,9
F017548,Phoenix,25-34,2,710.0,76,80,9
F053238,Phoenix,25-34,3,709.0,64,61,11
F045259,Peoria,45-54,2,709.0,135,68,8
F026018,Scottsdale,35-44,2,709.0,102,80,9
F035141,Out of State,25-34,2,708.0,72,80,9
F023454,Peoria,18-24,2,708.0,64,73,10
F010693,Tempe,35-44,6,708.0,64,91,12
F022918,Gilbert,35-44,2,707.0,132,73,8
F012266,Chandler,18-24,3,707.0,107,84,10
F023917,Glendale,25-34,2,707.0,132,73,8
F024437,Phoenix,18-24,2,707.0,152,80,8
F053252,Mesa,18-24,2,706.0,114,70,9
F050597,Phoenix,25-34,6,706.0,64,80,12
F026507,Phoenix,35-44,2,706.0,76,87,9
F045633,Phoenix,25-34,2,705.0,132,73,8
F011945,Tempe,18-24,2,705.0,128,80,8
F040104,Mesa,35-44,5,704.0,86,80,10
F038508,Phoenix,35-44,4,704.0,98,80,10
F057194,Chandler,18-24,6,704.0,102,100,11
F064834,Phoenix,18-24,2,704.0,107,73,9
F003927,Phoenix,35-44,2,704.0,128,70,8
F015182,Tucson,18-24,3,703.0,135,49,9
F040798,Phoenix,18-24,2,703.0,107,70,9
F041199,Phoenix,25-34,2,703.0,152,60,8
F048247,Chandler,45-54,4,703.0,64,100,11
F019418,Tempe,35-44,2,703.0,76,60,9
F060815,Out of State,45-54,2,702.0,135,60,8
F055693,Tempe,25-34,2,702.0,141,60,8
F010275,Phoenix,55-64,3,702.0,68,100,10
F015098,Tempe,25-34,2,702.0,86,73,9
F011625,Phoenix,25-34,2,702.0,72,50,9
F044099,Glendale,45-54,2,702.0,135,90,8
F029352,Chandler,55-64,2,701.0,162,76,8
F049981,Mesa,18-24,5,701.0,94,80,11
F004872,Glendale,18-24,6,701.0,68,73,11
F036387,Phoenix,35-44,4,701.0,76,87,10
F045909,Tempe,25-34,2,700.0,132,73,8
F004667,Gilbert,35-44,2,700.0,107,87,9
F003203,Phoenix,25-34,2,700.0,76,100,9
F064752,Chandler,18-24,2,700.0,122,72,8
F067405,Gilbert,25-34,2,700.0,68,80,9
F041057,Tempe,18-24,2,699.0,86,84,9
F037702,Glendale,55-64,2,699.0,98,67,9
F043303,Phoenix,35-44,5,699.0,102,60,11
F045346,Scottsdale,45-54,5,699.0,132,86,10
F033202,Out of State,35-44,3,699.0,76,90,10
F009181,Phoenix,45-54,2,699.0,119,80,8
F053779,Glendale,45-54,2,698.0,132,84,8
F007370,Tempe,18-24,4,698.0,76,60,10
F069122,Mesa,18-24,2,698.0,86,45,9
F030177,Peoria,18-24,7,698.0,114,80,11
F013770,Scottsdale,25-34,2,698.0,64,100,10
F042142,Gilbert,45-54,2,697.0,141,73,8
F011401,Gilbert,25-34,2,697.0,72,77,9
F027613,Phoenix,45-54,2,696.0,80,60,9
F056785,Out of State,25-34,2,696.0,128,70,8
F029322,Scottsdale,18-24,3,696.0,68,80,10
F007639,Phoenix,25-34,2,696.0,76,73,9
F039017,Tempe,18-24,2,695.0,86,60,9
F037771,Mesa,25-34,2,695.0,86,87,9
F014143,Scottsdale,35-44,2,695.0,111,60,9
F014854,Phoenix,18-24,6,695.0,114,56,11
F059549,Scottsdale,45-54,2,695.0,141,68,8
F027306,Chandler,25-34,2,694.0,68,87,9
F062153,Phoenix,35-44,6,694.0,98,88,11
F011957,Peoria,25-34,2,694.0,80,60,9
F019986,Chandler,55-64,2,694.0,86,58,9
F008628,Phoenix,25-34,5,693.0,64,80,11
F066447,Scottsdale,18-24,2,693.0,64,73,10
F017230,Tempe,25-34,2,693.0,80,100,9
F041408,Scottsdale,25-34,2,692.0,122,62,8
F046880,Phoenix,35-44,3,692.0,141,68,9
F045970,Gilbert,45-54,6,692.0,98,47,11
F051080,Phoenix,18-24,7,692.0,86,68,11
F046436,Tempe,18-24,2,692.0,89,80,9
F009488,Phoenix,45-54,2,691.0,86,60,9
F018934,Phoenix,25-34,4,691.0,80,81,10
F033763,Tucson,18-24,2,691.0,128,73,8
F033931,Chandler,55-64,2,690.0,122,76,8
F016412,Phoenix,35-44,2,690.0,68,33,9
F070076,Phoenix,25-34,2,690.0,98,40,9
F054063,Tucson,18-24,2,690.0,64,45,10
F052361,Phoenix,25-34,2,690.0,80,60,9
F048152,Peoria,55-64,2,690.0,132,60,8
F038462,Gilbert,25-34,2,690.0,114,73,9
F071659,Glendale,35-44,2,688.0,89,100,10
F021021,Mesa,45-54,2,688.0,80,60,9
F040347,Scottsdale,18-24,2,688.0,86,90,9
F061398,Phoenix,25-34,4,688.0,72,60,10
F033124,Out of State,18-24,2,687.0,98,34,9
F009167,Mesa,35-44,2,687.0,111,85,9
F070225,Scottsdale,55-64,4,687.0,114,80,10
F003213,Peoria,35-44,2,687.0,148,76,8
F054237,Tempe,25-34,5,687.0,72,44,11
F009707,Phoenix,18-24,2,687.0,64,60,10
F027077,Phoenix,18-24,3,687.0,76,60,10
F012846,Phoenix,45-54,3,686.0,114,60,10
F033372,Phoenix,35-44,2,686.0,158,87,8
F044463,Tempe,25-34,2,686.0,86,58,9
F057248,Phoenix,35-44,2,685.0,128,92,8
F044373,Tempe,18-24,5,685.0,94,60,11
F059312,Scottsdale,25-34,2,685.0,86,70,9
F051004,Phoenix,45-54,5,685.0,76,80,11
F071200,Phoenix,35-44,2,684.0,86,65,10
F012051,Phoenix,25-34,4,684.0,102,60,10
F067822,Gilbert,45-54,2,684.0,144,30,8
F005464,Phoenix,35-44,2,683.0,86,100,9
F059340,Phoenix,25-34,6,683.0,135,67,10
F028083,Chandler,18-24,5,683.0,76,71,10
F056607,Peoria,45-54,2,683.0,102,60,9
F010101,Mesa,25-34,3,683.0,107,80,10
F058272,Glendale,25-34,3,682.0,86,68,10
F026690,Phoenix,35-44,2,682.0,76,73,9
F035075,Glendale,18-24,3,682.0,89,60,10
F069835,Chandler,55-64,2,682.0,111,80,9
F056641,Phoenix,25-34,2,681.0,148,60,8
F027719,Out of State,25-34,7,681.0,86,80,11
F025782,Mesa,35-44,2,681.0,119,40,8
F049609,Phoenix,25-34,5,681.0,141,73,10
F009975,Phoenix,35-44,2,681.0,135,84,8
F009019,Gilbert,35-44,2,681.0,141,58,8
F028674,Scottsdale,55-64,3,680.0,80,87,10
F054167,Gilbert,45-54,4,680.0,148,90,9
F019015,Peoria,25-34,4,679.0,80,84,10
F066190,Tempe,45-54,2,679.0,89,80,9
F019977,Mesa,35-44,5,678.0,72,76,10
F028827,Mesa,25-34,2,678.0,64,60,10
F060457,Phoenix,45-54,2,678.0,86,60,9
F005451,Glendale,25-34,2,677.0,86,87,9
F041217,Out of State,18-24,2,677.0,128,87,8
F062172,Gilbert,18-24,4,676.0,102,70,10
F045573,Phoenix,25-34,2,676.0,135,46,8
F061652,Glendale,45-54,6,675.0,76,70,11
F012173,Mesa,18-24,4,675.0,141,73,9
F011826,Gilbert,45-54,2,675.0,148,15,8
F035573,Peoria,25-34,4,674.0,132,89,9
F052258,Out of State,18-24,2,674.0,64,100,10
F030019,Scottsdale,25-34,2,674.0,132,70,8
F048922,Scottsdale,18-24,2,674.0,162,70,8
F014068,Glendale,18-24,2,673.0,86,70,9
F003876,Peoria,35-44,2,673.0,128,60,8
F021655,Phoenix,25-34,2,673.0,132,80,8
F033171,Scottsdale,25-34,2,673.0,94,100,9
F052413,Peoria,35-44,4,672.0,102,76,10
F059799,Phoenix,35-44,2,672.0,141,70,8
F051686,Gilbert,45-54,2,670.0,80,80,9
F016063,Tempe,35-44,6,669.0,68,100,11
F072438,Phoenix,35-44,2,669.0,94,80,10
F067962,Mesa,45-54,2,669.0,152,100,8
F053975,Phoenix,55-64,3,669.0,98,100,10
F047707,Phoenix,18-24,2,669.0,80,84,9
F024029,Out of State,18-24,5,669.0,114,80,10
F017574,Phoenix,45-54,5,669.0,72,70,10
F019803,Glendale,25-34,2,668.0,76,35,9
F028750,Tempe,45-54,4,668.0,122,70,9
F022927,Out of State,35-44,2,668.0,111,100,9
F026990,Phoenix,45-54,4,668.0,64,60,11
F026282,Glendale,25-34,4,668.0,72,60,10
F034957,Phoenix,25-34,5,668.0,128,60,9
F023985,Gilbert,45-54,2,667.0,98,73,9
F012716,Phoenix,25-34,2,667.0,80,73,9
F016451,Glendale,25-34,3,667.0,68,76,10
F048083,Glendale,18-24,4,667.0,94,87,10
F049597,Peoria,45-54,2,666.0,64,60,10
F031525,Scottsdale,45-54,2,666.0,76,70,9
F056497,Tempe,25-34,4,666.0,64,60,11
F004319,Gilbert,25-34,3,665.0,141,87,9
F020647,Tucson,35-44,2,665.0,119,60,8
F067271,Mesa,35-44,4,665.0,86,80,10
F032544,Gilbert,35-44,2,665.0,86,60,9
F024695,Phoenix,35-44,3,665.0,86,67,10
F056742,Scottsdale,18-24,2,665.0,80,90,9
F040057,Chandler,25-34,2,664.0,76,80,9
F063670,Tucson,18-24,4,664.0,64,76,11
F057093,Phoenix,35-44,2,664.0,72,80,9
F031370,Scottsdale,25-34,2,664.0,72,45,9
F003280,Phoenix,55-64,2,663.0,68,87,9
F026785,Gilbert,35-44,2,663.0,76,80,9
F018888,Tempe,35-44,3,663.0,68,80,10
F007653,Chandler,45-54,2,663.0,128,100,8
F070588,Phoenix,25-34,2,662.0,86,100,9
F019328,Phoenix,45-54,2,662.0,158,76,8
F054463,Glendale,35-44,4,662.0,132,80,9
F019225,Scottsdale,35-44,3,662.0,98,70,10
F040661,Peoria,18-24,2,662.0,111,70,9
F043656,Peoria,35-44,2,662.0,68,60,9
F027161,Tucson,25-34,2,661.0,102,45,9
F050993,Chandler,35-44,2,661.0,135,60,8
F029310,Tempe,35-44,2,661.0,64,100,10
F066876,Phoenix,55-64,5,661.0,64,73,12
F056543,Glendale,18-24,5,661.0,119,87,10
F056119,Peoria,25-34,2,660.0,114,85,9
F045534,Phoenix,35-44,2,660.0,128,60,8
F069799,Gilbert,18-24,3,660.0,122,87,9
F056474,Chandler,18-24,3,660.0,86,68,10
F028787,Glendale,45-54,2,660.0,135,60,8
F064620,Peoria,18-24,2,660.0,98,87,9
F016138,Chandler,25-34,3,660.0,72,63,10
F029665,Peoria,45-54,2,660.0,128,75,8
F044771,Phoenix,45-54,2,659.0,128,60,8
F064540,Phoenix,45-54,2,658.0,64,87,10
F032797,Glendale,45-54,2,658.0,76,60,9
F026676,Scottsdale,55-64,2,658.0,80,73,9
F013659,Phoenix,18-24,2,658.0,132,76,8
F003296,Mesa,35-44,5,658.0,68,73,10
F068015,Peoria,45-54,6,657.0,76,71,11
F037412,Phoenix,45-54,6,657.0,76,60,11
F060455,Chandler,45-54,3,656.0,135,89,9
F004010,Out of State,25-34,2,656.0,119,100,8
F065799,Chandler,25-34,2,656.0,76,80,9
F020092,Phoenix,35-44,2,655.0,94,73,9
F049842,Gilbert,25-34,2,654.0,144,80,8
F071025,Phoenix,45-54,2,654.0,76,100,10
F048993,Tucson,35-44,6,654.0,68,80,11
F054530,Peoria,18-24,5,654.0,102,60,11
F003721,Phoenix,45-54,2,654.0,76,100,9
F035163,Out of State,25-34,4,653.0,86,80,10
F004099,Scottsdale,65+,3,653.0,94,73,10
F023789,Phoenix,25-34,3,653.0,119,90,9
F050243,Phoenix,25-34,3,653.0,64,80,11
F054290,Chandler,55-64,2,653.0,122,100,8
F011510,Gilbert,18-24,3,653.0,76,87,10
F043102,Phoenix,35-44,4,652.0,107,100,10
F050219,Scottsdale,65+,4,652.0,64,73,11
F013735,Out of State,35-44,2,652.0,102,60,9
F053405,Phoenix,18-24,2,652.0,89,30,9
F037199,Phoenix,25-34,3,652.0,119,80,9
F037105,Phoenix,45-54,2,651.0,76,80,9
F059257,Gilbert,35-44,2,651.0,72,60,9
F046233,Tempe,18-24,2,651.0,135,28,8
F063108,Scottsdale,18-24,2,651.0,144,70,8
F027769,Tempe,35-44,3,650.0,68,84,10
F055957,Chandler,45-54,3,650.0,76,100,10
F008288,Phoenix,25-34,5,649.0,86,82,10
F026372,Scottsdale,35-44,2,649.0,80,80,9
F012128,Phoenix,25-34,2,649.0,72,100,9
F015413,Phoenix,25-34,2,649.0,98,60,9
F046314,Glendale,25-34,5,648.0,72,56,11
F004254,Tempe,18-24,2,648.0,141,70,8
F025842,Mesa,45-54,2,648.0,122,67,8
F058803,Glendale,25-34,5,647.0,114,57,11
F010227,Peoria,18-24,2,647.0,86,87,9
F018176,Peoria,45-54,3,647.0,132,79,9
F034272,Chandler,25-34,2,647.0,135,50,8
F037239,Mesa,35-44,2,647.0,89,87,9
F005149,Glendale,18-24,2,647.0,135,60,8
F033727,Phoenix,35-44,3,646.0,64,60,11
F044866,Glendale,35-44,2,646.0,148,68,8
F014008,Tempe,25-34,2,646.0,135,76,8
F044008,Phoenix,55-64,2,646.0,64,100,10
F011954,Out of State,18-24,2,645.0,122,100,8
F013618,Glendale,35-44,3,645.0,80,84,10
F044331,Phoenix,18-24,3,645.0,111,73,10
F018530,Scottsdale,18-24,2,645.0,76,73,9
F060972,Tempe,18-24,2,645.0,132,87,8
F008026,Phoenix,25-34,3,645.0,107,73,10
F053813,Tempe,18-24,2,644.0,80,67,9
F031333,Peoria,35-44,2,644.0,98,80,9
F030608,Tempe,45-54,6,643.0,72,76,11
F065361,Gilbert,45-54,4,643.0,86,73,10
F016502,Phoenix,25-34,2,642.0,94,70,9
F028122,Scottsdale,35-44,2,642.0,64,60,10
F056507,Out of State,18-24,2,642.0,80,100,9
F071986,Glendale,45-54,2,642.0,122,70,9
F034717,Tempe,45-54,2,642.0,64,53,10
F043172,Out of State,35-44,2,642.0,114,87,9
F046024,Phoenix,45-54,4,642.0,111,90,10
F063477,Scottsdale,45-54,4,642.0,111,90,10
F050453,Phoenix,35-44,4,641.0,119,60,9
F027116,Phoenix,55-64,2,640.0,114,100,9
F015437,Scottsdale,45-54,3,640.0,128,50,9
F034839,Mesa,55-64,2,640.0,80,87,9
F065290,Glendale,35-44,3,640.0,141,70,9
F010891,Scottsdale,45-54,4,639.0,64,64,11
F060385,Mesa,55-64,2,639.0,114,80,9
F019810,Peoria,45-54,2,638.0,102,87,9
F012419,Phoenix,18-24,2,638.0,68,100,9
F056520,Phoenix,25-34,2,638.0,119,80,8
F016587,Peoria,25-34,2,637.0,76,80,9
F008563,Tempe,25-34,2,637.0,68,80,9
F030912,Mesa,18-24,4,637.0,72,60,10
F011626,Chandler,18-24,5,637.0,122,73,9
F033905,Phoenix,65+,5,637.0,64,55,11
F072013,Phoenix,18-24,6,636.0,86,58,11
F066790,Glendale,35-44,3,636.0,132,73,9
F053981,Tucson,45-54,2,636.0,86,45,9
F064128,Chandler,18-24,2,636.0,64,43,10
F029128,Scottsdale,55-64,2,636.0,148,68,8
F016758,Scottsdale,18-24,5,636.0,86,79,10
F021049,Chandler,25-34,2,635.0,94,60,9
F065480,Mesa,45-54,4,635.0,64,100,11
F040835,Tempe,35-44,6,635.0,86,100,11
F068980,Mesa,25-34,4,634.0,122,80,9
F057453,Mesa,35-44,2,634.0,166,77,8
F025833,Mesa,25-34,3,634.0,80,60,10
F024751,Phoenix,35-44,2,634.0,86,100,9
F032147,Phoenix,25-34,3,634.0,102,62,10
F062250,Phoenix,65+,6,634.0,76,71,11
F037219,Glendale,35-44,2,633.0,98,80,9
F007326,Tempe,35-44,5,633.0,107,100,10
F054825,Out of State,18-24,5,633.0,80,80,11
F008931,Phoenix,35-44,4,633.0,111,80,10
F072868,Scottsdale,35-44,6,632.0,107,100,11
F056481,Phoenix,25-34,2,632.0,132,80,8
F039931,Phoenix,25-34,2,632.0,86,90,9
F053630,Scottsdale,18-24,3,632.0,114,74,10
F060541,Phoenix,25-34,4,632.0,64,100,11
F050887,Phoenix,45-54,2,632.0,144,80,8
F067232,Gilbert,18-24,3,632.0,86,65,10
F042153,Tempe,35-44,3,631.0,86,80,10
F065326,Phoenix,35-44,2,631.0,122,40,8
F006200,Tempe,45-54,4,631.0,86,84,10
F020206,Tucson,55-64,2,631.0,144,84,8
F004325,Phoenix,45-54,5,630.0,68,60,10
F034786,Glendale,25-34,6,629.0,72,91,11
F015495,Phoenix,25-34,4,629.0,72,60,10
F020461,Glendale,18-24,2,629.0,111,87,9
F005303,Scottsdale,35-44,2,628.0,162,60,8
F006246,Tempe,25-34,2,628.0,89,100,9
F055589,Phoenix,18-24,4,626.0,98,100,10
F045519,Out of State,25-34,2,626.0,72,87,9
F064857,Chandler,35-44,2,626.0,114,80,9
F045002,Phoenix,18-24,4,626.0,86,70,10
F017876,Phoenix,45-54,4,625.0,86,37,10
F004479,Scottsdale,25-34,2,625.0,122,70,8
F059172,Phoenix,55-64,2,624.0,107,90,9
F040879,Gilbert,35-44,2,624.0,152,84,8
F043103,Out of State,35-44,5,624.0,80,48,11
F027671,Phoenix,25-34,2,624.0,72,60,9
F045877,Chandler,18-24,5,624.0,98,75,11
F012702,Phoenix,35-44,4,623.0,107,80,10
F022573,Glendale,25-34,4,623.0,98,70,10
F030989,Tempe,55-64,5,623.0,76,69,10
F065341,Glendale,25-34,2,623.0,76,80,9
F052765,Scottsdale,18-24,3,623.0,64,74,11
F021777,Phoenix,45-54,2,622.0,111,60,9
F067732,Tucson,18-24,2,622.0,107,70,9
F054315,Scottsdale,18-24,2,622.0,76,73,9
F028717,Glendale,35-44,2,622.0,94,65,9
F048092,Scottsdale,25-34,2,622.0,102,76,9
F051749,Phoenix,35-44,4,622.0,98,70,10
F020328,Chandler,45-54,2,621.0,98,87,9
F056360,Phoenix,18-24,6,621.0,119,56,10
F011727,Gilbert,25-34,3,621.0,68,73,10
F065312,Tucson,18-24,2,621.0,98,90,9
F045185,Glendale,35-44,4,621.0,80,75,10
F049847,Tempe,25-34,2,620.0,80,30,9
F038905,Phoenix,25-34,2,620.0,72,30,9
F071780,Scottsdale,18-24,4,620.0,122,80,9
F040843,Out of State,35-44,2,620.0,114,50,9
F057411,Phoenix,35-44,2,619.0,132,50,8
F005992,Scottsdale,25-34,4,619.0,80,73,10
F025642,Phoenix,18-24,3,619.0,86,100,10
F061193,Mesa,35-44,2,619.0,128,92,8
F063137,Phoenix,45-54,4,618.0,122,73,9
F018726,Out of State,45-54,3,618.0,122,70,9
F062389,Gilbert,18-24,2,618.0,122,90,8
F068036,Scottsdale,35-44,3,618.0,122,70,9
F036571,Phoenix,35-44,4,618.0,107,75,10
F064890,Phoenix,45-54,5,618.0,94,90,11
F056025,Out of State,45-54,4,617.0,86,70,10
F022321,Glendale,45-54,5,617.0,119,73,9
F007705,Chandler,55-64,3,617.0,72,73,10
F052354,Chandler,35-44,4,616.0,122,87,9
F046636,Phoenix,45-54,4,615.0,89,60,10
F027380,Chandler,35-44,2,615.0,152,92,8
F022876,Phoenix,25-34,6,615.0,72,68,11
F054787,Phoenix,25-34,2,615.0,107,100,9
F031601,Scottsdale,25-34,5,615.0,72,65,10
F037207,Tempe,25-34,2,614.0,111,87,9
F041142,Phoenix,25-34,2,614.0,166,73,8
F033004,Phoenix,18-24,3,614.0,122,76,9
F026215,Phoenix,55-64,2,614.0,72,45,9
F042578,Out of State,25-34,5,613.0,72,100,11
F016277,Tucson,25-34,6,613.0,94,90,11
F072685,Glendale,45-54,2,613.0,111,87,10
F057423,Phoenix,25-34,2,613.0,122,90,8
F043992,Phoenix,35-44,2,613.0,144,87,8
F068406,Tempe,45-54,2,613.0,80,80,9
F068382,Tucson,18-24,5,613.0,86,80,11
F064749,Peoria,35-44,2,612.0,132,87,8
F026815,Tempe,45-54,7,612.0,94,95,11
F029937,Phoenix,35-44,4,612.0,80,87,10
F038836,Phoenix,25-34,2,612.0,122,25,8
F017481,Tempe,45-54,2,611.0,135,45,8
F008230,Phoenix,25-34,3,611.0,86,87,10
F003829,Scottsdale,25-34,2,611.0,86,100,9
F044922,Scottsdale,35-44,6,611.0,68,96,11
F022900,Gilbert,45-54,3,611.0,64,73,11
F029527,Mesa,35-44,6,611.0,72,66,11
F056223,Gilbert,45-54,2,610.0,102,58,9
F011940,Tempe,55-64,2,610.0,107,60,9
F044692,Phoenix,35-44,2,610.0,119,70,8
F007324,Phoenix,35-44,6,609.0,76,60,11
F028343,Scottsdale,45-54,3,609.0,64,80,11
F027459,Tucson,18-24,6,609.0,64,84,12
F041457,Scottsdale,45-54,3,608.0,86,80,10
F003807,Out of State,45-54,2,608.0,152,70,8
F003591,Phoenix,25-34,4,608.0,72,100,10
F047562,Out of State,35-44,3,608.0,64,70,11
F056992,Peoria,35-44,5,607.0,72,91,11
F004032,Scottsdale,45-54,2,607.0,76,60,9
F023528,Scottsdale,35-44,3,607.0,111,60,10
F035960,Mesa,18-24,5,607.0,64,81,11
F024018,Phoenix,35-44,3,607.0,64,60,11
F016772,Out of State,25-34,3,607.0,76,68,10
F044078,Tucson,18-24,3,606.0,86,60,9
F070262,Phoenix,25-34,2,606.0,72,50,8
F037952,Chandler,25-34,2,605.0,68,60,8
F011438,Phoenix,55-64,2,605.0,132,60,7
F020377,Scottsdale,25-34,2,605.0,119,60,7
F055143,Tempe,45-54,2,604.0,122,100,7
F027452,Tucson,65+,5,604.0,122,95,8
F016698,Scottsdale,25-34,5,604.0,68,76,9
F054851,Chandler,18-24,2,603.0,158,51,7
F022683,Mesa,45-54,2,603.0,89,80,8
F010780,Tempe,45-54,2,603.0,94,67,8
F034207,Scottsdale,55-64,2,603.0,119,100,7
F070337,Peoria,18-24,3,602.0,80,100,9
F042604,Gilbert,25-34,5,602.0,86,87,10
F045448,Chandler,55-64,4,602.0,72,73,9
F015963,Chandler,35-44,5,602.0,98,75,9
F040492,Phoenix,35-44,2,602.0,132,87,7
F069664,Out of State,35-44,2,601.0,111,70,8
F047219,Tempe,45-54,2,601.0,98,75,8
F058338,Scottsdale,18-24,2,600.0,128,70,7
F065624,Scottsdale,25-34,2,600.0,68,60,8
F070960,Scottsdale,25-34,2,599.0,72,65,9
F013236,Scottsdale,35-44,2,599.0,107,60,8
F012972,Gilbert,18-24,3,599.0,76,73,9
F042019,Glendale,35-44,6,599.0,98,73,10
F003679,Phoenix,35-44,2,598.0,64,60,8
F008410,Glendale,65+,2,598.0,72,60,8
F046587,Mesa,45-54,4,597.0,114,90,9
F028547,Gilbert,45-54,2,597.0,86,87,8
F065208,Peoria,25-34,2,597.0,135,80,7
F025910,Phoenix,18-24,4,597.0,111,100,9
F006656,Scottsdale,18-24,2,597.0,141,100,7
F060607,Chandler,55-64,3,596.0,144,60,8
F003818,Glendale,35-44,5,596.0,119,72,8
F020679,Out of State,55-64,2,596.0,128,80,7
F058258,Gilbert,18-24,2,595.0,80,100,8
F054284,Chandler,18-24,4,595.0,128,73,8
F059888,Chandler,45-54,2,595.0,162,70,7
F056400,Tempe,45-54,3,595.0,107,90,9
F020169,Glendale,55-64,5,594.0,98,80,9
F050163,Chandler,45-54,4,594.0,128,85,8
F007770,Phoenix,18-24,2,594.0,86,73,8
F052833,Phoenix,35-44,2,593.0,68,90,8
F029568,Scottsdale,45-54,2,593.0,158,61,7
F022256,Scottsdale,55-64,2,593.0,68,73,8
F069073,Glendale,25-34,2,593.0,119,100,7
F061274,Peoria,25-34,5,593.0,94,69,10
F045202,Phoenix,45-54,5,592.0,76,80,10
F012489,Phoenix,45-54,2,592.0,89,100,8
F061432,Glendale,35-44,6,592.0,89,76,10
F038234,Tucson,45-54,4,591.0,128,90,8
F014550,Chandler,18-24,2,591.0,141,75,7
F015552,Gilbert,25-34,2,591.0,94,80,8
F022457,Scottsdale,55-64,5,591.0,114,68,9
F030148,Mesa,25-34,3,590.0,102,87,9
F034096,Tempe,35-44,2,590.0,76,100,8
F014651,Tempe,35-44,5,590.0,119,68,8
F070931,Phoenix,25-34,2,589.0,107,80,9
F020352,Glendale,35-44,2,589.0,68,80,8
F033057,Chandler,35-44,4,589.0,98,87,9
F064575,Out of State,35-44,2,589.0,86,80,8
F046312,Mesa,35-44,2,588.0,98,65,8
F010182,Scottsdale,18-24,4,588.0,114,100,8
F010316,Tempe,25-34,2,588.0,72,100,8
F033959,Scottsdale,45-54,2,588.0,114,60,8
F047160,Scottsdale,25-34,2,588.0,98,100,8
F049142,Chandler,35-44,3,588.0,102,73,9
F031387,Phoenix,25-34,4,588.0,107,75,9
F013819,Gilbert,25-34,2,587.0,86,80,8
F007522,Tucson,45-54,6,587.0,80,100,10
F063423,Phoenix,35-44,2,587.0,64,80,9
F052968,Phoenix,45-54,4,587.0,128,80,8
F072190,Phoenix,18-24,4,587.0,119,87,8
F050420,Peoria,35-44,2,587.0,144,87,7
F035926,Chandler,18-24,2,587.0,119,80,7
F009934,Phoenix,35-44,3,587.0,76,90,9
F067896,Peoria,25-34,2,587.0,128,60,7
F025550,Peoria,45-54,6,586.0,98,75,10
F057498,Phoenix,45-54,2,586.0,132,76,7
F062277,Phoenix,35-44,4,586.0,72,87,9
F047974,Scottsdale,45-54,2,586.0,89,73,8
F018936,Phoenix,25-34,2,586.0,162,70,7
F028725,Phoenix,18-24,3,586.0,64,80,10
F017623,Mesa,25-34,2,585.0,152,76,7
F035443,Tempe,35-44,5,585.0,76,62,9
F017955,Phoenix,35-44,3,585.0,98,87,9
F027344,Tucson,45-54,5,585.0,80,95,9
F025118,Tempe,45-54,5,585.0,68,48,9
F003067,Scottsdale,35-44,2,585.0,158,60,7
F062034,Out of State,35-44,5,585.0,102,80,10
F061769,Glendale,25-34,4,584.0,64,90,10
F068993,Gilbert,25-34,2,584.0,86,100,8
F036624,Phoenix,45-54,2,583.0,111,80,8
F011446,Phoenix,18-24,2,583.0,98,73,8
F026699,Peoria,25-34,4,583.0,64,60,10
F021867,Out of State,35-44,4,583.0,86,79,9
F055022,Phoenix,35-44,2,582.0,166,80,7
F043278,Gilbert,45-54,5,582.0,94,100,10
F050220,Scottsdale,35-44,3,582.0,86,70,9
F019457,Phoenix,35-44,2,581.0,132,77,7
F057034,Out of State,25-34,4,581.0,64,80,10
F037847,Scottsdale,25-34,4,581.0,76,60,9
F005181,Phoenix,18-24,2,581.0,86,87,8
F037329,Glendale,18-24,4,581.0,64,80,10
F070689,Phoenix,25-34,2,580.0,166,68,7
F056179,Phoenix,18-24,4,580.0,148,49,8
F029581,Gilbert,35-44,3,580.0,64,100,10
F027477,Phoenix,25-34,2,580.0,141,56,7
F070862,Gilbert,25-34,5,580.0,86,81,10
F033825,Phoenix,25-34,2,579.0,76,77,8
F053430,Out of State,25-34,2,579.0,94,80,8
F071124,Phoenix,45-54,2,578.0,94,73,9
F042414,Mesa,25-34,3,578.0,80,90,9
F032505,Phoenix,25-34,6,578.0,128,45,9
F033806,Glendale,35-44,2,578.0,122,60,7
F069972,Phoenix,55-64,2,577.0,111,80,8
F025680,Tempe,18-24,2,577.0,119,80,7
F044918,Mesa,35-44,5,577.0,80,80,10
F068556,Mesa,25-34,2,577.0,144,55,7
F019840,Mesa,18-24,2,576.0,111,87,8
F064732,Chandler,55-64,2,576.0,64,73,9
F036323,Glendale,25-34,2,576.0,111,73,8
F064639,Glendale,35-44,5,576.0,144,76,9
F004573,Glendale,18-24,4,575.0,102,60,9
F067834,Tempe,18-24,3,575.0,86,87,9
F041430,Tucson,45-54,4,575.0,86,80,9
F008817,Phoenix,25-34,3,575.0,64,80,10
F026025,Phoenix,55-64,2,574.0,89,60,8
F043694,Phoenix,35-44,4,574.0,98,87,9
F063957,Phoenix,18-24,5,574.0,107,80,10
F069990,Chandler,25-34,2,574.0,119,90,7
F055014,Tucson,35-44,2,574.0,89,87,8
F017711,Phoenix,55-64,4,574.0,86,87,9
F064687,Phoenix,35-44,4,573.0,98,87,9
F063760,Peoria,25-34,4,573.0,141,87,8
F067706,Scottsdale,55-64,6,573.0,98,73,10
F027782,Mesa,18-24,2,573.0,64,90,9
F009613,Scottsdale,18-24,2,573.0,111,80,8
F033524,Tempe,45-54,4,573.0,64,74,10
F008917,Mesa,35-44,4,572.0,119,72,8
F070858,Scottsdale,25-34,2,572.0,132,73,8
F029359,Phoenix,35-44,4,572.0,141,80,8
F027826,Phoenix,25-34,6,572.0,114,60,10
F049798,Mesa,25-34,6,571.0,94,60,10
F065912,Phoenix,25-34,2,571.0,86,87,8
F015572,Phoenix,25-34,2,571.0,89,80,8
F046573,Gilbert,25-34,6,571.0,72,85,10
F046478,Phoenix,55-64,4,570.0,76,87,9
F016832,Tempe,25-34,5,570.0,98,100,9
F012378,Mesa,45-54,3,570.0,72,60,9
F007448,Phoenix,25-34,2,569.0,107,92,8
F012221,Chandler,55-64,2,569.0,94,30,8
F028713,Mesa,35-44,3,569.0,148,81,8
F005016,Phoenix,18-24,2,569.0,132,76,7
F060379,Scottsdale,25-34,2,569.0,158,87,7
F070745,Chandler,18-24,2,569.0,114,40,9
F010569,Chandler,18-24,5,568.0,86,100,9
F023057,Tucson,35-44,2,568.0,72,100,8
F046654,Tucson,18-24,5,568.0,98,90,10
F028751,Tucson,35-44,2,568.0,94,100,8
F057264,Out of State,25-34,3,568.0,132,76,8
F036134,Phoenix,35-44,2,567.0,132,70,7
F033999,Tucson,35-44,2,567.0,119,100,7
F052539,Mesa,45-54,2,567.0,98,87,8
F040448,Out of State,25-34,2,566.0,132,73,7
F047101,Phoenix,18-24,4,566.0,72,80,9
F034099,Peoria,18-24,6,566.0,128,80,9
F053272,Glendale,18-24,2,566.0,98,92,8
F020113,Tucson,45-54,2,566.0,152,87,7
F063870,Phoenix,18-24,2,565.0,128,80,7
F009249,Gilbert,25-34,2,565.0,72,73,8
F032203,Phoenix,18-24,2,565.0,76,60,8
F063569,Phoenix,35-44,3,565.0,86,79,9
F034471,Tucson,45-54,2,565.0,122,87,7
F021942,Tempe,35-44,6,565.0,86,80,10
F031243,Phoenix,45-54,2,564.0,86,60,8
F020721,Phoenix,18-24,2,564.0,148,100,7
F022312,Glendale,18-24,5,564.0,122,80,8
F031685,Phoenix,35-44,3,564.0,64,74,10
F015681,Phoenix,45-54,2,563.0,119,80,7
F029298,Phoenix,45-54,2,562.0,107,100,8
F046491,Phoenix,45-54,2,562.0,94,60,8
F057794,Glendale,35-44,2,562.0,132,45,7
F053379,Mesa,35-44,4,562.0,64,60,10
F065978,Scottsdale,25-34,2,561.0,144,80,7
F040763,Scottsdale,18-24,2,561.0,107,80,8
F062848,Tempe,45-54,2,561.0,128,60,7
F005082,Scottsdale,35-44,3,560.0,98,24,9
F065415,Scottsdale,25-34,2,560.0,72,60,8
F067142,Phoenix,18-24,2,560.0,111,60,8
F030942,Glendale,35-44,3,560.0,128,80,8
F050224,Tempe,35-44,2,560.0,68,100,8
F009744,Phoenix,35-44,5,560.0,80,80,9
F064861,Phoenix,25-34,5,559.0,89,86,10
F068718,Out of State,35-44,5,559.0,86,55,10
F025058,Out of State,25-34,2,559.0,119,65,7
F029743,Chandler,18-24,5,559.0,64,75,10
F072269,Out of State,35-44,5,558.0,94,51,10
F006698,Tucson,55-64,2,558.0,68,12,8
F047402,Phoenix,18-24,3,558.0,148,29,8
F038251,Scottsdale,65+,2,558.0,111,87,8
F045901,Mesa,45-54,3,558.0,80,70,9
F058815,Scottsdale,18-24,2,557.0,102,73,8
F040736,Chandler,25-34,2,557.0,80,60,8
F015921,Chandler,35-44,6,557.0,111,100,10
F045836,Scottsdale,25-34,2,557.0,122,100,7
F055751,Mesa,65+,2,557.0,148,84,7
F031815,Peoria,25-34,5,556.0,111,68,9
F021188,Phoenix,35-44,2,556.0,119,58,7
F058727,Phoenix,45-54,5,556.0,86,80,10
F056971,Chandler,35-44,2,556.0,76,70,8
F029489,Chandler,45-54,2,556.0,114,80,8
F047445,Phoenix,25-34,4,555.0,119,87,8
F051154,Scottsdale,18-24,3,555.0,122,80,8
F042905,Phoenix,35-44,2,555.0,72,60,8
F066798,Phoenix,35-44,2,555.0,76,73,8
F030739,Gilbert,25-34,5,555.0,64,100,10
F062312,Mesa,18-24,6,555.0,80,49,10
F050608,Phoenix,25-34,4,555.0,80,100,9
F064555,Gilbert,25-34,2,555.0,119,10,7
F057939,Chandler,35-44,3,554.0,102,67,9
F064421,Tucson,55-64,6,554.0,76,45,10
F057570,Phoenix,18-24,4,554.0,76,60,9
F046676,Glendale,25-34,5,554.0,94,80,10
F013032,Scottsdale,18-24,2,554.0,72,70,8
F027238,Peoria,45-54,2,554.0,111,80,8
F055287,Peoria,35-44,6,553.0,144,84,9
F028424,Gilbert,35-44,5,553.0,128,61,8
F018867,Tempe,25-34,2,553.0,152,60,7
F018498,Peoria,45-54,3,553.0,132,68,8
F047504,Phoenix,55-64,5,552.0,89,100,10
F011285,Phoenix,25-34,6,551.0,111,50,10
F035409,Phoenix,25-34,2,551.0,72,60,8
F055223,Tempe,35-44,2,551.0,102,87,8
F072762,Glendale,35-44,4,551.0,64,60,10
F023670,Tempe,18-24,4,551.0,72,100,9
F009035,Mesa,35-44,2,551.0,107,73,8
F065026,Mesa,55-64,2,551.0,72,68,8
F054586,Phoenix,45-54,2,551.0,64,73,9
F023465,Glendale,25-34,3,551.0,72,73,9
F039383,Out of State,35-44,3,550.0,111,73,9
F061390,Scottsdale,45-54,2,550.0,128,76,7
F003437,Phoenix,45-54,3,549.0,98,73,9
F050263,Tempe,25-34,5,549.0,111,81,10
F035476,Glendale,25-34,2,549.0,119,60,7
F049000,Glendale,25-34,4,549.0,72,80,9
F023061,Phoenix,18-24,2,549.0,122,80,7
F045376,Mesa,35-44,4,549.0,111,81,9
F009310,Tucson,45-54,5,549.0,76,73,9
F064885,Glendale,18-24,2,549.0,111,100,8
F066917,Mesa,25-34,5,548.0,80,73,10
F044279,Phoenix,25-34,3,548.0,111,81,9
F016353,Phoenix,55-64,4,548.0,76,60,9
F041935,Gilbert,35-44,2,548.0,80,60,8
F050461,Mesa,18-24,4,548.0,94,91,9
F063173,Phoenix,25-34,2,548.0,132,80,7
F039132,Mesa,25-34,2,547.0,119,80,7
F050015,Tempe,45-54,3,547.0,98,93,9
F053631,Mesa,55-64,2,547.0,76,40,8
F002983,Out of State,25-34,3,546.0,64,87,9
F014322,Out of State,65+,5,546.0,114,94,9
F012775,Phoenix,35-44,2,546.0,86,80,8
F024637,Out of State,35-44,5,546.0,86,69,9
F054368,Tempe,18-24,2,545.0,72,80,8
F041899,Scottsdale,45-54,4,545.0,94,74,9
F004298,Phoenix,25-34,3,545.0,76,73,9
F055441,Glendale,25-34,3,545.0,107,84,9
F029878,Mesa,25-34,4,545.0,76,94,9
F026704,Tucson,35-44,3,545.0,114,80,9
F014728,Tempe,18-24,2,545.0,148,70,7
F023015,Peoria,45-54,3,545.0,114,100,9
F038966,Gilbert,35-44,4,544.0,122,43,8
F043352,Phoenix,45-54,5,544.0,72,95,10
F040242,Phoenix,18-24,4,544.0,76,60,9
F010045,Peoria,35-44,2,544.0,102,80,8
F027832,Scottsdale,45-54,4,544.0,76,75,9
F056689,Glendale,25-34,4,544.0,80,69,9
F059677,Scottsdale,18-24,3,544.0,94,87,9
F027438,Scottsdale,35-44,4,544.0,89,74,9
F064688,Mesa,25-34,3,543.0,80,80,9
F043383,Phoenix,25-34,3,543.0,76,42,9
F003526,Glendale,55-64,2,543.0,102,60,8
F064269,Scottsdale,45-54,4,543.0,64,80,10
F056258,Gilbert,25-34,2,543.0,135,45,7
F043808,Tucson,25-34,2,542.0,89,80,8
F023271,Phoenix,25-34,2,542.0,76,60,8
F024398,Gilbert,55-64,3,542.0,122,67,8
F039215,Tempe,25-34,4,542.0,86,87,9
F065202,Phoenix,55-64,2,542.0,64,60,9
F044561,Out of State,35-44,4,542.0,114,84,9
F008993,Phoenix,55-64,4,541.0,68,80,9
F031192,Phoenix,45-54,6,541.0,64,80,11
F012548,Glendale,35-44,2,541.0,111,84,8
F055512,Peoria,45-54,6,541.0,98,70,10
F039773,Phoenix,18-24,3,540.0,76,100,9
F027190,Out of State,35-44,3,540.0,135,70,8
F036180,Phoenix,35-44,2,539.0,72,60,8
F063490,Chandler,35-44,3,539.0,72,73,9
F032330,Chandler,35-44,2,539.0,107,60,8
F067186,Tempe,18-24,3,539.0,86,74,9
F065803,Peoria,25-34,3,539.0,89,87,9
F027996,Chandler,18-24,3,539.0,80,90,9
F060442,Phoenix,18-24,3,539.0,86,70,9
F022463,Tucson,35-44,4,538.0,89,62,9
F065248,Gilbert,55-64,2,538.0,114,60,8
F042894,Phoenix,25-34,2,538.0,141,47,7
F061757,Gilbert,45-54,2,538.0,64,53,9
F010217,Tucson,18-24,4,538.0,86,54,9
F067794,Mesa,25-34,4,538.0,64,100,10
F057448,Phoenix,18-24,4,537.0,76,80,9
F037358,Mesa,25-34,2,537.0,114,60,8
F038830,Tucson,18-24,2,537.0,135,68,7
F020814,Out of State,25-34,2,537.0,102,100,8
F055728,Phoenix,18-24,2,537.0,72,92,8
F067296,Phoenix,18-24,4,537.0,72,60,9
F056575,Tempe,35-44,5,536.0,128,83,9
F064710,Mesa,25-34,4,536.0,122,53,8
F047291,Chandler,18-24,3,535.0,94,80,9
F063435,Chandler,45-54,2,535.0,152,68,7
F072628,Scottsdale,25-34,2,535.0,128,90,8
F044980,Gilbert,45-54,4,535.0,94,70,9
F053634,Phoenix,35-44,3,534.0,107,73,9
F013783,Phoenix,25-34,3,534.0,148,63,8
F058615,Chandler,18-24,4,534.0,111,75,9
F011557,Phoenix,45-54,2,534.0,122,76,7
F010413,Phoenix,18-24,2,534.0,148,70,7
F009770,Scottsdale,18-24,4,533.0,144,84,8
F033347,Tempe,25-34,2,533.0,68,87,8
F026800,Phoenix,35-44,2,533.0,119,60,7
F029397,Mesa,18-24,2,533.0,132,87,7
F066511,Tucson,25-34,3,533.0,132,83,8
F021349,Tempe,45-54,2,533.0,135,60,7
F031886,Glendale,35-44,3,533.0,111,100,9
F039663,Phoenix,35-44,2,532.0,152,90,7
F066021,Chandler,25-34,2,532.0,119,60,7
F038164,Out of State,55-64,5,532.0,64,73,10
F035137,Phoenix,25-34,4,532.0,76,100,9
F045069,Peoria,25-34,2,531.0,122,100,7
F014332,Out of State,18-24,2,531.0,72,70,8
F006045,Scottsdale,25-34,2,531.0,80,73,8
F058189,Glendale,25-34,3,531.0,86,74,9
F062376,Tempe,25-34,6,531.0,64,68,11
F037769,Phoenix,18-24,3,531.0,86,80,9
F041614,Phoenix,45-54,2,531.0,162,80,7
F019052,Out of State,25-34,4,530.0,76,95,9
F061366,Scottsdale,18-24,2,530.0,80,76,8
F047665,Mesa,25-34,4,530.0,72,80,9
F032747,Glendale,25-34,2,530.0,158,80,7
F063172,Glendale,18-24,2,530.0,76,93,8
F041384,Phoenix,35-44,2,529.0,68,100,8
F015333,Scottsdale,45-54,7,529.0,72,71,10
F072052,Phoenix,35-44,2,529.0,132,92,8
F041377,Chandler,35-44,4,528.0,86,77,9
F061324,Peoria,18-24,2,528.0,111,100,8
F069643,Tempe,18-24,4,527.0,148,80,8
F006808,Phoenix,45-54,2,527.0,114,30,7
F059488,Phoenix,35-44,4,527.0,64,73,10
F069168,Glendale,25-34,2,526.0,72,58,8
F051315,Glendale,25-34,2,526.0,102,90,8
F015712,Peoria,45-54,3,526.0,76,70,9
F056504,Glendale,35-44,2,526.0,89,100,8
F013363,Tucson,18-24,2,525.0,132,80,7
F013658,Scottsdale,25-34,2,525.0,158,70,7
F046367,Glendale,45-54,5,525.0,98,80,10
F046658,Phoenix,35-44,5,525.0,119,70,9
F052287,Phoenix,35-44,5,525.0,94,80,10
F010816,Phoenix,18-24,2,525.0,94,77,8
F041653,Chandler,35-44,2,525.0,76,100,8
F049531,Tucson,25-34,2,525.0,135,44,7
F053365,Tempe,35-44,2,524.0,86,82,8
F033519,Out of State,35-44,2,524.0,102,87,8
F012364,Out of State,45-54,2,524.0,76,70,8
F030109,Glendale,18-24,2,524.0,72,80,8
F003222,Phoenix,25-34,3,524.0,76,80,9
F050659,Out of State,45-54,2,524.0,64,60,9
F004773,Mesa,18-24,2,523.0,94,100,8
F008320,Tempe,25-34,3,523.0,64,60,10
F038279,Glendale,45-54,3,523.0,135,71,8
F030296,Phoenix,35-44,2,523.0,80,80,8
F008830,Chandler,18-24,5,523.0,114,92,8
F016282,Glendale,25-34,3,522.0,76,80,9
F010114,Phoenix,18-24,4,522.0,64,76,10
F026524,Scottsdale,35-44,2,522.0,114,73,8
F045356,Phoenix,18-24,2,522.0,89,24,8
F052680,Mesa,35-44,5,522.0,72,100,10
F070786,Phoenix,25-34,4,522.0,68,54,9
F047890,Scottsdale,35-44,5,522.0,64,88,11
F009789,Scottsdale,45-54,3,522.0,122,68,8
F043270,Gilbert,45-54,3,522.0,72,80,9
F024209,Phoenix,25-34,2,522.0,135,43,7
F038092,Out of State,18-24,4,522.0,68,63,9
F047109,Phoenix,18-24,2,522.0,128,69,7
F045896,Phoenix,35-44,4,521.0,128,95,8
F027641,Mesa,35-44,3,521.0,72,80,9
F057635,Phoenix,18-24,4,521.0,132,28,8
F054829,Chandler,25-34,3,520.0,72,80,9
F014485,Mesa,35-44,3,520.0,122,90,8
F014033,Tucson,25-34,2,520.0,80,87,8
F042286,Out of State,45-54,2,520.0,72,73,8
F049352,Phoenix,25-34,2,519.0,141,70,7
F028217,Chandler,45-54,3,519.0,111,73,9
F060030,Phoenix,35-44,2,519.0,128,80,7
F070532,Phoenix,18-24,2,519.0,158,70,7
F072450,Chandler,18-24,3,519.0,148,90,8
F044520,Peoria,25-34,2,519.0,86,70,8
F030182,Scottsdale,25-34,2,519.0,141,87,7
F055656,Scottsdale,35-44,5,518.0,128,64,9
F051595,Phoenix,55-64,2,518.0,86,80,8
F012218,Mesa,25-34,3,518.0,102,73,9
F057595,Tempe,25-34,4,518.0,89,42,9
F039674,Phoenix,55-64,4,517.0,64,100,10
F008504,Tempe,35-44,4,517.0,80,100,9
F052734,Phoenix,35-44,2,517.0,98,80,8
F042527,Tempe,45-54,3,517.0,94,73,9
F037902,Glendale,45-54,3,517.0,122,73,8
F017605,Tempe,35-44,3,516.0,72,80,9
F025397,Scottsdale,35-44,4,516.0,89,90,9
F019099,Phoenix,35-44,3,516.0,64,80,10
F008846,Peoria,25-34,4,516.0,114,100,8
F008964,Out of State,25-34,3,516.0,98,100,9
F047897,Phoenix,35-44,2,516.0,111,53,8
F039944,Tempe,35-44,3,516.0,80,73,9
F062288,Chandler,45-54,3,516.0,76,90,9
F066233,Mesa,35-44,6,515.0,64,73,11
F016374,Phoenix,45-54,3,515.0,144,60,8
F058155,Phoenix,35-44,4,515.0,80,60,9
F006517,Tempe,18-24,2,515.0,111,60,8
F055119,Scottsdale,25-34,4,515.0,114,87,9
F022742,Peoria,18-24,4,515.0,64,80,10
F020889,Phoenix,25-34,2,515.0,152,60,7
F063567,Phoenix,35-44,4,514.0,76,47,9
F062946,Scottsdale,45-54,2,514.0,162,70,7
F006352,Gilbert,45-54,3,514.0,64,60,10
F060930,Chandler,35-44,3,514.0,64,92,10
F064852,Scottsdale,65+,2,513.0,89,80,8
F062702,Gilbert,35-44,3,513.0,72,75,9
F054345,Phoenix,35-44,4,513.0,98,55,9
F054483,Phoenix,35-44,3,513.0,107,73,9
F072821,Gilbert,55-64,4,513.0,76,70,9
F023638,Phoenix,45-54,3,513.0,64,70,10
F005178,Scottsdale,35-44,2,512.0,76,80,8
F044839,Scottsdale,35-44,2,512.0,80,100,8
F021608,Tempe,18-24,3,512.0,114,60,9
F011046,Chandler,35-44,2,511.0,98,76,8
F065666,Phoenix,35-44,5,511.0,68,60,10
F053942,Gilbert,45-54,3,511.0,64,87,10
F054447,Tempe,25-34,3,511.0,64,80,10
F008190,Phoenix,18-24,2,511.0,89,100,8
F032585,Chandler,45-54,2,511.0,89,85,8
F011230,Mesa,45-54,4,510.0,135,64,8
F064705,Phoenix,18-24,2,510.0,107,90,8
F064486,Tempe,18-24,2,510.0,102,73,8
F026638,Chandler,25-34,3,510.0,64,60,10
F015783,Scottsdale,45-54,4,509.0,80,74,9
F070925,Phoenix,55-64,3,509.0,119,85,8
F030663,Phoenix,25-34,2,509.0,144,40,7
F064613,Phoenix,35-44,3,509.0,76,60,9
F068041,Mesa,35-44,3,509.0,64,60,10
F041841,Tempe,25-34,2,509.0,68,60,8
F048307,Tempe,25-34,4,508.0,80,70,9
F067880,Glendale,35-44,3,508.0,128,84,8
F044165,Phoenix,45-54,2,507.0,107,80,8
F030831,Mesa,35-44,4,507.0,122,87,8
F011030,Phoenix,35-44,4,507.0,111,76,9
F044252,Tempe,35-44,3,507.0,64,80,10
F039537,Phoenix,25-34,2,506.0,98,100,8
F035884,Phoenix,25-34,4,506.0,68,60,9
F013414,Phoenix,35-44,3,506.0,141,43,8
F003159,Phoenix,45-54,2,506.0,107,87,8
F067221,Tucson,25-34,3,505.0,80,56,9
F051013,Glendale,18-24,3,505.0,141,61,8
F025285,Phoenix,25-34,2,505.0,89,73,8
F003643,Phoenix,65+,2,505.0,148,90,7
F071278,Out of State,25-34,3,505.0,98,60,9
F042623,Peoria,18-24,3,504.0,86,57,9
F032790,Tempe,18-24,2,504.0,64,62,9
F046116,Scottsdale,35-44,4,504.0,111,54,9
F035646,Gilbert,25-34,2,504.0,144,60,7
F016509,Gilbert,18-24,3,504.0,111,53,9
F034408,Phoenix,18-24,2,502.0,98,87,8
F059153,Mesa,45-54,2,502.0,86,60,8
F045499,Peoria,35-44,2,502.0,89,60,8
F009897,Mesa,25-34,3,502.0,64,82,10
F061368,Peoria,25-34,3,502.0,76,60,9
F006563,Chandler,45-54,3,502.0,122,90,8
F010389,Mesa,25-34,2,501.0,132,76,7
F018387,Phoenix,18-24,4,501.0,86,100,9
F019383,Scottsdale,18-24,2,501.0,72,60,8
F035021,Phoenix,45-54,2,501.0,141,73,7
F065163,Phoenix,25-34,3,501.0,102,80,9
F053387,Phoenix,25-34,2,501.0,107,60,8
F030982,Phoenix,25-34,2,501.0,114,60,8
F042282,Tempe,25-34,5,500.0,64,48,10
F024965,Tucson,18-24,2,500.0,119,76,7
F041394,Phoenix,35-44,3,500.0,98,100,9
F011073,Tucson,25-34,3,500.0,114,60,8
F035339,Phoenix,18-24,2,500.0,148,80,7
F042932,Phoenix,18-24,3,500.0,68,68,9
F030242,Phoenix,35-44,4,500.0,89,70,9
F015785,Phoenix,18-24,4,500.0,64,42,10
F023196,Phoenix,35-44,2,500.0,102,100,8
F010024,Chandler,35-44,3,499.0,76,47,9
F027844,Glendale,18-24,6,499.0,80,60,10
F054964,Glendale,35-44,2,499.0,64,60,9
F023282,Peoria,45-54,2,499.0,119,87,7
F036993,Chandler,35-44,3,499.0,64,60,10
F028629,Gilbert,45-54,4,499.0,80,80,9
F008698,Chandler,25-34,2,499.0,72,60,8
F055897,Scottsdale,25-34,2,499.0,80,60,8
F039420,Mesa,45-54,2,498.0,86,73,8
F023341,Tempe,18-24,3,498.0,64,100,10
F020093,Scottsdale,35-44,4,498.0,86,60,9
F016299,Scottsdale,18-24,2,498.0,111,90,8
F044215,Glendale,25-34,4,498.0,72,80,9
F071292,Phoenix,25-34,2,498.0,158,84,8
F044025,Peoria,18-24,2,497.0,89,73,8
F041364,Out of State,18-24,2,497.0,72,60,8
F009736,Scottsdale,35-44,3,497.0,76,72,9
F040120,Tempe,35-44,2,497.0,144,60,7
F026829,Chandler,18-24,3,496.0,114,73,9
F048223,Phoenix,25-34,2,496.0,119,100,7
F048753,Out of State,25-34,2,496.0,114,92,8
F061230,Phoenix,45-54,2,496.0,86,87,8
F066685,Out of State,25-34,2,496.0,80,60,8
F070240,Out of State,45-54,2,496.0,86,70,8
F005844,Phoenix,55-64,4,496.0,80,60,9
F017114,Peoria,35-44,3,495.0,102,87,9
F014809,Chandler,35-44,3,495.0,107,70,9
F059051,Phoenix,18-24,3,495.0,64,73,10
F008622,Scottsdale,45-54,2,495.0,89,80,8
F039762,Phoenix,35-44,2,495.0,68,73,8
F016716,Phoenix,18-24,3,495.0,64,87,10
F023995,Scottsdale,35-44,2,495.0,102,100,8
F036157,Phoenix,25-34,2,495.0,135,70,7
F032825,Tucson,35-44,2,494.0,64,60,9
F003355,Out of State,35-44,3,494.0,122,100,8
F043525,Phoenix,18-24,3,494.0,141,89,8
F071752,Gilbert,45-54,2,494.0,107,60,9
F061673,Out of State,35-44,2,494.0,68,87,8
F039808,Phoenix,18-24,2,494.0,80,80,8
F072596,Tempe,25-34,3,493.0,135,68,8
F042997,Mesa,25-34,4,493.0,64,80,10
F032241,Phoenix,35-44,2,493.0,86,73,8
F045858,Chandler,35-44,3,493.0,64,45,10
F056276,Scottsdale,25-34,3,493.0,144,53,8
F036251,Out of State,25-34,3,493.0,64,60,10
F068287,Mesa,25-34,2,493.0,119,60,7
F006593,Gilbert,18-24,3,492.0,111,60,9
F058296,Chandler,35-44,4,492.0,72,80,9
F010400,Tucson,25-34,3,492.0,128,65,8
F019092,Phoenix,45-54,5,492.0,94,55,9
F059087,Chandler,25-34,3,492.0,107,60,9
F054842,Scottsdale,35-44,4,491.0,111,73,9
F056460,Glendale,18-24,3,491.0,80,85,9
F040013,Mesa,35-44,3,491.0,144,50,8
F046144,Scottsdale,18-24,3,491.0,144,60,8
F062612,Tempe,35-44,4,491.0,76,60,9
F070297,Phoenix,45-54,3,491.0,72,87,9
F059930,Chandler,45-54,5,491.0,89,73,10
F006972,Scottsdale,25-34,2,491.0,122,73,7
F034347,Mesa,18-24,3,491.0,89,100,9
F055665,Phoenix,25-34,2,491.0,64,60,9
F024225,Out of State,45-54,2,489.0,122,100,7
F060742,Scottsdale,35-44,2,489.0,107,80,8
F014683,Out of State,45-54,2,489.0,111,60,8
F062377,Out of State,45-54,2,488.0,64,73,9
F038137,Phoenix,35-44,3,488.0,94,87,9
F033627,Out of State,35-44,4,488.0,148,68,8
F037139,Phoenix,25-34,2,488.0,98,48,8
F041769,Scottsdale,25-34,5,488.0,64,60,10
F042301,Peoria,35-44,6,488.0,72,76,10
F051296,Mesa,55-64,4,488.0,80,73,9
F054670,Scottsdale,55-64,4,488.0,89,80,9
F030153,Phoenix,18-24,2,488.0,80,80,8
F054264,Phoenix,45-54,4,487.0,68,46,9
F068456,Scottsdale,25-34,2,486.0,135,44,7
F042480,Glendale,35-44,3,486.0,64,48,10
F067188,Chandler,55-64,2,486.0,98,73,8
F068345,Glendale,45-54,3,486.0,80,68,9
F036369,Out of State,18-24,3,485.0,102,70,9
F062949,Phoenix,25-34,4,485.0,76,60,9
F055476,Phoenix,25-34,3,485.0,68,80,9
F051947,Peoria,18-24,3,485.0,114,100,9
F069669,Scottsdale,35-44,2,485.0,76,28,8
F013409,Phoenix,45-54,4,485.0,111,72,9
F011725,Glendale,25-34,2,484.0,89,70,8
F048401,Tempe,25-34,2,484.0,107,54,8
F046391,Phoenix,18-24,4,484.0,72,58,9
F043174,Tempe,35-44,3,484.0,72,53,9
F038072,Phoenix,25-34,3,484.0,132,76,8
F039012,Tempe,18-24,3,484.0,86,87,9
F069455,Glendale,55-64,2,484.0,72,75,8
F030976,Phoenix,35-44,3,484.0,64,76,10
F054949,Chandler,18-24,2,484.0,128,73,7
F035112,Tempe,18-24,2,483.0,132,76,7
F004252,Scottsdale,25-34,2,483.0,122,60,7
F006928,Chandler,35-44,2,483.0,114,40,7
F039597,Peoria,45-54,5,483.0,80,60,9
F066477,Tucson,18-24,2,482.0,135,90,7
F039693,Scottsdale,65+,4,482.0,76,60,9
F007294,Scottsdale,18-24,3,482.0,80,73,9
F042701,Phoenix,35-44,4,482.0,86,73,9
F046968,Scottsdale,18-24,2,482.0,141,84,7
F056107,Peoria,45-54,4,482.0,68,94,9
F039271,Gilbert,25-34,2,481.0,89,30,8
F043315,Phoenix,18-24,6,481.0,64,100,11
F011276,Gilbert,25-34,5,481.0,107,80,9
F067648,Phoenix,25-34,2,481.0,141,77,7
F048251,Phoenix,18-24,3,481.0,80,60,9
F048978,Phoenix,18-24,2,480.0,158,87,7
F015734,Scottsdale,35-44,2,480.0,86,87,8
F067682,Scottsdale,25-34,3,480.0,111,87,9
F065667,Chandler,35-44,2,480.0,141,60,7
F046217,Out of State,35-44,2,480.0,148,73,7
F064233,Phoenix,18-24,3,480.0,80,73,9
F041075,Scottsdale,45-54,5,479.0,64,100,10
F034727,Peoria,25-34,3,479.0,68,53,9
F032452,Phoenix,18-24,4,479.0,72,87,9
F049033,Out of State,25-34,4,479.0,107,57,9
F011138,Glendale,45-54,2,479.0,72,74,8
F023314,Mesa,35-44,2,479.0,119,60,7
F068211,Gilbert,25-34,4,479.0,76,48,9
F013361,Mesa,35-44,2,479.0,107,87,8
F023782,Phoenix,25-34,3,478.0,80,90,9
F023864,Out of State,18-24,5,478.0,86,80,9
F007704,Mesa,45-54,4,478.0,86,76,9
F010235,Mesa,35-44,5,478.0,68,95,9
F052966,Peoria,35-44,2,478.0,98,100,8
F060715,Peoria,25-34,5,478.0,114,83,10
F015295,Peoria,35-44,2,478.0,64,73,9
F063927,Phoenix,35-44,4,478.0,111,92,9
F014637,Gilbert,35-44,4,478.0,107,75,9
F053320,Tucson,25-34,2,478.0,119,70,7
F012031,Tempe,18-24,2,477.0,89,60,8
F040797,Phoenix,25-34,5,477.0,107,90,9
F034589,Peoria,25-34,5,477.0,94,84,9
F011447,Tempe,25-34,2,477.0,80,80,8
F025846,Phoenix,55-64,4,477.0,68,73,9
F049482,Scottsdale,25-34,4,477.0,114,80,9
F028232,Gilbert,45-54,2,477.0,158,80,7
F010754,Chandler,18-24,3,477.0,111,60,9
F028401,Chandler,35-44,2,477.0,152,50,7
F026687,Mesa,35-44,3,477.0,86,60,9
F049554,Phoenix,18-24,2,476.0,111,100,8
F049624,Scottsdale,45-54,5,476.0,80,60,10
F011860,Out of State,25-34,4,476.0,114,80,8
F060163,Peoria,25-34,2,476.0,72,60,8
F029870,Phoenix,25-34,2,476.0,89,80,8
F034834,Phoenix,25-34,3,476.0,148,83,8
F025129,Mesa,18-24,3,476.0,64,100,10
F038650,Phoenix,35-44,3,476.0,80,76,9
F041498,Mesa,45-54,3,475.0,80,62,9
F039510,Phoenix,35-44,3,475.0,86,67,9
F016535,Tempe,35-44,5,475.0,68,54,9
F040690,Scottsdale,45-54,2,475.0,119,40,7
F008860,Phoenix,18-24,3,475.0,132,53,8
F010740,Peoria,35-44,5,474.0,102,95,9
F016780,Mesa,25-34,2,474.0,76,80,8
F046218,Tempe,25-34,2,474.0,119,87,7
F019700,Out of State,18-24,2,473.0,107,80,8
F018534,Scottsdale,18-24,3,473.0,64,80,10
F054018,Out of State,18-24,2,472.0,132,70,7
F043857,Phoenix,35-44,2,472.0,72,80,8
F046610,Glendale,25-34,4,472.0,89,50,9
F068778,Scottsdale,35-44,2,472.0,64,100,9
F067148,Phoenix,35-44,4,472.0,68,50,9
F016704,Mesa,35-44,2,471.0,86,100,8
F059992,Tempe,25-34,3,471.0,144,80,8
F029594,Peoria,18-24,2,471.0,98,73,8
F069190,Phoenix,45-54,4,471.0,107,90,9
F032026,Scottsdale,45-54,3,470.0,76,80,9
F071144,Chandler,45-54,3,470.0,94,92,9
F010171,Phoenix,25-34,2,469.0,68,87,8
F053756,Peoria,25-34,2,469.0,144,76,7
F025460,Glendale,18-24,5,469.0,119,70,8
F051244,Scottsdale,45-54,2,469.0,128,73,7
F039387,Chandler,25-34,2,469.0,98,100,8
F013130,Phoenix,35-44,2,469.0,141,87,7
F019722,Mesa,35-44,2,468.0,122,73,7
F038141,Mesa,35-44,4,468.0,72,70,9
F058119,Phoenix,35-44,3,468.0,132,89,8
F013961,Mesa,45-54,2,468.0,102,70,8
F025871,Out of State,18-24,3,467.0,122,80,8
F057789,Mesa,25-34,2,467.0,64,60,9
F068776,Tucson,35-44,3,467.0,86,87,9
F007627,Mesa,35-44,2,467.0,86,60,8
F034189,Scottsdale,45-54,5,467.0,89,90,9
F039267,Phoenix,18-24,4,467.0,86,50,9
F069567,Tempe,18-24,2,467.0,98,60,8
F062542,Chandler,18-24,2,466.0,119,100,7
F019782,Tempe,18-24,3,466.0,114,68,9
F005430,Chandler,18-24,3,466.0,94,73,9
F017842,Scottsdale,25-34,3,466.0,64,100,10
F058971,Phoenix,35-44,2,466.0,86,73,8
F026365,Out of State,35-44,2,466.0,111,100,8
F022119,Phoenix,18-24,4,465.0,64,100,10
F020822,Chandler,35-44,2,465.0,128,73,7
F012552,Chandler,25-34,5,465.0,72,76,9
F063742,Phoenix,35-44,4,465.0,122,60,8
F054224,Mesa,35-44,4,464.0,98,87,9
F028364,Phoenix,25-34,4,464.0,72,60,9
F071146,Out of State,35-44,3,464.0,72,60,9
F056453,Phoenix,55-64,4,464.0,64,60,10
F020745,Chandler,45-54,5,464.0,132,87,8
F052563,Out of State,18-24,2,464.0,98,87,8
F021221,Glendale,18-24,2,464.0,128,43,7
F054360,Phoenix,25-34,2,463.0,119,100,7
F016933,Glendale,25-34,4,463.0,76,83,9
F054467,Scottsdale,45-54,4,462.0,102,70,9
F055385,Phoenix,25-34,5,462.0,107,80,10
F041660,Phoenix,25-34,2,462.0,68,60,8
F042677,Chandler,25-34,5,462.0,111,90,10
F048672,Mesa,18-24,3,462.0,68,60,9
F012514,Phoenix,55-64,2,462.0,128,92,7
F067670,Peoria,18-24,2,461.0,98,73,8
F018069,Out of State,25-34,2,461.0,114,60,8
F006101,Mesa,45-54,2,461.0,114,85,7
F048417,Peoria,35-44,4,461.0,107,84,9
F019077,Gilbert,35-44,4,461.0,64,80,10
F035306,Chandler,35-44,2,461.0,94,60,8
F008880,Tempe,25-34,2,461.0,162,80,7
F057604,Phoenix,35-44,2,460.0,76,90,8
F004436,Tempe,25-34,4,459.0,135,68,8
F056116,Chandler,35-44,5,459.0,119,76,9
F065409,Scottsdale,25-34,2,459.0,76,60,8
F070815,Chandler,35-44,5,459.0,64,83,11
F022046,Tempe,55-64,3,459.0,80,73,9
F005183,Peoria,35-44,5,459.0,89,95,9
F020643,Out of State,35-44,3,459.0,68,60,9
F036160,Out of State,25-34,2,459.0,94,70,8
F015075,Out of State,35-44,3,458.0,80,100,9
F064552,Out of State,25-34,3,458.0,86,73,9
F027075,Scottsdale,45-54,2,458.0,144,80,7
F024507,Scottsdale,45-54,2,458.0,135,80,7
F026976,Gilbert,25-34,2,457.0,72,40,8
F020526,Tucson,25-34,3,457.0,94,55,9
F050013,Scottsdale,25-34,4,457.0,89,100,9
F053397,Phoenix,45-54,5,456.0,64,100,11
F038216,Gilbert,25-34,2,456.0,119,100,7
F066206,Phoenix,35-44,2,456.0,76,80,8
F055159,Phoenix,25-34,2,456.0,119,100,7
F062956,Chandler,45-54,4,456.0,111,60,9
F031736,Mesa,18-24,2,455.0,64,70,9
F029412,Phoenix,18-24,4,455.0,76,69,9
F068795,Tempe,35-44,3,455.0,94,60,9
F032187,Mesa,35-44,3,454.0,144,68,8
F029717,Phoenix,25-34,3,454.0,64,100,10
F025134,Chandler,45-54,4,454.0,94,76,9
F023527,Scottsdale,18-24,2,454.0,122,70,7
F024180,Phoenix,35-44,6,454.0,86,80,10
F018505,Phoenix,45-54,2,454.0,148,87,7
F048899,Glendale,35-44,3,454.0,119,92,8
F037151,Out of State,35-44,2,454.0,135,70,7
F042746,Phoenix,18-24,2,453.0,141,84,7
F059328,Tucson,35-44,2,453.0,128,80,7
F017000,Phoenix,25-34,2,452.0,76,60,8
F026358,Scottsdale,35-44,4,452.0,64,60,10
F054604,Phoenix,25-34,4,452.0,72,62,9
F052792,Phoenix,25-34,3,452.0,119,80,8
F007155,Gilbert,45-54,2,452.0,94,60,8
F065646,Peoria,18-24,4,452.0,128,77,8
F035711,Tempe,18-24,2,451.0,148,84,7
F072107,Glendale,55-64,3,451.0,102,60,9
F070139,Phoenix,45-54,2,451.0,114,87,8
F010174,Phoenix,25-34,3,451.0,111,80,9
F030492,Out of State,18-24,5,451.0,76,80,9
F069421,Glendale,55-64,2,451.0,119,100,7
F071855,Gilbert,25-34,3,450.0,76,100,9
F008904,Tempe,18-24,2,450.0,86,80,8
F033656,Chandler,55-64,4,450.0,119,87,8
F028577,Out of State,35-44,4,450.0,86,73,9
F057398,Out of State,18-24,2,450.0,128,100,7
F062893,Out of State,45-54,2,450.0,141,27,7
F019051,Glendale,18-24,2,449.0,132,40,7
F071062,Phoenix,18-24,2,449.0,94,100,9
F021408,Tempe,18-24,2,449.0,102,73,8
F024069,Phoenix,25-34,3,449.0,86,60,9
F004354,Phoenix,45-54,2,449.0,76,76,8
F055057,Out of State,35-44,3,449.0,98,80,9
F032380,Tucson,65+,3,449.0,64,60,10
F018558,Phoenix,35-44,2,449.0,68,60,8
F060311,Phoenix,18-24,3,448.0,114,90,9
F017040,Peoria,45-54,3,448.0,86,100,9
F034094,Tempe,25-34,5,448.0,89,87,9
F009997,Phoenix,35-44,2,447.0,86,60,8
F023297,Tucson,45-54,4,447.0,94,70,9
F059261,Mesa,18-24,3,447.0,107,76,9
F021186,Phoenix,25-34,3,447.0,122,60,8
F027291,Scottsdale,18-24,4,447.0,68,73,9
F013317,Out of State,25-34,2,447.0,119,40,7
F015249,Peoria,25-34,4,446.0,72,100,9
F039648,Gilbert,55-64,4,446.0,76,85,9
F061267,Phoenix,55-64,4,446.0,128,76,8
F023357,Peoria,25-34,3,446.0,107,67,9
F063719,Glendale,45-54,4,445.0,102,80,9
F004061,Peoria,45-54,3,445.0,76,70,9
F006231,Out of State,18-24,2,445.0,119,76,7
F059086,Gilbert,25-34,3,445.0,119,70,8
F056346,Tempe,35-44,2,444.0,72,60,8
F052187,Scottsdale,18-24,3,444.0,102,100,9
F064411,Peoria,25-34,2,444.0,132,80,7
F067037,Phoenix,45-54,2,444.0,111,100,8
F017989,Chandler,35-44,4,444.0,111,100,9
F066056,Phoenix,18-24,2,443.0,68,80,8
F048555,Mesa,35-44,3,443.0,86,53,9
F035598,Out of State,18-24,2,443.0,144,90,7
F031257,Glendale,25-34,4,443.0,86,60,9
F008142,Mesa,45-54,2,443.0,122,100,7
F051544,Tempe,35-44,2,442.0,148,60,7
F049252,Out of State,35-44,3,442.0,76,68,9
F049604,Mesa,35-44,2,441.0,148,60,7
F016211,Gilbert,55-64,2,441.0,107,100,8
F018238,Phoenix,35-44,2,441.0,86,87,8
F047151,Scottsdale,18-24,2,441.0,64,27,9
F033492,Mesa,35-44,3,441.0,98,100,9
F066764,Gilbert,45-54,2,441.0,141,76,7
F028177,Out of State,18-24,2,440.0,102,53,8
F014343,Out of State,55-64,3,440.0,80,84,9
F025387,Phoenix,18-24,5,439.0,89,60,9
F060323,Mesa,25-34,2,439.0,114,60,8
F071081,Phoenix,55-64,2,439.0,162,47,8
F064479,Out of State,18-24,3,439.0,119,73,8
F051932,Glendale,25-34,3,439.0,64,55,10
F067318,Tempe,35-44,2,439.0,64,60,9
F031260,Phoenix,45-54,4,439.0,72,78,9
F053680,Phoenix,45-54,2,439.0,122,70,7
F023819,Mesa,35-44,3,439.0,144,70,8
F030818,Glendale,25-34,3,439.0,144,73,8
F057728,Gilbert,35-44,3,439.0,76,80,9
F002928,Gilbert,55-64,2,438.0,144,70,7
F035911,Peoria,18-24,3,438.0,89,72,9
F039288,Tucson,35-44,4,438.0,132,73,8
F012517,Glendale,18-24,2,438.0,86,84,8
F023990,Out of State,18-24,2,438.0,158,90,7
F006478,Gilbert,35-44,5,438.0,68,68,9
F046518,Glendale,25-34,4,437.0,111,92,9
F045658,Phoenix,35-44,5,437.0,86,80,10
F041867,Scottsdale,18-24,2,437.0,94,30,8
F032653,Glendale,35-44,3,437.0,86,80,9
F007058,Scottsdale,25-34,2,437.0,86,51,8
F058294,Scottsdale,35-44,2,436.0,80,60,8
F065190,Tempe,35-44,2,436.0,80,100,8
F040358,Phoenix,45-54,2,436.0,94,73,8
F010481,Gilbert,25-34,2,436.0,102,87,8
F016749,Gilbert,45-54,2,436.0,135,60,7
F059129,Phoenix,18-24,2,436.0,119,90,7
F045218,Scottsdale,25-34,2,436.0,152,63,7
F003373,Tempe,35-44,3,436.0,89,87,9
F049496,Glendale,25-34,2,435.0,128,70,7
F042387,Phoenix,45-54,4,435.0,64,33,10
F037588,Out of State,25-34,4,435.0,107,80,9
F038036,Tempe,35-44,5,435.0,119,73,8
F046139,Phoenix,25-34,3,435.0,135,61,8
F059033,Out of State,35-44,2,435.0,64,87,9
F065517,Scottsdale,35-44,2,435.0,107,100,8
F029856,Phoenix,45-54,2,434.0,111,80,8
F065558,Scottsdale,18-24,3,434.0,72,60,9
F035994,Mesa,25-34,2,434.0,128,67,7
F050733,Mesa,35-44,3,434.0,76,80,9
F051457,Tempe,18-24,2,433.0,102,70,8
F008724,Mesa,18-24,4,433.0,68,60,9
F043884,Tucson,25-34,2,433.0,102,87,8
F060343,Glendale,18-24,2,433.0,135,87,7
F050855,Tempe,35-44,4,433.0,128,87,8
F059980,Phoenix,35-44,2,433.0,72,76,8
F069742,Phoenix,25-34,4,432.0,98,60,9
F019550,Chandler,18-24,2,432.0,98,60,8
F066562,Phoenix,18-24,2,432.0,94,100,8
F055601,Chandler,65+,2,431.0,64,70,9
F016565,Gilbert,18-24,2,431.0,64,90,9
F016112,Chandler,25-34,3,430.0,98,77,9
F026450,Out of State,18-24,3,430.0,111,80,9
F059155,Gilbert,18-24,2,430.0,72,60,8
F062751,Phoenix,25-34,2,430.0,162,87,7
F061090,Phoenix,25-34,4,430.0,68,60,9
F054718,Phoenix,25-34,3,429.0,94,60,9
F037482,Mesa,18-24,2,429.0,76,73,8
F051101,Scottsdale,25-34,6,429.0,89,92,10
F004199,Phoenix,18-24,2,429.0,98,60,8
F009472,Out of State,35-44,5,429.0,80,73,9
F032422,Chandler,35-44,2,428.0,114,73,8
F034214,Phoenix,18-24,2,428.0,107,100,8
F020876,Mesa,25-34,3,428.0,64,46,10
F004085,Scottsdale,25-34,2,428.0,76,87,8
F068531,Out of State,18-24,2,428.0,128,73,7
F045117,Gilbert,18-24,3,428.0,89,79,9
F004636,Phoenix,45-54,3,428.0,148,73,8
F068931,Chandler,18-24,4,427.0,80,80,9
F071115,Phoenix,35-44,4,427.0,102,74,9
F030709,Scottsdale,35-44,4,427.0,76,100,9
F031559,Mesa,18-24,3,427.0,86,71,9
F044996,Out of State,35-44,2,426.0,64,60,9
F072742,Mesa,35-44,2,426.0,128,60,8
F058575,Tucson,35-44,3,426.0,76,87,9
F071399,Phoenix,18-24,3,426.0,72,64,9
F055527,Phoenix,25-34,3,426.0,64,60,10
F027079,Phoenix,25-34,3,425.0,114,73,9
F026350,Peoria,35-44,3,425.0,64,60,10
F031438,Phoenix,18-24,4,425.0,119,100,8
F023466,Tempe,35-44,3,425.0,114,71,9
F008462,Out of State,18-24,2,425.0,148,62,7
F047317,Tempe,35-44,4,425.0,72,100,9
F061774,Scottsdale,45-54,2,425.0,64,65,9
F025340,Gilbert,18-24,4,425.0,64,60,10
F033174,Phoenix,18-24,2,424.0,128,73,7
F056526,Phoenix,25-34,2,424.0,89,60,8
F037628,Phoenix,45-54,4,424.0,114,58,9
F058115,Phoenix,35-44,3,423.0,72,52,9
F032700,Gilbert,45-54,4,423.0,68,41,9
F036607,Tucson,35-44,2,423.0,64,100,9
F039558,Phoenix,55-64,4,423.0,111,84,9
F007478,Chandler,45-54,2,423.0,64,70,9
F020002,Peoria,35-44,2,423.0,64,60,9
F038025,Phoenix,25-34,2,422.0,86,100,8
F010771,Chandler,18-24,2,422.0,102,60,8
F048852,Phoenix,55-64,3,422.0,86,60,9
F013240,Phoenix,25-34,2,422.0,102,91,8
F060626,Tempe,18-24,2,422.0,122,50,7
F010386,Gilbert,25-34,2,421.0,64,70,9
F057172,Tempe,45-54,2,421.0,76,80,8
F050132,Gilbert,18-24,3,421.0,122,45,8
F006942,Glendale,35-44,2,421.0,68,100,8
F032280,Phoenix,45-54,2,421.0,68,60,8
F068107,Out of State,35-44,2,421.0,148,68,7
F006957,Phoenix,25-34,4,420.0,128,68,8
F036938,Scottsdale,18-24,2,420.0,64,80,9
F067938,Phoenix,45-54,2,420.0,148,60,7
F072215,Mesa,25-34,4,420.0,80,73,9
F056274,Peoria,35-44,3,420.0,111,80,9
F070024,Phoenix,35-44,2,419.0,148,80,7
F030169,Phoenix,25-34,2,419.0,141,84,7
F065166,Peoria,45-54,4,419.0,119,87,8
F024515,Phoenix,25-34,2,419.0,80,76,8
F037707,Scottsdale,35-44,2,419.0,158,58,7
F050231,Glendale,25-34,2,419.0,128,100,7
F038379,Phoenix,25-34,2,418.0,89,60,8
F065165,Tucson,18-24,4,418.0,98,87,9
F022944,Phoenix,45-54,4,418.0,80,85,9
F072235,Phoenix,35-44,6,418.0,89,54,10
F031989,Mesa,35-44,2,418.0,89,93,8
F004496,Glendale,45-54,3,418.0,128,73,8
F022560,Scottsdale,18-24,3,418.0,80,84,9
F008033,Mesa,35-44,3,417.0,114,76,8
F027205,Gilbert,18-24,2,417.0,76,60,8
F027303,Scottsdale,35-44,4,417.0,64,54,10
F053992,Chandler,18-24,2,417.0,107,60,8
F017531,Glendale,35-44,3,417.0,72,91,9
F067774,Glendale,18-24,2,416.0,144,80,7
F004876,Tempe,35-44,2,416.0,135,90,7
F057125,Phoenix,25-34,3,415.0,64,91,10
F035518,Gilbert,35-44,2,415.0,76,80,8
F007764,Scottsdale,18-24,2,415.0,68,73,8
F008202,Phoenix,18-24,4,415.0,135,73,8
F006046,Gilbert,35-44,3,415.0,76,80,9
F012411,Scottsdale,18-24,2,415.0,148,80,7
F041800,Out of State,25-34,2,415.0,76,80,8
F048018,Phoenix,18-24,2,415.0,94,87,8
F047727,Phoenix,45-54,3,415.0,64,80,10
F019018,Phoenix,18-24,2,415.0,64,80,9
F028584,Scottsdale,25-34,3,415.0,64,60,10
F008650,Out of State,35-44,3,414.0,144,67,8
F003309,Gilbert,35-44,3,414.0,111,83,9
F059526,Phoenix,35-44,3,414.0,89,73,9
F004484,Mesa,25-34,4,414.0,89,70,9
F027518,Scottsdale,18-24,2,413.0,86,60,8
F003813,Chandler,35-44,2,413.0,114,100,7
F005763,Tempe,25-34,2,413.0,76,87,8
F037873,Phoenix,35-44,5,413.0,98,87,9
F026327,Gilbert,25-34,3,413.0,76,87,9
F042242,Mesa,25-34,4,413.0,76,60,9
F047927,Out of State,65+,2,413.0,135,70,7
F054663,Phoenix,18-24,2,413.0,141,68,7
F042106,Tempe,25-34,2,412.0,76,87,8
F019340,Phoenix,35-44,2,412.0,114,70,8
F018297,Tempe,18-24,2,412.0,86,87,8
F066004,Tucson,45-54,4,412.0,86,100,9
F049940,Phoenix,45-54,3,411.0,98,60,9
F013767,Scottsdale,35-44,2,411.0,76,60,8
F044744,Mesa,18-24,2,411.0,102,87,8
F054166,Phoenix,45-54,2,411.0,122,100,7
F048851,Chandler,25-34,2,411.0,102,90,8
F045935,Chandler,18-24,3,411.0,76,100,9
F053203,Phoenix,55-64,5,411.0,119,100,9
F007636,Tempe,55-64,5,411.0,111,87,9
F068301,Phoenix,18-24,4,411.0,119,93,8
F019434,Phoenix,18-24,2,410.0,119,76,7
F005577,Glendale,45-54,3,410.0,119,100,8
F055781,Scottsdale,18-24,3,410.0,114,60,9
F004608,Phoenix,18-24,2,410.0,72,71,8
F023778,Phoenix,18-24,3,410.0,132,76,8
F004120,Scottsdale,45-54,3,410.0,132,70,8
F008890,Phoenix,55-64,2,410.0,80,60,8
F012504,Scottsdale,35-44,3,410.0,122,77,8
F046359,Glendale,35-44,3,409.0,64,100,10
F042615,Gilbert,25-34,2,409.0,64,80,9
F003140,Phoenix,35-44,4,409.0,89,73,9
F024513,Chandler,45-54,2,409.0,64,100,9
F059513,Mesa,45-54,3,409.0,114,80,9
F065792,Glendale,45-54,2,409.0,98,80,8
F055261,Phoenix,35-44,2,408.0,86,91,8
F057206,Peoria,45-54,3,408.0,98,64,9
F030371,Tucson,45-54,4,408.0,132,80,8
F038861,Phoenix,35-44,3,408.0,107,52,9
F025006,Tempe,18-24,2,408.0,68,68,8
F030062,Phoenix,35-44,2,407.0,98,80,8
F028181,Phoenix,45-54,2,407.0,122,100,7
F068145,Phoenix,25-34,2,407.0,119,76,7
F050416,Phoenix,65+,2,407.0,128,40,7
F028769,Mesa,45-54,2,407.0,86,60,8
F004065,Phoenix,45-54,2,407.0,107,60,8
F052132,Chandler,25-34,3,407.0,94,87,9
F030724,Phoenix,55-64,2,407.0,144,87,7
F019432,Phoenix,18-24,2,407.0,111,87,8
F012405,Phoenix,25-34,3,407.0,148,60,8
F052725,Phoenix,25-34,4,407.0,119,80,8
F024706,Mesa,25-34,3,406.0,89,70,9
F054657,Chandler,35-44,2,406.0,68,60,8
F018120,Mesa,45-54,2,406.0,148,80,7
F069329,Phoenix,25-34,2,406.0,64,20,9
F055277,Phoenix,18-24,4,406.0,141,68,8
F041877,Phoenix,45-54,2,406.0,132,84,7
F044365,Phoenix,45-54,2,406.0,94,60,8
F065702,Phoenix,25-34,2,405.0,76,100,8
F025690,Gilbert,55-64,2,405.0,89,80,8
F036098,Scottsdale,35-44,5,405.0,64,73,10
F047970,Scottsdale,45-54,2,405.0,114,80,8
F017699,Glendale,45-54,3,405.0,89,100,9
F040443,Phoenix,35-44,3,405.0,119,83,8
F036194,Phoenix,35-44,2,405.0,80,100,8
F061011,Scottsdale,25-34,2,405.0,114,76,8
F020256,Peoria,18-24,4,404.0,68,72,9
F072115,Scottsdale,18-24,2,404.0,76,60,9
F013289,Tempe,35-44,2,404.0,94,87,8
F066495,Phoenix,35-44,2,404.0,144,73,7
F047717,Chandler,45-54,4,404.0,64,80,10
F069765,Phoenix,25-34,4,404.0,86,87,9
F044553,Scottsdale,65+,3,404.0,132,60,8
F014364,Phoenix,25-34,4,404.0,107,80,9
F025536,Scottsdale,45-54,4,404.0,94,40,9
F030730,Phoenix,35-44,4,403.0,98,76,9
F009355,Glendale,18-24,4,403.0,98,87,9
F009224,Phoenix,35-44,3,403.0,64,100,10
F005284,Peoria,35-44,4,403.0,86,73,9
F029316,Phoenix,35-44,2,402.0,122,70,7
F048324,Phoenix,25-34,3,402.0,119,90,8
F006917,Mesa,45-54,3,402.0,119,66,8
F035918,Phoenix,45-54,2,401.0,64,87,9
F072260,Scottsdale,45-54,2,401.0,64,76,10
F032960,Chandler,35-44,2,401.0,132,60,7
F030820,Peoria,35-44,3,401.0,141,60,8
F061922,Scottsdale,35-44,2,401.0,80,80,8
F062906,Mesa,25-34,2,401.0,122,90,7
F013522,Tempe,25-34,3,401.0,94,100,9
F054478,Scottsdale,25-34,2,401.0,114,60,8
F069740,Phoenix,18-24,2,400.0,148,26,7
F061426,Tempe,25-34,4,400.0,89,84,9
F050499,Mesa,25-34,2,400.0,114,60,8
F018363,Phoenix,45-54,4,399.0,76,64,9
F034910,Mesa,45-54,3,399.0,111,80,9
F060383,Phoenix,45-54,2,399.0,80,80,8
F066700,Chandler,35-44,3,399.0,80,100,9
F027419,Phoenix,35-44,3,399.0,122,87,8
F054841,Phoenix,25-34,2,399.0,148,70,7
F042192,Tucson,45-54,2,399.0,72,36,8
F015488,Scottsdale,35-44,3,399.0,80,92,9
F066576,Mesa,35-44,3,398.0,64,90,10
F025425,Out of State,18-24,3,398.0,111,80,9
F041118,Tempe,45-54,4,398.0,64,100,10
F042801,Tempe,35-44,3,398.0,98,55,9
F027267,Chandler,18-24,2,398.0,122,39,7
F066208,Chandler,25-34,2,398.0,80,87,8
F012345,Glendale,25-34,4,398.0,76,60,9
F071680,Mesa,35-44,2,398.0,72,100,9
F046111,Scottsdale,35-44,2,397.0,122,60,7
F020165,Tempe,18-24,4,397.0,94,70,9
F013098,Tucson,18-24,2,397.0,68,90,8
F070187,Tempe,25-34,4,397.0,98,87,9
F065483,Phoenix,45-54,2,397.0,111,52,8
F048947,Mesa,35-44,2,397.0,86,73,8
F058064,Scottsdale,35-44,2,397.0,80,60,8
F072344,Glendale,18-24,3,397.0,80,90,9
F040774,Scottsdale,18-24,3,397.0,64,60,10
F028371,Mesa,35-44,2,397.0,80,80,8
F050939,Phoenix,35-44,3,397.0,98,60,9
F008869,Mesa,25-34,3,396.0,72,60,9
F030258,Out of State,45-54,3,396.0,119,80,8
F012657,Peoria,45-54,2,396.0,68,100,8
F055523,Peoria,18-24,2,396.0,86,100,8
F033244,Phoenix,65+,2,396.0,128,80,7
F013340,Out of State,25-34,2,395.0,132,73,7
F004267,Out of State,18-24,3,395.0,102,87,9
F010616,Phoenix,25-34,3,395.0,72,60,9
F004059,Phoenix,45-54,3,395.0,76,87,9
F045989,Peoria,25-34,3,395.0,141,53,8
F005766,Scottsdale,35-44,3,395.0,64,87,9
F061618,Out of State,45-54,4,394.0,64,60,10
F062180,Scottsdale,35-44,2,394.0,80,40,8
F036302,Tempe,25-34,3,394.0,76,60,9
F034182,Phoenix,18-24,2,394.0,135,90,7
F050106,Mesa,35-44,3,394.0,86,87,9
F036813,Tempe,25-34,3,394.0,107,90,9
F049602,Gilbert,18-24,3,394.0,119,80,8
F022433,Tempe,25-34,2,393.0,107,60,8
F012908,Scottsdale,35-44,5,393.0,94,60,9
F072818,Glendale,45-54,2,393.0,64,60,10
F068293,Phoenix,25-34,3,393.0,86,73,9
F049466,Phoenix,18-24,2,393.0,122,100,7
F039925,Glendale,35-44,4,393.0,94,80,9
F044098,Mesa,35-44,2,393.0,166,90,7
F053257,Scottsdale,25-34,2,393.0,148,60,7
F015227,Scottsdale,35-44,3,393.0,72,73,9
F026559,Chandler,25-34,2,392.0,89,80,8
F051669,Phoenix,35-44,2,392.0,111,60,8
F032321,Mesa,45-54,4,392.0,89,93,9
F039816,Phoenix,55-64,2,392.0,141,70,7
F050926,Mesa,35-44,2,392.0,80,73,8
F031379,Tucson,25-34,3,391.0,128,87,8
F034761,Phoenix,18-24,3,391.0,102,88,9
F040755,Scottsdale,45-54,2,391.0,86,73,8
F041489,Phoenix,35-44,2,390.0,122,80,7
F037714,Phoenix,35-44,3,390.0,111,80,9
F019501,Gilbert,45-54,2,390.0,68,80,8
F035177,Scottsdale,25-34,4,389.0,80,60,9
F047355,Scottsdale,35-44,2,389.0,111,92,8
F070070,Glendale,25-34,2,389.0,86,60,8
F054320,Phoenix,35-44,2,389.0,98,92,8
F017643,Phoenix,35-44,2,389.0,80,60,8
F036005,Phoenix,55-64,3,388.0,128,70,8
F010838,Chandler,25-34,3,388.0,68,100,9
F013779,Scottsdale,18-24,3,388.0,94,100,9
F040377,Tucson,25-34,2,388.0,148,87,7
F047480,Mesa,25-34,2,388.0,148,80,7
F069449,Phoenix,45-54,3,388.0,64,92,10
F056677,Scottsdale,55-64,3,387.0,122,80,8
F066474,Chandler,35-44,3,387.0,86,100,9
F004802,Phoenix,45-54,2,387.0,64,65,8
F033045,Scottsdale,45-54,3,386.0,68,80,9
F021537,Mesa,35-44,3,386.0,119,90,8
F054693,Glendale,18-24,2,386.0,86,80,8
F028242,Scottsdale,35-44,2,386.0,64,80,9
F041012,Phoenix,18-24,3,385.0,94,67,9
F032696,Gilbert,25-34,2,385.0,122,60,7
F036992,Out of State,45-54,2,385.0,148,84,7
F018896,Scottsdale,35-44,2,385.0,89,80,8
F003670,Phoenix,18-24,2,385.0,114,73,7
F072839,Gilbert,35-44,4,385.0,114,84,9
F028756,Phoenix,25-34,2,384.0,122,100,7
F047148,Chandler,35-44,4,384.0,72,73,9
F042974,Peoria,25-34,2,384.0,114,80,8
F038988,Phoenix,35-44,3,384.0,68,100,9
F058917,Mesa,35-44,2,384.0,89,79,8
F029384,Phoenix,35-44,2,384.0,72,60,8
F004372,Tempe,18-24,2,384.0,135,87,7
F053797,Out of State,35-44,3,384.0,102,80,9
F068821,Tempe,25-34,2,383.0,98,100,8
F069011,Mesa,25-34,3,383.0,80,90,9
F015253,Glendale,35-44,2,383.0,141,83,7
F013551,Scottsdale,25-34,2,383.0,119,67,7
F029701,Phoenix,25-34,4,383.0,98,87,9
F053639,Scottsdale,45-54,3,382.0,119,81,8
F035237,Phoenix,18-24,3,382.0,80,46,9
F019016,Gilbert,25-34,2,382.0,80,80,8
F033581,Tempe,35-44,2,382.0,128,70,7
F040395,Out of State,35-44,3,382.0,98,76,9
F027856,Peoria,45-54,4,382.0,89,58,9
F040679,Chandler,18-24,3,382.0,72,73,9
F046529,Glendale,35-44,2,382.0,122,66,7
F038858,Out of State,35-44,3,381.0,72,22,9
F016614,Out of State,35-44,2,381.0,119,60,7
F007375,Phoenix,45-54,3,381.0,119,83,8
F037611,Tucson,45-54,3,381.0,141,92,8
F044538,Phoenix,35-44,2,381.0,98,80,8
F010896,Phoenix,35-44,2,381.0,107,73,8
F048164,Tempe,25-34,2,380.0,107,80,8
F013834,Chandler,35-44,2,380.0,68,20,8
F020073,Phoenix,35-44,2,380.0,114,9,8
F004379,Tempe,45-54,3,380.0,107,73,9
F035786,Scottsdale,35-44,2,380.0,114,76,8
F026492,Scottsdale,45-54,2,380.0,94,47,8
F018619,Phoenix,35-44,2,379.0,80,60,8
F041272,Phoenix,25-34,3,379.0,102,33,9
F016808,Chandler,35-44,3,379.0,94,90,9
F033008,Mesa,35-44,4,379.0,135,84,8
F032564,Glendale,35-44,2,379.0,64,73,9
F028808,Mesa,45-54,2,379.0,64,87,9
F049235,Phoenix,45-54,2,378.0,107,60,8
F050681,Gilbert,18-24,3,378.0,94,87,9
F041032,Tempe,45-54,2,378.0,141,90,7
F067004,Mesa,35-44,3,378.0,107,60,9
F009759,Mesa,18-24,3,378.0,135,73,8
F006360,Phoenix,25-34,2,377.0,64,60,9
F063505,Glendale,35-44,3,377.0,64,73,10
F067778,Phoenix,45-54,2,377.0,86,80,8
F022073,Scottsdale,35-44,2,377.0,114,87,8
F054091,Tempe,45-54,2,377.0,76,92,8
F052442,Tempe,45-54,3,377.0,86,100,9
F024583,Phoenix,25-34,2,377.0,114,84,8
F016888,Phoenix,35-44,3,377.0,76,87,9
F047900,Glendale,25-34,2,377.0,68,60,8
F050654,Tucson,45-54,2,377.0,122,100,7
F005646,Phoenix,18-24,2,376.0,68,40,8
F055081,Glendale,55-64,2,376.0,114,61,8
F036674,Scottsdale,45-54,2,376.0,122,70,7
F020142,Peoria,35-44,3,376.0,80,60,9
F003978,Tucson,55-64,3,376.0,64,60,9
F061279,Scottsdale,25-34,3,375.0,80,81,9
F048608,Phoenix,45-54,2,374.0,141,84,7
F011148,Phoenix,55-64,3,374.0,89,49,9
F050905,Phoenix,35-44,2,374.0,111,100,8
F053537,Phoenix,25-34,2,374.0,114,100,8
F025765,Tempe,45-54,3,374.0,76,74,9
F010492,Scottsdale,25-34,2,373.0,80,60,8
F043728,Gilbert,18-24,4,373.0,89,84,9
F005330,Phoenix,25-34,3,373.0,94,60,9
F042319,Gilbert,35-44,3,373.0,94,73,9
F027876,Tempe,18-24,4,373.0,68,60,9
F017849,Peoria,35-44,3,372.0,111,80,9
F016916,Mesa,25-34,2,372.0,64,100,9
F061593,Phoenix,45-54,2,372.0,98,68,8
F055129,Scottsdale,25-34,3,372.0,94,58,9
F052001,Mesa,25-34,2,372.0,119,100,7
F027109,Glendale,18-24,3,372.0,114,80,9
F033976,Mesa,35-44,2,372.0,86,80,8
F005201,Glendale,18-24,2,372.0,141,60,7
F025334,Phoenix,45-54,2,372.0,111,68,8
F039820,Peoria,18-24,3,372.0,148,73,8
F019467,Phoenix,35-44,3,371.0,76,57,9
F012448,Phoenix,35-44,2,371.0,111,92,8
F007554,Phoenix,25-34,2,371.0,162,60,7
F017926,Glendale,45-54,2,371.0,107,67,8
F044769,Glendale,45-54,4,371.0,72,73,9
F047238,Phoenix,18-24,4,371.0,86,87,9
F024962,Scottsdale,35-44,2,370.0,141,67,7
F062770,Scottsdale,18-24,2,370.0,86,60,8
F010112,Tempe,35-44,6,370.0,102,80,10
F053371,Mesa,45-54,3,370.0,119,87,8
F045101,Phoenix,45-54,2,370.0,148,80,7
F058584,Glendale,25-34,3,370.0,86,70,9
F069336,Phoenix,25-34,2,369.0,80,70,8
F031402,Out of State,35-44,3,369.0,72,100,9
F061944,Phoenix,25-34,3,369.0,141,60,8
F006468,Phoenix,45-54,2,369.0,98,60,8
F051887,Mesa,25-34,2,369.0,148,73,7
F056952,Tempe,25-34,4,368.0,98,80,9
F009909,Mesa,25-34,2,368.0,132,79,7
F057216,Mesa,18-24,2,368.0,89,60,8
F058777,Chandler,55-64,2,368.0,152,70,7
F036012,Out of State,25-34,2,368.0,80,80,8
F064086,Tempe,35-44,3,368.0,76,83,9
F056007,Mesa,45-54,2,368.0,122,80,7
F034698,Chandler,45-54,2,367.0,98,100,8
F053454,Phoenix,25-34,2,367.0,80,60,8
F066065,Phoenix,25-34,2,367.0,111,87,8
F043733,Out of State,35-44,5,367.0,98,73,10
F024269,Glendale,18-24,3,367.0,76,65,9
F039079,Scottsdale,45-54,3,367.0,64,84,10
F045080,Chandler,35-44,3,366.0,132,84,8
F026893,Phoenix,35-44,2,366.0,152,60,7
F008305,Phoenix,25-34,2,366.0,94,87,8
F066199,Scottsdale,18-24,3,366.0,98,60,9
F070032,Phoenix,35-44,2,366.0,72,80,8
F008764,Scottsdale,35-44,2,366.0,64,100,9
F050728,Phoenix,35-44,2,366.0,76,73,8
F003729,Peoria,18-24,4,365.0,68,58,9
F037024,Scottsdale,45-54,3,365.0,72,80,9
F054286,Out of State,18-24,2,365.0,102,60,8
F066434,Mesa,55-64,4,365.0,68,67,9
F053000,Mesa,25-34,3,365.0,76,73,9
F045276,Peoria,25-34,3,364.0,135,60,8
F047174,Out of State,18-24,2,364.0,122,80,7
F004297,Phoenix,18-24,3,364.0,122,87,8
F045408,Peoria,18-24,2,364.0,80,60,8
F057651,Out of State,18-24,2,364.0,114,60,8
F009166,Tempe,25-34,5,364.0,76,80,9
F019071,Scottsdale,35-44,3,364.0,107,92,9
F017584,Out of State,18-24,2,364.0,102,87,8
F034360,Scottsdale,25-34,2,363.0,148,100,7
F037766,Scottsdale,45-54,2,363.0,122,80,7
F032495,Phoenix,18-24,2,363.0,114,60,8
F032702,Phoenix,25-34,2,363.0,135,92,7
F061529,Phoenix,35-44,2,363.0,64,30,9
F012183,Tucson,45-54,3,363.0,111,70,9
F051979,Scottsdale,35-44,2,363.0,89,60,8
F049881,Scottsdale,35-44,2,363.0,141,87,7
F062403,Phoenix,45-54,3,362.0,122,60,8
F013086,Phoenix,18-24,2,362.0,119,80,7
F030183,Phoenix,65+,2,362.0,94,80,8
F024927,Phoenix,18-24,3,362.0,94,80,9
F056611,Mesa,18-24,4,362.0,119,100,8
F047968,Phoenix,45-54,2,362.0,72,91,8
F014717,Glendale,18-24,3,361.0,98,100,9
F044713,Tucson,35-44,2,361.0,122,50,7
F020124,Scottsdale,18-24,3,361.0,80,73,9
F065175,Tempe,45-54,3,361.0,102,83,9
F022829,Chandler,35-44,2,361.0,111,80,8
F032538,Gilbert,25-34,2,360.0,141,70,7
F017713,Phoenix,35-44,4,360.0,107,78,9
F009125,Phoenix,18-24,3,360.0,64,60,10
F013870,Scottsdale,55-64,4,360.0,76,60,9
F060897,Phoenix,55-64,3,360.0,89,100,9
F064075,Gilbert,45-54,2,360.0,64,68,9
F055090,Phoenix,18-24,3,360.0,80,55,9
F057386,Glendale,25-34,3,360.0,107,80,9
F013936,Tempe,45-54,3,360.0,64,87,10
F055936,Mesa,65+,2,360.0,94,100,8
F039457,Out of State,25-34,2,359.0,141,77,7
F070011,Mesa,45-54,2,359.0,89,60,8
F023069,Glendale,18-24,2,359.0,119,80,7
F068028,Chandler,45-54,2,359.0,152,80,7
F048157,Tempe,35-44,3,359.0,119,80,8
F008870,Phoenix,35-44,2,359.0,128,73,7
F068946,Phoenix,35-44,3,359.0,94,68,9
F040604,Phoenix,35-44,2,358.0,98,70,8
F030132,Tempe,35-44,2,358.0,64,48,9
F041442,Out of State,45-54,2,358.0,107,73,8
F019865,Phoenix,45-54,3,358.0,128,76,8
F053673,Mesa,18-24,2,358.0,122,40,7
F062272,Mesa,18-24,2,357.0,111,60,8
F044167,Gilbert,18-24,2,357.0,135,73,7
F033634,Glendale,25-34,2,357.0,122,73,7
F013229,Gilbert,55-64,3,357.0,72,26,9
F021782,Chandler,35-44,2,357.0,68,48,8
F055395,Glendale,35-44,2,357.0,162,85,7
F067423,Scottsdale,35-44,2,356.0,80,60,8
F068703,Tempe,25-34,3,356.0,111,73,9
F051103,Phoenix,18-24,2,356.0,119,100,7
F055126,Gilbert,18-24,4,356.0,72,100,9
F049523,Phoenix,45-54,2,356.0,86,76,8
F054086,Tempe,35-44,2,356.0,141,45,7
F011961,Tempe,55-64,2,355.0,119,60,7
F061299,Mesa,35-44,2,355.0,148,87,7
F071888,Phoenix,35-44,2,355.0,152,60,8
F025777,Phoenix,25-34,2,355.0,144,60,7
F052955,Tucson,18-24,2,355.0,64,90,9
F045785,Peoria,45-54,2,355.0,152,84,7
F025364,Phoenix,18-24,2,355.0,132,76,7
F070953,Mesa,35-44,2,354.0,94,60,9
F062546,Tempe,18-24,2,354.0,86,80,8
F040459,Scottsdale,35-44,3,354.0,144,70,8
F033498,Scottsdale,35-44,3,354.0,68,80,9
F055366,Mesa,55-64,2,354.0,128,73,7
F005384,Peoria,35-44,2,354.0,94,40,8
F033610,Out of State,35-44,2,354.0,111,87,8
F010822,Phoenix,25-34,3,354.0,68,87,9
F045032,Phoenix,25-34,2,354.0,141,87,7
F017193,Tempe,35-44,3,353.0,68,87,9
F024771,Tucson,35-44,2,353.0,119,60,7
F052029,Tucson,35-44,2,353.0,128,84,7
F038506,Phoenix,25-34,2,353.0,89,100,8
F041190,Out of State,18-24,3,353.0,132,84,8
F036689,Glendale,25-34,2,353.0,148,73,7
F043480,Mesa,25-34,2,353.0,72,76,8
F018623,Gilbert,45-54,2,353.0,128,90,7
F025130,Mesa,25-34,3,353.0,86,80,9
F014180,Phoenix,45-54,2,352.0,98,80,8
F017489,Peoria,45-54,3,352.0,86,60,9
F047398,Peoria,25-34,2,352.0,122,100,7
F017597,Gilbert,45-54,2,352.0,107,100,8
F008203,Gilbert,18-24,2,352.0,114,60,7
F030174,Phoenix,25-34,3,352.0,76,80,9
F032531,Gilbert,55-64,4,352.0,72,92,9
F035608,Phoenix,35-44,2,352.0,114,74,8
F059374,Scottsdale,18-24,2,352.0,144,60,7
F033090,Tempe,25-34,3,352.0,122,67,8
F059570,Glendale,25-34,3,352.0,94,66,9
F067541,Mesa,18-24,3,352.0,72,80,9
F048378,Mesa,35-44,2,351.0,86,73,8
F032268,Phoenix,45-54,3,351.0,64,60,10
F038371,Peoria,35-44,2,351.0,148,15,7
F069049,Phoenix,35-44,2,351.0,114,100,8
F013747,Gilbert,18-24,3,351.0,102,52,9
F034437,Phoenix,25-34,2,351.0,64,60,9
F044548,Phoenix,25-34,2,351.0,122,100,7
F068108,Phoenix,25-34,2,351.0,94,60,8
F071818,Mesa,25-34,3,350.0,107,60,9
F011950,Phoenix,35-44,3,350.0,72,87,9
F003682,Phoenix,18-24,2,350.0,158,87,7
F038559,Tucson,45-54,3,350.0,107,78,9
F016484,Phoenix,18-24,2,350.0,111,80,8
F042895,Scottsdale,35-44,2,350.0,111,100,8
F014545,Scottsdale,45-54,3,350.0,76,73,9
F056464,Scottsdale,35-44,3,350.0,107,84,9
F038725,Phoenix,45-54,3,350.0,111,80,9
F027133,Chandler,25-34,4,350.0,128,73,8
F006612,Out of State,25-34,4,350.0,86,73,9
F023458,Phoenix,35-44,2,349.0,68,80,8
F049518,Phoenix,35-44,4,349.0,89,93,9
F019393,Phoenix,45-54,2,349.0,86,80,8
F009002,Peoria,18-24,3,349.0,122,61,8
F059449,Tempe,18-24,3,349.0,114,90,9
F004836,Tempe,25-34,2,349.0,111,80,8
F027798,Mesa,18-24,2,348.0,119,73,7
F066716,Scottsdale,35-44,3,348.0,98,50,9
F067027,Mesa,35-44,3,348.0,102,43,9
F030801,Tucson,25-34,3,348.0,111,87,9
F064707,Out of State,25-34,2,348.0,132,77,7
F004398,Tempe,35-44,3,347.0,119,100,8
F056594,Phoenix,35-44,2,347.0,119,87,7
F054613,Tucson,35-44,4,347.0,102,90,9
F017153,Peoria,18-24,2,347.0,86,76,8
F062244,Glendale,35-44,3,346.0,114,63,9
F069418,Out of State,18-24,2,346.0,132,60,7
F050574,Scottsdale,35-44,2,346.0,107,68,8
F057131,Glendale,25-34,3,346.0,107,87,9
F015469,Out of State,25-34,4,346.0,122,70,8
F052220,Phoenix,18-24,3,346.0,119,63,8
F016472,Chandler,25-34,2,346.0,72,90,8
F010086,Phoenix,25-34,2,346.0,119,100,7
F017068,Out of State,18-24,3,346.0,119,73,8
F006935,Scottsdale,18-24,2,345.0,80,80,8
F045297,Phoenix,18-24,3,345.0,111,80,9
F011280,Phoenix,45-54,2,345.0,135,76,7
F066216,Phoenix,18-24,3,345.0,68,76,9
F014873,Gilbert,18-24,3,345.0,111,73,9
F014899,Tucson,35-44,4,345.0,94,80,9
F049801,Scottsdale,35-44,2,345.0,144,87,7
F065187,Mesa,45-54,2,344.0,141,70,7
F010506,Phoenix,25-34,4,344.0,89,68,9
F022209,Peoria,45-54,3,344.0,119,71,8
F057598,Tucson,65+,2,344.0,64,88,9
F011703,Mesa,25-34,3,344.0,141,76,8
F021513,Scottsdale,35-44,2,344.0,132,60,7
F063616,Glendale,18-24,3,344.0,80,87,9
F040295,Scottsdale,35-44,3,344.0,111,78,9
F015478,Mesa,35-44,2,344.0,98,80,8
F012656,Phoenix,55-64,4,344.0,94,53,9
F019578,Glendale,25-34,2,344.0,119,46,7
F037884,Tempe,25-34,2,343.0,98,80,8
F003350,Phoenix,35-44,3,343.0,68,73,9
F064823,Phoenix,45-54,3,343.0,86,76,9
F057288,Gilbert,45-54,2,343.0,148,90,7
F059275,Scottsdale,18-24,3,343.0,94,90,9
F009562,Phoenix,35-44,4,343.0,72,51,9
F005894,Chandler,45-54,2,342.0,94,80,8
F017273,Phoenix,18-24,2,342.0,64,100,9
F068520,Out of State,55-64,2,342.0,114,60,8
F027946,Chandler,35-44,3,342.0,102,73,9
F040577,Out of State,35-44,4,342.0,64,100,10
F015804,Tempe,18-24,2,342.0,68,40,8
F064494,Chandler,35-44,2,342.0,114,40,8
F048556,Gilbert,25-34,2,341.0,158,70,7
F038424,Tempe,25-34,4,341.0,68,51,9
F025734,Phoenix,35-44,2,341.0,148,84,7
F065824,Gilbert,25-34,3,341.0,132,60,8
F033183,Phoenix,45-54,2,341.0,144,80,7
F028508,Phoenix,35-44,2,341.0,80,100,8
F005797,Gilbert,25-34,3,341.0,135,42,8
F031580,Phoenix,25-34,2,341.0,111,51,8
F056294,Gilbert,35-44,3,341.0,80,84,9
F033617,Phoenix,45-54,2,340.0,114,90,8
F040708,Mesa,18-24,3,340.0,128,70,8
F013003,Scottsdale,55-64,2,340.0,102,68,8
F014764,Tempe,25-34,2,340.0,102,100,8
F052356,Tempe,35-44,4,340.0,111,91,9
F028026,Scottsdale,18-24,3,340.0,76,45,9
F026353,Scottsdale,25-34,3,340.0,98,100,9
F047444,Out of State,55-64,2,340.0,89,100,8
F023037,Phoenix,55-64,2,340.0,111,60,8
F033784,Out of State,35-44,2,339.0,64,80,9
F068023,Phoenix,18-24,2,339.0,122,60,7
F050814,Out of State,25-34,2,339.0,119,100,7
F059130,Phoenix,25-34,2,339.0,76,80,8
F024451,Phoenix,35-44,2,339.0,64,20,9
F024866,Peoria,35-44,3,339.0,111,84,9
F054636,Scottsdale,55-64,3,339.0,72,60,9
F003265,Peoria,45-54,3,339.0,80,80,9
F016919,Scottsdale,25-34,3,338.0,111,100,9
F041738,Phoenix,65+,2,338.0,94,60,8
F042361,Phoenix,18-24,2,338.0,148,60,7
F016874,Glendale,35-44,2,338.0,76,60,8
F026651,Out of State,18-24,2,338.0,64,60,9
F028527,Out of State,25-34,2,338.0,141,8,7
F024154,Phoenix,35-44,2,338.0,122,73,7
F053161,Glendale,35-44,3,338.0,76,52,9
F065691,Scottsdale,45-54,2,338.0,114,100,8
F005494,Chandler,25-34,2,337.0,76,60,8
F035578,Scottsdale,35-44,2,337.0,107,73,8
F015152,Scottsdale,25-34,3,337.0,64,72,10
F043280,Scottsdale,35-44,3,337.0,76,60,9
F055360,Scottsdale,45-54,3,337.0,64,51,10
F033007,Phoenix,35-44,3,337.0,76,100,9
F016223,Glendale,35-44,2,337.0,144,100,7
F053842,Chandler,18-24,2,336.0,119,60,7
F049424,Scottsdale,18-24,2,336.0,98,90,8
F034643,Peoria,25-34,2,336.0,132,76,7
F045861,Tucson,18-24,2,336.0,64,60,9
F023850,Phoenix,18-24,2,336.0,148,76,7
F049244,Mesa,25-34,3,336.0,68,52,9
F053108,Phoenix,18-24,2,335.0,141,60,7
F051078,Phoenix,18-24,2,335.0,98,80,8
F015772,Phoenix,45-54,3,335.0,128,92,8
F020299,Phoenix,25-34,3,335.0,68,87,9
F047586,Mesa,35-44,3,335.0,141,80,8
F014689,Tempe,25-34,3,335.0,64,70,10
F066247,Scottsdale,35-44,3,335.0,98,73,9
F032033,Mesa,35-44,2,335.0,114,87,8
F043360,Peoria,35-44,2,334.0,144,60,7
F062053,Phoenix,45-54,2,334.0,148,60,7
F072634,Phoenix,25-34,3,334.0,135,60,8
F054245,Mesa,18-24,2,334.0,94,92,8
F042335,Phoenix,18-24,3,334.0,72,80,9
F006976,Scottsdale,45-54,2,334.0,148,76,7
F059316,Phoenix,18-24,2,334.0,80,60,8
F051802,Tempe,18-24,2,334.0,107,90,8
F038266,Chandler,35-44,2,334.0,144,30,7
F004688,Phoenix,18-24,3,334.0,80,50,9
F069792,Out of State,45-54,3,334.0,72,70,9
F065060,Tempe,45-54,2,334.0,114,100,8
F015716,Peoria,45-54,4,334.0,107,90,9
F059203,Tempe,18-24,3,333.0,98,70,9
F017288,Phoenix,35-44,2,333.0,98,80,8
F060405,Scottsdale,25-34,2,333.0,128,68,7
F049980,Phoenix,55-64,2,333.0,68,73,8
F023675,Phoenix,35-44,4,333.0,94,73,9
F008975,Tempe,45-54,2,333.0,98,60,8
F065440,Gilbert,25-34,2,333.0,148,80,7
F051604,Phoenix,35-44,2,333.0,102,84,8
F012247,Mesa,18-24,2,333.0,64,100,9
F008792,Glendale,18-24,2,333.0,114,90,7
F064098,Scottsdale,25-34,2,333.0,111,70,8
F046959,Chandler,35-44,2,333.0,86,70,8
F019813,Phoenix,18-24,4,332.0,107,80,9
F016568,Mesa,18-24,3,332.0,135,87,8
F014614,Phoenix,45-54,3,332.0,80,73,9
F045337,Out of State,45-54,2,332.0,148,80,7
F057395,Glendale,35-44,3,332.0,86,90,9
F005839,Scottsdale,35-44,2,331.0,80,60,8
F054508,Peoria,25-34,2,331.0,119,80,7
F056535,Glendale,25-34,2,331.0,132,73,7
F044942,Chandler,18-24,3,331.0,86,60,9
F005954,Tucson,18-24,3,331.0,111,65,9
F067307,Gilbert,18-24,3,331.0,148,76,8
F070693,Chandler,18-24,3,331.0,144,93,8
F015985,Tucson,35-44,2,331.0,86,100,8
F069898,Mesa,25-34,2,331.0,94,60,8
F039999,Phoenix,45-54,2,330.0,102,100,8
F058694,Phoenix,18-24,2,330.0,114,100,8
F022075,Chandler,45-54,2,330.0,158,73,7
F040428,Phoenix,18-24,2,330.0,64,87,9
F038920,Phoenix,18-24,4,330.0,98,77,9
F048715,Mesa,25-34,2,330.0,132,50,7
F043391,Tempe,45-54,2,329.0,119,91,7
F046373,Scottsdale,35-44,3,329.0,98,80,9
F021731,Phoenix,45-54,2,329.0,122,60,7
F053528,Gilbert,25-34,4,329.0,102,73,9
F050133,Mesa,25-34,2,329.0,144,76,7
F057989,Peoria,35-44,2,329.0,132,60,7
F054339,Out of State,18-24,3,329.0,80,75,9
F044957,Tempe,25-34,2,329.0,86,100,8
F006256,Glendale,45-54,2,329.0,64,48,9
F034554,Scottsdale,25-34,3,329.0,122,60,8
F036293,Glendale,18-24,3,328.0,72,100,9
F047018,Phoenix,45-54,2,328.0,72,100,8
F069612,Scottsdale,25-34,3,328.0,98,73,9
F042213,Phoenix,25-34,2,328.0,76,100,8
F016214,Scottsdale,18-24,2,328.0,64,73,9
F008997,Tempe,18-24,4,328.0,119,80,8
F008952,Gilbert,45-54,3,328.0,135,80,8
F038200,Phoenix,35-44,2,328.0,86,43,8
F039793,Phoenix,18-24,3,328.0,111,56,9
F022053,Out of State,35-44,4,328.0,72,71,9
F024348,Phoenix,18-24,3,327.0,98,50,9
F045988,Phoenix,25-34,2,327.0,76,80,8
F061478,Scottsdale,35-44,2,327.0,135,60,7
F008303,Phoenix,25-34,2,327.0,68,100,8
F064007,Phoenix,18-24,2,326.0,102,90,8
F050509,Mesa,25-34,3,326.0,141,73,8
F057006,Scottsdale,35-44,2,326.0,98,60,8
F006408,Phoenix,18-24,3,326.0,94,87,9
F018330,Phoenix,25-34,3,326.0,141,87,8
F045050,Gilbert,18-24,2,326.0,114,100,8
F008452,Scottsdale,35-44,3,325.0,80,73,9
F054893,Out of State,18-24,2,325.0,141,87,7
F032139,Mesa,55-64,3,325.0,102,100,9
F059589,Phoenix,35-44,2,325.0,80,80,8
F052491,Peoria,18-24,2,325.0,128,73,7
F003923,Scottsdale,35-44,2,325.0,144,73,7
F028357,Phoenix,25-34,2,324.0,72,60,8
F006945,Chandler,35-44,2,324.0,80,63,8
F007005,Phoenix,25-34,2,324.0,80,80,8
F063620,Chandler,35-44,3,324.0,72,60,9
F048508,Tempe,35-44,4,324.0,89,78,9
F053459,Phoenix,18-24,2,324.0,86,76,8
F027107,Phoenix,45-54,3,324.0,72,57,9
F072316,Tempe,25-34,2,324.0,80,100,9
F055413,Phoenix,35-44,2,324.0,64,80,9
F053805,Glendale,18-24,2,324.0,107,60,8
F004497,Gilbert,45-54,2,323.0,80,73,8
F071085,Mesa,35-44,3,323.0,102,60,9
F040098,Phoenix,35-44,2,323.0,76,80,8
F041018,Gilbert,35-44,2,323.0,119,87,7
F049646,Phoenix,18-24,2,322.0,144,60,7
F063294,Gilbert,55-64,2,322.0,80,60,8
F053119,Phoenix,35-44,3,322.0,98,87,9
F020849,Gilbert,25-34,2,322.0,128,61,7
F060415,Chandler,45-54,2,322.0,86,87,8
F009609,Phoenix,45-54,2,322.0,64,80,9
F040415,Tucson,35-44,2,322.0,111,80,8
F069909,Glendale,25-34,2,322.0,89,87,8
F065350,Phoenix,25-34,3,322.0,128,70,8
F056635,Phoenix,18-24,3,321.0,94,100,9
F036535,Phoenix,65+,2,321.0,86,87,8
F062149,Mesa,18-24,5,321.0,89,92,10
F039375,Phoenix,35-44,2,321.0,80,76,8
F032408,Glendale,35-44,3,321.0,68,73,9
F004330,Tempe,45-54,2,321.0,102,70,8
F015100,Mesa,45-54,2,321.0,166,66,7
F015203,Peoria,18-24,4,321.0,152,65,8
F047764,Phoenix,18-24,2,321.0,68,60,8
F072656,Phoenix,25-34,2,321.0,102,87,9
F067214,Phoenix,25-34,2,321.0,122,60,7
F047734,Tucson,25-34,2,320.0,141,70,7
F035466,Phoenix,25-34,3,320.0,135,65,8
F027528,Mesa,18-24,2,320.0,68,73,8
F056016,Phoenix,35-44,2,320.0,114,80,8
F069039,Tempe,45-54,2,320.0,141,60,7
F030104,Phoenix,25-34,2,320.0,128,70,7
F066225,Out of State,18-24,3,320.0,76,87,9
F047637,Phoenix,25-34,3,319.0,141,80,8
F062743,Phoenix,25-34,3,319.0,122,60,8
F038034,Phoenix,25-34,3,319.0,94,50,9
F066306,Phoenix,35-44,2,319.0,128,73,7
F068621,Glendale,18-24,2,319.0,80,60,8
F012423,Phoenix,25-34,3,319.0,114,60,9
F050731,Phoenix,18-24,3,319.0,111,73,9
F020484,Mesa,18-24,2,319.0,144,87,7
F056862,Out of State,35-44,3,319.0,94,73,9
F044307,Tempe,35-44,2,319.0,98,66,8
F069030,Gilbert,25-34,2,319.0,122,60,7
F059041,Tucson,18-24,2,319.0,114,100,8
F040943,Scottsdale,35-44,2,318.0,80,80,8
F048624,Phoenix,35-44,2,318.0,76,87,8
F034454,Phoenix,25-34,2,318.0,64,20,9
F069102,Phoenix,18-24,2,318.0,94,92,8
F061787,Gilbert,25-34,3,317.0,68,80,9
F042469,Tempe,35-44,2,317.0,119,52,7
F024498,Glendale,45-54,2,317.0,64,40,9
F044474,Phoenix,35-44,3,317.0,86,80,9
F067412,Scottsdale,55-64,3,316.0,128,44,8
F033895,Scottsdale,45-54,2,316.0,68,87,8
F064510,Phoenix,35-44,3,316.0,98,70,9
F040985,Phoenix,35-44,2,316.0,119,84,7
F029615,Phoenix,35-44,4,316.0,107,100,9
F040977,Chandler,25-34,2,316.0,135,60,7
F007299,Phoenix,25-34,2,315.0,86,68,8
F069210,Phoenix,18-24,3,315.0,68,80,9
F024581,Tucson,18-24,3,315.0,158,73,8
F071937,Tucson,25-34,2,315.0,111,60,9
F032247,Phoenix,45-54,2,315.0,111,73,8
F068114,Phoenix,25-34,2,315.0,119,84,7
F051611,Phoenix,25-34,2,315.0,144,84,7
F063404,Chandler,35-44,3,315.0,72,100,9
F059483,Chandler,45-54,3,315.0,89,100,9
F050395,Phoenix,25-34,2,315.0,102,60,8
F059615,Phoenix,45-54,3,315.0,72,100,9
F060931,Phoenix,18-24,2,314.0,98,92,8
F019321,Phoenix,25-34,3,314.0,98,60,9
F028890,Phoenix,35-44,2,314.0,119,92,7
F054543,Phoenix,45-54,2,314.0,86,73,8
F042340,Tempe,45-54,2,314.0,86,87,8
F046030,Glendale,25-34,3,313.0,68,80,9
F053950,Glendale,45-54,2,313.0,128,80,7
F059816,Out of State,25-34,2,313.0,122,76,7
F017310,Phoenix,18-24,2,313.0,64,90,9
F015851,Chandler,35-44,2,313.0,98,80,8
F064993,Mesa,25-34,2,313.0,80,80,8
F060246,Gilbert,18-24,4,313.0,132,80,8
F033462,Mesa,18-24,3,313.0,135,71,8
F025095,Tempe,55-64,2,312.0,72,87,8
F055837,Tucson,35-44,2,312.0,119,59,7
F047460,Peoria,35-44,2,312.0,135,73,7
F066110,Tempe,35-44,3,312.0,107,60,9
F043472,Tempe,25-34,2,312.0,141,54,7
F011457,Scottsdale,25-34,4,312.0,80,83,9
F003262,Phoenix,25-34,3,312.0,76,61,9
F057247,Phoenix,55-64,2,312.0,148,80,7
F058431,Phoenix,25-34,4,312.0,152,90,8
F042489,Phoenix,18-24,2,312.0,86,100,8
F007817,Mesa,25-34,2,312.0,64,87,9
F037221,Chandler,18-24,2,312.0,64,60,9
F023428,Gilbert,35-44,2,312.0,64,60,9
F057858,Out of State,35-44,2,312.0,76,80,8
F060036,Mesa,35-44,2,311.0,86,77,8
F034267,Scottsdale,55-64,3,311.0,111,100,9
F003275,Phoenix,18-24,3,311.0,64,46,9
F054499,Phoenix,35-44,4,311.0,114,100,9
F041848,Mesa,45-54,2,311.0,119,80,7
F067157,Phoenix,25-34,3,311.0,119,60,8
F069830,Chandler,18-24,2,311.0,132,83,7
F040433,Gilbert,18-24,2,311.0,141,76,7
F060567,Phoenix,25-34,3,311.0,152,93,8
F017745,Mesa,18-24,2,310.0,114,87,8
F059817,Gilbert,55-64,3,310.0,86,76,9
F013654,Phoenix,18-24,3,310.0,132,51,8
F061259,Phoenix,18-24,3,310.0,102,87,9
F014932,Phoenix,25-34,3,309.0,86,80,9
F062708,Phoenix,55-64,2,309.0,107,80,8
F065586,Out of State,25-34,2,309.0,64,70,9
F062258,Out of State,55-64,3,309.0,64,100,10
F014231,Phoenix,25-34,3,309.0,128,73,8
F072763,Tempe,25-34,2,309.0,141,70,8
F070436,Mesa,45-54,3,309.0,107,87,9
F021392,Tempe,18-24,3,309.0,122,76,8
F021036,Glendale,35-44,2,309.0,107,79,8
F039461,Out of State,45-54,3,309.0,148,84,8
F053728,Tempe,25-34,2,309.0,122,87,7
F054304,Mesa,25-34,2,309.0,114,100,8
F035133,Scottsdale,18-24,2,308.0,135,68,7
F035687,Scottsdale,25-34,3,308.0,86,48,9
F069350,Phoenix,18-24,3,308.0,119,100,8
F065131,Out of State,45-54,2,308.0,111,80,8
F060146,Scottsdale,35-44,2,308.0,80,87,8
F029282,Mesa,25-34,2,308.0,64,66,9
F021586,Phoenix,25-34,4,308.0,98,82,9
F023394,Mesa,35-44,2,308.0,144,100,7
F030893,Phoenix,25-34,2,308.0,148,73,7
F007061,Mesa,45-54,3,307.0,114,73,8
F006624,Phoenix,18-24,2,307.0,132,70,7
F036644,Scottsdale,45-54,3,307.0,64,60,10
F003233,Out of State,35-44,2,307.0,114,73,7
F003457,Mesa,45-54,2,307.0,94,76,8
F005350,Phoenix,25-34,2,307.0,64,60,8
F015288,Scottsdale,45-54,3,307.0,107,51,9
F025925,Glendale,25-34,3,307.0,102,65,9
F039843,Mesa,55-64,2,307.0,119,87,7
F046940,Tempe,25-34,3,307.0,111,87,9
F062783,Chandler,25-34,2,307.0,111,100,8
F007968,Tempe,18-24,2,307.0,68,73,8
F025370,Phoenix,35-44,4,307.0,98,51,9
F013353,Chandler,35-44,3,306.0,72,73,9
F058302,Tucson,25-34,3,306.0,76,60,9
F051079,Phoenix,25-34,2,306.0,80,80,8
F042887,Glendale,25-34,2,306.0,107,60,8
F020692,Phoenix,35-44,2,306.0,148,60,7
F019901,Tucson,35-44,3,306.0,111,68,9
F022056,Phoenix,25-34,2,306.0,68,87,8
F056184,Phoenix,35-44,3,306.0,94,67,9
F030276,Tempe,25-34,2,305.0,141,100,7
F016052,Glendale,25-34,2,305.0,98,68,8
F032009,Chandler,45-54,2,305.0,144,60,7
F034736,Glendale,65+,3,305.0,76,60,9
F003616,Gilbert,45-54,2,305.0,111,50,8
F022587,Tempe,25-34,3,305.0,119,72,8
F024053,Phoenix,35-44,2,305.0,64,80,9
F066676,Out of State,35-44,2,305.0,114,77,8
F010388,Scottsdale,45-54,3,304.0,64,60,10
F026845,Mesa,25-34,2,304.0,141,73,7
F023960,Gilbert,45-54,2,304.0,80,100,8
F010837,Phoenix,35-44,2,304.0,119,73,7
F014595,Out of State,35-44,2,304.0,102,100,8
F014585,Glendale,25-34,2,304.0,144,90,7
F009410,Mesa,35-44,2,304.0,98,87,8
F003055,Phoenix,35-44,3,303.0,141,70,8
F018149,Gilbert,18-24,3,303.0,76,80,9
F031680,Gilbert,35-44,4,303.0,68,73,9
F059304,Phoenix,35-44,2,303.0,144,68,7
F028273,Phoenix,45-54,3,303.0,141,80,8
F060474,Chandler,35-44,3,303.0,72,73,9
F063077,Scottsdale,35-44,2,303.0,128,87,7
F040885,Scottsdale,25-34,2,303.0,72,73,8
F007726,Scottsdale,18-24,2,303.0,102,100,8
F005438,Scottsdale,18-24,3,303.0,64,80,9
F061746,Phoenix,45-54,2,303.0,119,70,7
F024836,Scottsdale,25-34,2,303.0,144,70,7
F038073,Scottsdale,35-44,3,303.0,68,39,9
F045494,Mesa,25-34,3,302.0,80,50,9
F043678,Scottsdale,35-44,3,302.0,76,40,8
F035338,Peoria,18-24,2,302.0,98,60,7
F064794,Tempe,35-44,3,302.0,122,60,7
F042366,Tempe,25-34,2,302.0,64,87,8
F046063,Mesa,35-44,2,302.0,119,80,6
F010652,Out of State,35-44,2,301.0,111,80,7
F033293,Phoenix,35-44,3,301.0,94,80,8
F030252,Phoenix,55-64,3,301.0,102,67,8
F047493,Glendale,35-44,2,301.0,148,70,6
F009574,Phoenix,18-24,3,301.0,111,73,8
F064511,Scottsdale,18-24,2,301.0,102,80,7
F035976,Glendale,25-34,2,301.0,98,70,7
F045954,Scottsdale,45-54,2,301.0,72,60,7
F040725,Chandler,18-24,3,301.0,80,73,8
F037681,Chandler,35-44,3,301.0,128,80,7
F013703,Tucson,35-44,2,301.0,135,34,6
F018210,Tempe,35-44,3,300.0,114,60,8
F055248,Scottsdale,18-24,2,300.0,135,70,6
F003482,Phoenix,35-44,2,300.0,135,76,6
F035268,Out of State,25-34,2,300.0,119,88,6
F070161,Tucson,18-24,2,300.0,86,84,7
F067416,Gilbert,35-44,2,300.0,102,70,7
F029863,Out of State,18-24,3,300.0,76,60,8
F025282,Phoenix,35-44,2,299.0,64,100,8
F066593,Chandler,45-54,2,299.0,132,84,6
F050896,Glendale,25-34,3,299.0,114,100,8
F059324,Tempe,45-54,2,299.0,122,73,6
F063745,Phoenix,35-44,2,299.0,94,43,7
F003709,Tucson,45-54,2,299.0,68,60,7
F040966,Tempe,25-34,2,298.0,107,100,7
F056197,Mesa,45-54,2,298.0,86,100,7
F020385,Glendale,18-24,2,298.0,98,80,7
F021932,Scottsdale,65+,2,298.0,119,76,6
F030408,Phoenix,25-34,3,298.0,98,60,8
F056299,Gilbert,35-44,2,298.0,122,60,6
F047083,Out of State,18-24,2,298.0,94,73,7
F057468,Glendale,35-44,2,297.0,132,76,6
F041581,Phoenix,25-34,3,297.0,76,73,8
F035041,Out of State,45-54,2,297.0,76,60,7
F012375,Phoenix,35-44,4,297.0,111,100,8
F027997,Peoria,45-54,2,297.0,86,80,7
F009842,Glendale,25-34,3,297.0,64,60,9
F067567,Scottsdale,55-64,3,297.0,86,100,8
F036916,Phoenix,18-24,2,296.0,80,80,7
F058290,Mesa,25-34,3,296.0,98,70,8
F024738,Mesa,25-34,2,296.0,122,90,6
F069106,Gilbert,35-44,3,296.0,98,73,8
F029304,Mesa,35-44,2,296.0,64,76,8
F072152,Tucson,35-44,2,296.0,64,30,9
F034505,Phoenix,35-44,2,295.0,76,60,7
F067943,Gilbert,18-24,2,295.0,89,60,7
F039351,Glendale,45-54,2,295.0,119,80,6
F070676,Gilbert,35-44,2,295.0,64,73,8
F051305,Peoria,35-44,2,295.0,132,90,6
F011298,Out of State,25-34,3,294.0,94,70,8
F066872,Scottsdale,35-44,2,294.0,102,88,7
F020890,Tempe,25-34,3,294.0,64,80,9
F019139,Mesa,25-34,3,294.0,68,60,8
F054969,Tempe,18-24,2,294.0,94,73,7
F069619,Phoenix,45-54,3,294.0,72,60,8
F063402,Out of State,35-44,3,294.0,148,60,7
F023839,Chandler,35-44,3,294.0,114,87,8
F022461,Out of State,45-54,3,294.0,132,70,7
F068612,Scottsdale,18-24,2,294.0,141,56,6
F021133,Glendale,45-54,2,293.0,128,73,6
F034210,Phoenix,35-44,3,293.0,72,90,8
F030231,Scottsdale,18-24,4,293.0,68,73,8
F013642,Chandler,35-44,3,293.0,64,100,9
F071930,Phoenix,35-44,2,293.0,135,60,7
F060727,Phoenix,25-34,2,293.0,128,80,6
F055659,Phoenix,55-64,2,293.0,119,50,6
F016534,Tempe,45-54,2,293.0,111,76,7
F018914,Scottsdale,25-34,2,292.0,64,73,8
F004477,Mesa,35-44,2,292.0,114,60,6
F043775,Mesa,55-64,2,292.0,98,100,7
F044040,Glendale,35-44,2,292.0,64,50,8
F006145,Tempe,25-34,2,292.0,111,60,7
F051917,Phoenix,35-44,2,292.0,119,58,6
F060302,Scottsdale,25-34,2,291.0,98,100,7
F067984,Mesa,35-44,2,291.0,76,100,7
F021681,Phoenix,35-44,2,291.0,119,30,6
F016396,Phoenix,35-44,3,291.0,76,80,8
F024938,Glendale,45-54,4,291.0,68,100,8
F016795,Tempe,35-44,2,291.0,107,80,7
F025601,Out of State,45-54,2,291.0,89,60,7
F050698,Scottsdale,18-24,2,291.0,86,100,7
F024206,Phoenix,18-24,3,291.0,64,100,9
F054099,Glendale,35-44,2,291.0,162,90,6
F031287,Scottsdale,25-34,2,291.0,64,60,8
F017790,Scottsdale,45-54,2,291.0,102,90,7
F040349,Phoenix,35-44,3,291.0,86,76,8
F039670,Phoenix,45-54,2,290.0,76,87,7
F004173,Peoria,18-24,3,290.0,144,87,7
F039682,Gilbert,25-34,2,290.0,64,73,8
F042585,Glendale,35-44,2,290.0,86,50,7
F059018,Phoenix,18-24,2,290.0,102,90,7
F056691,Gilbert,55-64,3,290.0,89,84,8
F004391,Chandler,45-54,3,290.0,64,80,8
F063457,Glendale,25-34,4,290.0,72,100,8
F044264,Scottsdale,45-54,2,290.0,128,100,6
F052107,Scottsdale,45-54,2,290.0,64,60,8
F005403,Gilbert,35-44,3,290.0,128,60,7
F020800,Scottsdale,18-24,2,290.0,89,87,7
F069112,Glendale,35-44,2,289.0,80,100,7
F009683,Glendale,35-44,3,289.0,107,100,8
F009023,Out of State,18-24,2,289.0,111,70,7
F039444,Phoenix,45-54,2,289.0,141,73,6
F005341,Phoenix,18-24,2,289.0,152,60,6
F065743,Glendale,18-24,2,289.0,144,73,6
F029567,Tempe,25-34,2,289.0,94,80,7
F043236,Scottsdale,18-24,2,289.0,94,84,7
F028802,Mesa,35-44,2,289.0,98,48,7
F070881,Tempe,18-24,3,289.0,64,46,9
F012501,Tempe,18-24,2,289.0,76,80,7
F015606,Out of State,18-24,3,289.0,64,70,9
F014826,Phoenix,18-24,2,288.0,64,60,8
F009983,Mesa,25-34,2,288.0,64,90,8
F026544,Phoenix,35-44,3,288.0,98,63,8
F042318,Mesa,25-34,3,288.0,68,54,8
F010918,Tempe,45-54,2,288.0,158,80,6
F033916,Scottsdale,35-44,2,288.0,80,80,7
F050982,Phoenix,25-34,2,288.0,64,60,8
F036713,Phoenix,25-34,2,287.0,119,100,6
F032167,Phoenix,18-24,2,287.0,135,76,6
F037261,Peoria,18-24,2,287.0,148,84,6
F065338,Phoenix,45-54,2,287.0,94,100,7
F033821,Phoenix,35-44,3,287.0,135,76,7
F036265,Phoenix,45-54,3,287.0,128,70,7
F012491,Out of State,18-24,2,287.0,111,60,7
F067540,Glendale,18-24,2,287.0,114,80,7
F034922,Scottsdale,45-54,4,287.0,89,87,8
F006222,Phoenix,25-34,2,287.0,86,73,7
F042551,Tempe,25-34,2,286.0,94,60,7
F011317,Phoenix,35-44,2,286.0,135,70,6
F019326,Scottsdale,35-44,2,286.0,102,73,7
F015648,Phoenix,35-44,2,286.0,119,66,6
F009621,Gilbert,18-24,2,286.0,135,80,6
F065785,Gilbert,25-34,2,286.0,76,60,7
F028741,Mesa,25-34,2,286.0,76,60,7
F063592,Scottsdale,45-54,2,286.0,72,63,7
F068330,Peoria,18-24,3,285.0,111,80,8
F034765,Out of State,25-34,2,285.0,152,73,6
F050317,Out of State,18-24,2,285.0,89,100,7
F031319,Chandler,35-44,2,285.0,141,85,6
F034646,Phoenix,35-44,2,285.0,76,70,7
F071252,Peoria,65+,2,285.0,128,83,7
F008146,Tucson,35-44,2,285.0,128,73,6
F011681,Phoenix,18-24,2,285.0,80,87,7
F022853,Phoenix,25-34,2,285.0,119,64,6
F033424,Chandler,35-44,3,285.0,89,80,8
F061541,Glendale,45-54,2,285.0,94,80,7
F010547,Tucson,55-64,3,284.0,89,50,8
F004759,Phoenix,35-44,2,284.0,80,80,7
F026626,Phoenix,55-64,2,284.0,111,90,7
F048203,Phoenix,45-54,3,284.0,111,60,8
F061424,Phoenix,35-44,2,284.0,76,73,7
F070755,Phoenix,35-44,2,284.0,141,90,7
F009129,Tempe,18-24,2,284.0,72,60,7
F052790,Phoenix,45-54,2,283.0,132,83,6
F044281,Mesa,55-64,3,283.0,144,84,7
F053720,Phoenix,35-44,2,283.0,141,60,6
F054961,Tempe,25-34,2,283.0,76,60,7
F026435,Scottsdale,35-44,2,283.0,80,60,7
F065577,Phoenix,35-44,2,283.0,144,100,6
F012251,Scottsdale,35-44,2,283.0,68,87,7
F027041,Out of State,45-54,3,282.0,122,80,7
F068866,Chandler,18-24,3,282.0,107,80,8
F003174,Phoenix,55-64,2,282.0,114,73,6
F038533,Glendale,25-34,2,282.0,119,80,6
F031179,Out of State,35-44,3,282.0,98,73,8
F009807,Chandler,25-34,2,282.0,86,73,7
F015330,Phoenix,35-44,3,282.0,107,88,8
F054936,Phoenix,45-54,2,282.0,86,61,7
F017491,Scottsdale,25-34,3,282.0,98,60,8
F060095,Glendale,35-44,3,282.0,68,80,8
F035196,Scottsdale,18-24,2,282.0,86,60,7
F038909,Tucson,25-34,3,282.0,94,47,8
F053668,Chandler,18-24,2,282.0,135,60,6
F039549,Phoenix,25-34,3,282.0,128,68,7
F006786,Tucson,25-34,2,282.0,119,100,6
F039987,Scottsdale,35-44,2,282.0,94,60,7
F063787,Phoenix,25-34,3,282.0,135,100,7
F043792,Tempe,35-44,3,281.0,111,56,8
F069599,Gilbert,65+,3,281.0,68,80,8
F026628,Out of State,45-54,2,281.0,114,60,7
F019430,Phoenix,25-34,2,281.0,98,60,7
F015630,Tempe,18-24,2,281.0,132,84,6
F013526,Tempe,25-34,2,281.0,76,80,7
F026922,Mesa,35-44,2,281.0,135,73,6
F036768,Phoenix,25-34,2,281.0,64,60,8
F010684,Gilbert,35-44,2,281.0,94,81,7
F013612,Phoenix,35-44,3,281.0,98,90,8
F058328,Phoenix,45-54,2,281.0,80,80,7
F022467,Phoenix,65+,3,281.0,111,61,8
F003852,Tempe,25-34,3,281.0,64,60,8
F004705,Scottsdale,25-34,2,281.0,76,10,7
F056885,Mesa,35-44,3,281.0,86,92,8
F026647,Scottsdale,45-54,2,280.0,135,20,6
F004788,Peoria,25-34,2,280.0,132,73,6
F029403,Scottsdale,35-44,2,280.0,114,74,7
F052570,Chandler,18-24,2,280.0,94,80,7
F035772,Scottsdale,25-34,3,280.0,128,80,7
F023014,Chandler,25-34,3,280.0,72,68,8
F012026,Phoenix,35-44,2,279.0,94,90,7
F011964,Glendale,18-24,2,279.0,128,100,6
F019465,Mesa,25-34,2,279.0,68,51,7
F037417,Chandler,45-54,2,279.0,68,48,7
F036975,Scottsdale,35-44,2,279.0,64,80,8
F046013,Tempe,25-34,2,279.0,107,90,7
F047889,Scottsdale,25-34,3,279.0,68,79,8
F041913,Phoenix,35-44,2,278.0,114,70,7
F010079,Chandler,25-34,2,278.0,80,70,7
F007751,Phoenix,35-44,2,278.0,72,80,7
F072252,Tucson,18-24,3,278.0,111,90,8
F041167,Tempe,18-24,3,278.0,89,60,8
F020444,Phoenix,45-54,3,278.0,80,70,8
F035227,Phoenix,55-64,3,278.0,102,53,8
F025745,Phoenix,25-34,2,278.0,141,80,6
F043439,Tucson,45-54,2,278.0,80,66,7
F029800,Phoenix,35-44,3,277.0,128,76,7
F051860,Mesa,25-34,2,277.0,86,100,7
F041484,Phoenix,18-24,3,277.0,68,91,8
F044725,Mesa,18-24,2,277.0,72,80,7
F038582,Glendale,18-24,3,277.0,64,68,9
F045980,Phoenix,35-44,3,277.0,102,91,8
F064645,Scottsdale,35-44,2,277.0,80,51,7
F071601,Phoenix,35-44,3,277.0,98,80,8
F014716,Scottsdale,25-34,2,277.0,128,60,6
F055663,Chandler,45-54,2,277.0,68,40,7
F007172,Tempe,35-44,3,277.0,68,70,8
F007614,Mesa,25-34,2,277.0,76,80,7
F057612,Phoenix,35-44,2,277.0,94,100,7
F041293,Phoenix,18-24,2,277.0,86,87,7
F062997,Phoenix,18-24,2,277.0,76,80,7
F020843,Gilbert,35-44,2,276.0,80,40,7
F062695,Phoenix,18-24,3,276.0,119,85,7
F011624,Phoenix,18-24,2,276.0,119,60,6
F004207,Phoenix,65+,2,276.0,158,80,6
F044867,Phoenix,18-24,3,276.0,98,60,8
F059049,Glendale,35-44,2,276.0,128,74,6
F017575,Phoenix,35-44,2,276.0,135,80,6
F021012,Tucson,45-54,2,276.0,64,60,8
F032447,Scottsdale,25-34,3,276.0,114,63,8
F018078,Phoenix,35-44,3,276.0,76,60,8
F010658,Out of State,25-34,2,276.0,102,60,7
F026673,Scottsdale,45-54,2,276.0,119,80,6
F043433,Chandler,18-24,2,275.0,64,60,8
F066127,Phoenix,45-54,2,275.0,98,100,7
F043586,Phoenix,18-24,3,275.0,64,100,9
F053357,Out of State,35-44,2,275.0,132,73,6
F055111,Phoenix,18-24,3,275.0,135,73,7
F051502,Out of State,35-44,2,275.0,111,87,7
F019498,Phoenix,35-44,2,275.0,132,87,6
F008208,Out of State,35-44,3,275.0,98,90,8
F030141,Peoria,18-24,3,274.0,94,90,8
F055447,Gilbert,45-54,2,274.0,132,69,6
F007142,Tempe,35-44,2,274.0,94,73,7
F007603,Scottsdale,18-24,2,274.0,141,84,6
F063111,Phoenix,18-24,2,274.0,64,73,8
F004156,Tempe,25-34,2,274.0,72,73,7
F063343,Scottsdale,18-24,2,274.0,94,47,7
F020305,Mesa,18-24,2,274.0,76,48,7
F056729,Glendale,25-34,2,273.0,128,80,6
F036876,Phoenix,25-34,2,273.0,144,44,6
F067552,Gilbert,25-34,3,273.0,76,80,8
F008414,Scottsdale,35-44,2,273.0,132,80,6
F042211,Tucson,35-44,2,273.0,72,80,7
F060559,Tempe,25-34,2,272.0,122,65,6
F051731,Out of State,18-24,2,272.0,135,70,6
F012755,Peoria,35-44,2,272.0,111,87,7
F004031,Phoenix,35-44,2,272.0,64,60,7
F044349,Out of State,45-54,2,272.0,111,40,7
F024691,Phoenix,18-24,2,272.0,80,87,7
F068250,Gilbert,25-34,2,272.0,64,80,8
F045620,Phoenix,18-24,2,272.0,128,100,6
F016176,Phoenix,35-44,2,272.0,162,73,6
F054187,Gilbert,25-34,2,272.0,144,87,6
F040481,Phoenix,45-54,3,272.0,128,54,7
F013152,Chandler,18-24,2,272.0,72,70,7
F055513,Tucson,35-44,2,272.0,76,80,7
F003361,Tempe,45-54,3,271.0,119,60,7
F006842,Scottsdale,18-24,3,271.0,98,87,8
F061531,Mesa,25-34,2,271.0,119,76,6
F009361,Scottsdale,25-34,2,271.0,162,90,6
F066360,Scottsdale,25-34,2,271.0,76,100,7
F050678,Tempe,45-54,3,271.0,135,83,7
F003824,Mesa,35-44,3,271.0,107,100,8
F065082,Phoenix,18-24,3,271.0,122,75,7
F059311,Chandler,25-34,2,271.0,102,73,7
F030424,Phoenix,25-34,2,271.0,119,60,6
F068746,Mesa,25-34,2,271.0,122,80,6
F054548,Phoenix,45-54,2,271.0,114,100,7
F063072,Mesa,18-24,2,271.0,86,100,7
F020175,Phoenix,35-44,3,270.0,64,80,9
F071871,Mesa,18-24,2,270.0,141,76,7
F034121,Scottsdale,45-54,3,270.0,86,60,8
F019243,Phoenix,45-54,2,270.0,111,60,7
F038311,Peoria,35-44,3,270.0,86,100,8
F048576,Scottsdale,18-24,3,270.0,72,40,8
F027588,Phoenix,45-54,3,270.0,111,100,8
F042587,Glendale,25-34,2,270.0,80,32,7
F025131,Mesa,18-24,2,270.0,128,60,6
F072599,Phoenix,25-34,3,270.0,107,73,8
F029476,Scottsdale,45-54,2,269.0,94,90,7
F024130,Phoenix,25-34,2,269.0,86,80,7
F053474,Out of State,25-34,2,269.0,76,40,7
F025284,Phoenix,25-34,2,269.0,72,60,7
F018751,Peoria,18-24,2,269.0,114,60,7
F020658,Chandler,18-24,2,269.0,76,60,7
F050960,Peoria,18-24,2,269.0,98,73,7
F007908,Tempe,18-24,2,269.0,135,56,6
F033794,Peoria,45-54,2,268.0,132,73,6
F010384,Tucson,25-34,3,268.0,72,80,8
F005433,Scottsdale,35-44,2,268.0,94,60,7
F059767,Mesa,55-64,2,268.0,80,80,7
F069980,Gilbert,25-34,2,268.0,102,80,7
F006057,Phoenix,25-34,2,268.0,158,100,6
F070153,Phoenix,18-24,3,268.0,94,80,8
F021162,Glendale,35-44,2,268.0,86,60,7
F038326,Tempe,35-44,2,267.0,107,60,7
F019653,Peoria,45-54,2,267.0,141,87,6
F057467,Phoenix,65+,2,267.0,94,60,7
F026413,Glendale,45-54,2,267.0,80,50,7
F019885,Peoria,55-64,4,267.0,68,87,8
F040953,Phoenix,55-64,2,267.0,144,73,6
F012433,Phoenix,25-34,2,267.0,141,76,6
F036424,Phoenix,25-34,2,267.0,141,80,6
F034995,Chandler,25-34,2,267.0,111,80,7
F009750,Phoenix,18-24,3,267.0,64,68,9
F033516,Phoenix,45-54,2,267.0,102,70,7
F023259,Scottsdale,35-44,3,267.0,89,60,8
F050529,Tempe,45-54,2,266.0,68,60,7
F071833,Phoenix,35-44,3,266.0,94,60,8
F020199,Chandler,35-44,2,266.0,114,70,7
F021424,Tempe,18-24,3,266.0,111,92,8
F009386,Phoenix,45-54,3,266.0,86,80,8
F047574,Scottsdale,45-54,2,266.0,128,70,6
F011400,Scottsdale,35-44,3,266.0,89,73,8
F055311,Phoenix,25-34,2,266.0,111,50,7
F011631,Scottsdale,35-44,2,265.0,135,63,6
F044422,Scottsdale,45-54,2,265.0,107,100,7
F048884,Mesa,35-44,2,265.0,72,73,7
F029472,Scottsdale,18-24,2,265.0,128,60,6
F051529,Glendale,18-24,2,265.0,76,73,7
F007833,Phoenix,25-34,2,265.0,86,87,7
F063966,Glendale,25-34,2,265.0,135,60,6
F055800,Out of State,25-34,2,265.0,72,70,7
F063165,Scottsdale,35-44,2,265.0,144,72,6
F058035,Scottsdale,55-64,2,265.0,64,100,8
F064309,Glendale,35-44,2,265.0,114,100,7
F016410,Peoria,35-44,2,265.0,128,60,6
F071231,Mesa,45-54,2,264.0,128,70,7
F036170,Tempe,18-24,3,264.0,102,100,8
F033020,Scottsdale,35-44,2,264.0,141,76,6
F041661,Tempe,18-24,2,264.0,76,80,7
F007223,Phoenix,18-24,3,264.0,80,60,8
F026412,Phoenix,45-54,2,264.0,162,47,6
F044965,Mesa,55-64,3,264.0,68,90,8
F068178,Mesa,45-54,2,264.0,148,70,6
F066602,Scottsdale,45-54,2,264.0,102,43,7
F013915,Mesa,35-44,2,264.0,94,80,7
F060226,Glendale,18-24,2,264.0,80,60,7
F014350,Mesa,18-24,2,264.0,141,60,6
F070428,Phoenix,45-54,3,264.0,144,87,7
F061706,Tucson,45-54,3,264.0,86,76,8
F048418,Out of State,25-34,2,264.0,114,80,7
F047599,Out of State,35-44,2,264.0,111,80,7
F011890,Phoenix,55-64,3,264.0,94,73,8
F025433,Scottsdale,18-24,2,264.0,132,100,6
F034707,Phoenix,18-24,2,263.0,86,30,7
F029893,Gilbert,25-34,2,263.0,119,100,6
F004450,Scottsdale,25-34,3,263.0,107,60,8
F056972,Peoria,25-34,3,263.0,98,87,8
F032199,Out of State,35-44,2,263.0,80,60,7
F053679,Out of State,35-44,2,263.0,128,50,6
F060028,Phoenix,25-34,2,263.0,119,40,6
F007620,Tempe,35-44,3,263.0,98,100,8
F019047,Scottsdale,55-64,2,263.0,162,43,6
F054100,Chandler,25-34,3,263.0,89,80,8
F007830,Phoenix,35-44,2,263.0,132,73,6
F044577,Phoenix,55-64,3,263.0,76,36,8
F057671,Peoria,25-34,3,263.0,86,36,8
F038111,Tucson,18-24,2,263.0,98,100,7
F039092,Tucson,18-24,2,263.0,122,50,6
F046710,Tucson,35-44,2,263.0,80,30,7
F064467,Tempe,35-44,3,262.0,107,80,8
F027679,Phoenix,45-54,2,262.0,141,87,6
F014071,Gilbert,18-24,2,262.0,132,73,6
F055795,Tempe,35-44,2,262.0,89,20,7
F034144,Phoenix,25-34,3,262.0,114,100,8
F058420,Mesa,55-64,2,262.0,135,80,6
F033532,Tempe,35-44,2,262.0,98,68,7
F044369,Mesa,25-34,2,262.0,119,100,6
F037249,Phoenix,35-44,2,262.0,98,100,7
F011632,Mesa,45-54,2,262.0,111,80,7
F014965,Scottsdale,25-34,3,262.0,89,70,8
F022390,Tempe,18-24,2,262.0,135,89,6
F031975,Mesa,45-54,2,262.0,80,87,7
F012107,Peoria,35-44,2,262.0,128,87,6
F058786,Mesa,25-34,2,261.0,89,28,7
F056898,Out of State,18-24,3,261.0,98,60,8
F035930,Phoenix,18-24,2,261.0,64,80,8
F069989,Peoria,25-34,2,261.0,64,100,8
F031062,Peoria,25-34,3,261.0,68,87,8
F026939,Mesa,25-34,2,261.0,144,87,6
F047250,Scottsdale,55-64,2,261.0,119,100,6
F010247,Phoenix,18-24,2,261.0,76,60,7
F044460,Gilbert,45-54,2,261.0,89,60,7
F064959,Out of State,35-44,3,261.0,98,90,8
F022977,Phoenix,18-24,2,261.0,141,68,6
F056073,Phoenix,35-44,2,261.0,86,63,7
F053210,Phoenix,25-34,2,261.0,86,60,7
F036729,Phoenix,35-44,2,261.0,111,70,7
F022707,Out of State,18-24,2,261.0,80,60,7
F072640,Peoria,45-54,2,261.0,94,73,8
F032039,Phoenix,55-64,2,261.0,132,80,6
F047470,Phoenix,18-24,2,261.0,122,57,6
F071125,Mesa,25-34,3,261.0,114,68,8
F014476,Phoenix,18-24,2,260.0,72,100,7
F030346,Tempe,18-24,2,260.0,64,87,8
F060003,Gilbert,25-34,3,260.0,128,73,7
F014707,Out of State,45-54,3,260.0,107,70,8
F052993,Phoenix,45-54,2,260.0,119,80,6
F036419,Phoenix,25-34,3,260.0,119,100,7
F057563,Scottsdale,18-24,3,260.0,107,90,8
F055128,Mesa,18-24,2,260.0,122,80,6
F051888,Glendale,45-54,2,260.0,122,60,6
F064434,Peoria,18-24,2,260.0,141,60,6
F040819,Phoenix,18-24,2,260.0,128,73,6
F017632,Glendale,45-54,3,260.0,122,76,7
F027245,Scottsdale,25-34,2,260.0,94,51,7
F053622,Glendale,18-24,3,260.0,86,80,8
F016159,Phoenix,55-64,3,259.0,148,70,7
F044284,Chandler,25-34,2,259.0,162,84,6
F039735,Mesa,18-24,2,259.0,122,68,6
F038808,Out of State,18-24,2,259.0,122,60,6
F031171,Scottsdale,25-34,2,259.0,152,50,6
F027912,Chandler,25-34,2,259.0,132,73,6
F057825,Mesa,18-24,2,259.0,64,80,8
F045833,Glendale,25-34,2,258.0,114,73,7
F059874,Mesa,65+,2,258.0,64,80,8
F015363,Gilbert,25-34,3,258.0,64,73,9
F045930,Scottsdale,35-44,3,258.0,102,61,8
F019168,Phoenix,45-54,2,258.0,94,88,7
F044653,Mesa,18-24,2,258.0,94,100,7
F007268,Phoenix,25-34,3,258.0,72,100,8
F003883,Out of State,35-44,2,258.0,119,100,6
F067694,Phoenix,45-54,2,258.0,76,60,7
F024411,Out of State,35-44,2,258.0,89,84,7
F068336,Phoenix,65+,2,258.0,98,80,7
F003162,Tempe,35-44,2,258.0,119,60,6
F054013,Phoenix,18-24,3,257.0,114,56,8
F018985,Chandler,35-44,3,257.0,80,73,8
F005659,Phoenix,35-44,2,257.0,64,60,7
F017608,Phoenix,35-44,2,257.0,107,100,7
F071194,Phoenix,45-54,4,257.0,107,80,8
F037065,Phoenix,55-64,3,257.0,76,60,8
F031597,Phoenix,45-54,2,257.0,141,80,6
F069319,Phoenix,18-24,2,257.0,64,90,8
F058375,Mesa,25-34,2,257.0,107,73,7
F067362,Phoenix,25-34,2,256.0,76,60,7
F018697,Mesa,18-24,2,256.0,119,80,6
F047300,Mesa,35-44,2,256.0,86,100,7
F009283,Scottsdale,35-44,3,256.0,114,60,7
F056870,Phoenix,35-44,2,256.0,158,57,6
F062973,Phoenix,25-34,3,256.0,135,76,7
F037748,Glendale,35-44,2,256.0,166,68,6
F039093,Phoenix,25-34,2,256.0,94,80,7
F003993,Scottsdale,25-34,3,256.0,148,72,7
F033639,Tucson,35-44,2,256.0,89,70,7
F058261,Gilbert,45-54,3,256.0,94,87,8
F030241,Scottsdale,18-24,2,256.0,148,76,6
F016647,Chandler,25-34,2,256.0,76,100,7
F020862,Glendale,45-54,3,255.0,86,60,8
F020396,Phoenix,25-34,2,255.0,89,60,7
F038790,Phoenix,35-44,2,255.0,114,87,7
F042788,Glendale,35-44,2,255.0,72,60,7
F024856,Phoenix,18-24,2,255.0,86,73,7
F026950,Scottsdale,35-44,3,255.0,152,76,7
F025636,Glendale,25-34,2,255.0,132,80,6
F045053,Phoenix,25-34,2,255.0,89,83,7
F042848,Chandler,55-64,2,255.0,72,40,7
F013495,Phoenix,18-24,2,255.0,107,87,7
F064743,Out of State,55-64,2,255.0,135,73,6
F058483,Chandler,45-54,2,255.0,119,100,6
F022501,Phoenix,25-34,2,255.0,119,76,6
F055862,Phoenix,18-24,3,255.0,68,92,8
F027018,Tempe,35-44,2,254.0,64,60,8
F050087,Mesa,25-34,2,254.0,148,80,6
F021434,Phoenix,18-24,2,254.0,114,84,7
F055931,Glendale,35-44,2,254.0,86,73,7
F041810,Glendale,25-34,2,254.0,152,60,6
F008461,Scottsdale,25-34,2,254.0,86,60,7
F040884,Phoenix,35-44,3,254.0,64,60,9
F010749,Gilbert,25-34,3,254.0,76,80,8
F012312,Phoenix,45-54,2,254.0,152,73,6
F035279,Mesa,25-34,2,254.0,72,77,7
F043685,Scottsdale,55-64,2,254.0,86,65,7
F051140,Peoria,35-44,2,254.0,158,73,6
F016195,Phoenix,18-24,2,254.0,107,100,7
F028264,Mesa,55-64,2,253.0,122,87,6
F060482,Gilbert,25-34,2,253.0,64,80,8
F053977,Phoenix,18-24,2,253.0,68,56,7
F024744,Gilbert,18-24,2,253.0,64,70,8
F062260,Tempe,25-34,3,253.0,64,60,9
F013535,Scottsdale,35-44,2,253.0,64,0,8
F021296,Out of State,65+,2,253.0,148,60,6
F044686,Phoenix,25-34,2,253.0,102,100,7
F003228,Phoenix,25-34,2,253.0,102,80,7
F021966,Out of State,18-24,2,253.0,148,68,6
F028702,Mesa,18-24,2,253.0,148,61,6
F017448,Phoenix,25-34,2,253.0,122,80,6
F009431,Scottsdale,35-44,2,252.0,119,60,6
F049974,Scottsdale,18-24,2,252.0,144,84,6
F014542,Peoria,25-34,2,252.0,86,100,7
F016423,Phoenix,18-24,2,252.0,64,80,8
F024465,Phoenix,35-44,2,252.0,144,68,6
F033692,Scottsdale,35-44,2,251.0,114,73,7
F060012,Scottsdale,35-44,2,251.0,64,60,8
F060903,Chandler,35-44,2,251.0,80,87,7
F028112,Phoenix,35-44,2,251.0,80,73,7
F055061,Phoenix,55-64,2,251.0,135,80,6
F053443,Phoenix,35-44,2,251.0,76,77,7
F057886,Gilbert,18-24,3,251.0,119,87,7
F056636,Mesa,25-34,2,251.0,68,80,7
F059010,Phoenix,25-34,3,251.0,80,83,8
F047182,Chandler,18-24,2,250.0,122,60,6
F025359,Phoenix,45-54,3,250.0,80,80,8
F021070,Scottsdale,35-44,2,250.0,158,73,6
F065133,Chandler,45-54,2,250.0,89,100,7
F013854,Phoenix,25-34,2,250.0,98,60,7
F039095,Phoenix,25-34,2,250.0,86,73,7
F018084,Gilbert,18-24,2,250.0,122,100,6
F058274,Scottsdale,35-44,2,250.0,102,50,7
F030964,Out of State,25-34,2,250.0,102,87,7
F053790,Chandler,35-44,2,250.0,76,73,7
F067472,Gilbert,25-34,2,250.0,135,10,6
F065581,Scottsdale,25-34,3,250.0,122,70,7
F051384,Scottsdale,45-54,2,250.0,80,73,7
F022986,Phoenix,45-54,2,250.0,64,73,8
F066595,Gilbert,25-34,2,249.0,119,68,6
F006847,Scottsdale,25-34,2,249.0,132,73,6
F026115,Mesa,18-24,3,249.0,68,88,8
F065751,Phoenix,45-54,2,249.0,68,60,7
F054475,Phoenix,18-24,3,249.0,76,75,8
F039538,Mesa,55-64,2,249.0,72,88,7
F032044,Scottsdale,18-24,2,249.0,94,80,7
F070137,Phoenix,35-44,3,249.0,86,60,8
F056333,Mesa,25-34,3,249.0,68,80,8
F016638,Out of State,55-64,2,249.0,68,60,7
F013786,Tempe,45-54,2,248.0,107,80,7
F020669,Phoenix,25-34,2,248.0,122,57,6
F013432,Scottsdale,35-44,3,248.0,94,100,8
F011719,Gilbert,35-44,2,248.0,68,80,7
F072057,Mesa,45-54,2,248.0,122,78,7
F037889,Tempe,25-34,2,248.0,119,90,6
F038045,Tucson,18-24,2,248.0,135,60,6
F043409,Chandler,45-54,2,247.0,80,100,7
F063500,Phoenix,45-54,2,247.0,107,77,7
F022575,Glendale,25-34,2,247.0,68,60,7
F048606,Peoria,35-44,2,247.0,68,30,7
F052929,Gilbert,35-44,2,247.0,86,80,7
F010534,Mesa,45-54,2,247.0,64,60,8
F043570,Phoenix,18-24,2,247.0,132,90,6
F040040,Tucson,25-34,3,247.0,158,63,7
F004490,Phoenix,35-44,2,247.0,114,80,6
F063992,Chandler,35-44,2,247.0,128,70,6
F006319,Scottsdale,25-34,3,247.0,111,49,8
F030495,Phoenix,25-34,3,247.0,132,60,7
F051597,Phoenix,18-24,2,247.0,122,66,6
F006215,Phoenix,25-34,2,247.0,86,100,7
F072073,Scottsdale,45-54,3,247.0,132,76,7
F041067,Out of State,18-24,2,247.0,76,87,7
F031982,Phoenix,45-54,2,246.0,80,87,7
F069623,Glendale,35-44,2,246.0,152,68,6
F071301,Scottsdale,18-24,2,246.0,86,92,8
F030643,Chandler,45-54,2,246.0,111,100,7
F064735,Mesa,25-34,2,246.0,86,70,7
F029639,Phoenix,18-24,2,246.0,64,87,8
F010055,Mesa,18-24,2,246.0,111,44,7
F037891,Out of State,18-24,2,246.0,98,77,7
F066629,Phoenix,35-44,2,246.0,132,73,6
F032261,Phoenix,35-44,2,245.0,68,60,7
F045122,Phoenix,18-24,2,245.0,68,90,7
F021013,Scottsdale,45-54,2,245.0,135,68,6
F053844,Mesa,25-34,2,245.0,132,80,6
F014738,Scottsdale,35-44,2,245.0,72,90,7
F032542,Mesa,25-34,2,245.0,141,73,6
F009816,Phoenix,25-34,2,245.0,114,60,6
F012368,Chandler,45-54,2,245.0,76,80,7
F043838,Glendale,35-44,2,245.0,114,76,7
F068686,Gilbert,18-24,2,245.0,86,60,7
F020665,Phoenix,35-44,2,245.0,132,80,6
F031659,Mesa,35-44,2,245.0,111,100,7
F034085,Peoria,18-24,2,245.0,122,60,6
F056151,Chandler,25-34,3,245.0,80,46,8
F024990,Mesa,35-44,2,244.0,76,100,7
F063593,Scottsdale,35-44,2,244.0,132,76,6
F033744,Mesa,35-44,2,244.0,152,53,6
F018851,Mesa,45-54,2,244.0,135,57,6
F009948,Tempe,25-34,2,244.0,144,44,6
F037559,Chandler,25-34,2,244.0,114,80,7
F033586,Glendale,18-24,2,244.0,132,70,6
F051696,Gilbert,45-54,2,244.0,148,100,6
F020057,Tucson,35-44,3,244.0,122,44,7
F063447,Phoenix,45-54,2,244.0,64,65,8
F068833,Out of State,25-34,2,244.0,94,90,7
F052005,Phoenix,35-44,2,244.0,111,65,7
F025230,Scottsdale,55-64,3,244.0,141,70,7
F006147,Phoenix,25-34,2,244.0,132,80,6
F059848,Scottsdale,45-54,2,244.0,89,70,7
F061447,Tempe,35-44,2,243.0,102,68,7
F050767,Mesa,55-64,2,243.0,141,80,6
F041488,Out of State,35-44,2,243.0,114,36,7
F042917,Chandler,18-24,3,243.0,98,100,8
F068926,Phoenix,35-44,2,243.0,148,60,6
F052222,Phoenix,25-34,2,243.0,158,60,6
F042228,Phoenix,45-54,2,243.0,80,60,7
F013737,Chandler,25-34,3,243.0,86,70,8
F053647,Tempe,35-44,2,243.0,107,80,7
F059458,Phoenix,45-54,3,243.0,98,80,8
F055404,Tucson,18-24,2,243.0,158,80,6
F013201,Mesa,18-24,2,243.0,64,60,8
F052213,Glendale,18-24,2,242.0,68,100,7
F066837,Scottsdale,45-54,2,242.0,135,77,6
F054920,Phoenix,35-44,2,242.0,64,60,8
F054631,Tempe,35-44,3,242.0,86,87,8
F007671,Out of State,35-44,2,242.0,89,100,7
F024459,Scottsdale,35-44,2,242.0,64,30,8
F012284,Phoenix,35-44,3,242.0,72,60,8
F021116,Gilbert,45-54,2,242.0,76,90,7
F016227,Gilbert,35-44,2,242.0,162,68,6
F045197,Phoenix,25-34,3,241.0,68,61,8
F058940,Tucson,35-44,2,241.0,128,70,6
F032855,Phoenix,45-54,2,241.0,68,60,7
F045595,Scottsdale,18-24,2,241.0,144,90,6
F027334,Chandler,35-44,2,241.0,64,60,8
F040111,Mesa,18-24,2,241.0,102,68,7
F045714,Phoenix,45-54,2,241.0,148,76,6
F068744,Peoria,45-54,2,241.0,132,12,6
F040940,Scottsdale,35-44,2,240.0,86,65,7
F014141,Glendale,25-34,3,240.0,94,64,8
F023256,Phoenix,25-34,2,240.0,119,100,6
F033616,Out of State,18-24,2,240.0,141,60,6
F069710,Mesa,35-44,2,240.0,86,60,7
F040353,Tempe,45-54,2,240.0,152,60,6
F062791,Phoenix,25-34,4,240.0,98,90,8
F026684,Mesa,18-24,2,240.0,102,100,7
F070199,Mesa,18-24,2,240.0,158,70,6
F023737,Phoenix,35-44,2,240.0,122,60,6
F038246,Phoenix,35-44,2,240.0,94,60,7
F056010,Mesa,35-44,2,240.0,102,100,7
F038688,Chandler,18-24,3,240.0,86,100,8
F049082,Out of State,25-34,3,240.0,76,60,8
F048563,Gilbert,18-24,2,240.0,119,57,6
F052514,Peoria,18-24,2,239.0,128,80,6
F072086,Phoenix,18-24,3,239.0,128,56,7
F055562,Tempe,25-34,2,239.0,111,80,7
F048804,Mesa,25-34,2,239.0,122,80,6
F006628,Gilbert,45-54,2,239.0,119,77,6
F020543,Glendale,45-54,2,239.0,119,80,6
F035915,Mesa,25-34,2,239.0,80,70,7
F067397,Gilbert,35-44,2,239.0,68,73,7
F035618,Chandler,35-44,2,239.0,148,73,6
F035026,Tempe,35-44,2,239.0,144,60,6
F024352,Chandler,18-24,3,239.0,72,87,8
F005467,Peoria,18-24,2,239.0,102,75,7
F003065,Chandler,45-54,2,238.0,132,90,6
F009531,Gilbert,18-24,2,238.0,128,60,6
F020494,Phoenix,18-24,2,238.0,76,84,7
F064629,Scottsdale,35-44,2,238.0,122,73,6
F030146,Phoenix,25-34,2,238.0,64,30,8
F052045,Phoenix,35-44,3,238.0,72,36,8
F013812,Tempe,35-44,2,238.0,102,50,7
F012444,Glendale,35-44,2,238.0,128,76,6
F039572,Peoria,45-54,3,238.0,68,87,8
F072106,Out of State,18-24,2,238.0,122,80,7
F052257,Scottsdale,45-54,2,238.0,141,76,6
F072338,Out of State,45-54,2,238.0,80,85,8
F046949,Tempe,25-34,3,238.0,119,90,7
F062511,Glendale,25-34,3,237.0,80,80,8
F014632,Phoenix,35-44,3,237.0,68,80,8
F051089,Phoenix,35-44,3,237.0,72,70,8
F036864,Phoenix,18-24,2,237.0,80,80,7
F021142,Scottsdale,25-34,2,237.0,111,80,7
F008742,Scottsdale,35-44,2,237.0,80,60,7
F026604,Glendale,45-54,2,237.0,111,70,7
F066927,Gilbert,25-34,2,237.0,119,70,6
F048163,Glendale,65+,2,236.0,141,90,6
F011781,Phoenix,18-24,2,236.0,132,90,6
F018232,Peoria,45-54,2,236.0,76,87,7
F052650,Scottsdale,25-34,2,236.0,114,73,7
F041866,Glendale,25-34,2,236.0,158,84,6
F064328,Mesa,35-44,2,236.0,72,80,7
F043721,Out of State,35-44,2,236.0,132,87,6
F007136,Tucson,55-64,2,236.0,80,73,7
F003522,Scottsdale,25-34,2,236.0,86,100,7
F060598,Tempe,18-24,2,236.0,86,80,7
F054779,Scottsdale,45-54,2,236.0,144,73,6
F027253,Phoenix,35-44,2,235.0,132,80,6
F010351,Glendale,25-34,2,235.0,80,72,7
F020702,Tucson,35-44,2,235.0,111,87,7
F023550,Out of State,35-44,2,235.0,152,87,6
F007228,Chandler,55-64,2,235.0,114,100,6
F050931,Tempe,45-54,2,235.0,102,100,7
F009773,Tempe,55-64,2,235.0,64,30,8
F052649,Phoenix,45-54,2,234.0,80,60,7
F062577,Phoenix,35-44,2,234.0,86,76,7
F047779,Scottsdale,35-44,2,234.0,86,80,7
F045295,Phoenix,18-24,2,234.0,148,60,6
F039577,Tempe,18-24,2,234.0,122,44,6
F064391,Phoenix,45-54,2,234.0,94,60,7
F063723,Phoenix,25-34,2,234.0,86,48,7
F058457,Tempe,18-24,2,234.0,86,90,7
F016261,Tucson,25-34,2,233.0,144,80,6
F022173,Tempe,35-44,2,233.0,72,80,7
F048781,Mesa,18-24,3,233.0,128,70,7
F039936,Out of State,25-34,2,233.0,72,35,7
F040880,Mesa,35-44,2,233.0,98,100,7
F061723,Tempe,45-54,2,233.0,72,70,7
F066014,Phoenix,35-44,2,233.0,102,80,7
F028001,Peoria,25-34,2,233.0,141,90,6
F048459,Mesa,18-24,2,233.0,64,58,8
F025860,Scottsdale,35-44,2,232.0,98,73,7
F057181,Phoenix,45-54,2,232.0,98,100,7
F013536,Out of State,35-44,3,232.0,72,37,8
F011196,Mesa,35-44,2,232.0,76,80,7
F041286,Gilbert,25-34,2,232.0,144,100,6
F051258,Chandler,25-34,2,232.0,89,80,7
F020993,Phoenix,35-44,3,232.0,80,61,8
F011440,Phoenix,35-44,2,232.0,102,100,7
F004399,Tucson,25-34,2,232.0,122,90,6
F051302,Glendale,45-54,2,232.0,144,65,6
F054828,Chandler,55-64,2,232.0,141,60,6
F038342,Mesa,45-54,3,232.0,119,83,7
F028031,Mesa,35-44,2,231.0,135,68,6
F037696,Mesa,25-34,2,231.0,132,60,6
F067773,Mesa,45-54,2,231.0,122,80,6
F019128,Out of State,25-34,2,231.0,114,80,7
F015067,Gilbert,35-44,3,231.0,132,93,7
F052154,Phoenix,35-44,2,231.0,128,90,6
F051197,Tempe,45-54,2,231.0,86,30,7
F015311,Glendale,45-54,2,231.0,76,76,7
F045392,Gilbert,45-54,2,231.0,86,70,7
F032956,Tempe,35-44,2,231.0,98,60,7
F066721,Phoenix,35-44,2,231.0,86,76,7
F046201,Out of State,25-34,3,231.0,68,80,8
F037964,Phoenix,45-54,2,231.0,102,100,7
F044414,Phoenix,35-44,2,231.0,64,60,8
F064601,Phoenix,35-44,2,231.0,119,80,6
F011824,Phoenix,18-24,3,230.0,80,80,8
F039669,Phoenix,18-24,3,230.0,64,73,9
F036534,Tempe,45-54,2,230.0,107,80,7
F013057,Scottsdale,25-34,2,230.0,111,85,7
F015741,Out of State,25-34,2,230.0,64,45,8
F052476,Phoenix,45-54,2,230.0,102,60,7
F013323,Phoenix,35-44,2,230.0,80,60,7
F020690,Mesa,35-44,2,230.0,148,80,6
F008734,Scottsdale,18-24,2,230.0,72,60,7
F028856,Tempe,45-54,2,230.0,98,70,7
F048319,Phoenix,45-54,2,230.0,64,84,8
F018641,Phoenix,45-54,2,230.0,72,80,7
F043795,Tempe,35-44,2,230.0,64,87,8
F020347,Phoenix,18-24,2,230.0,94,80,7
F047799,Out of State,35-44,3,230.0,76,67,8
F025346,Out of State,25-34,2,230.0,80,80,7
F004674,Phoenix,25-34,2,229.0,72,100,7
F026223,Out of State,55-64,2,229.0,141,58,6
F023615,Tempe,18-24,2,229.0,122,60,6
F059751,Gilbert,35-44,3,229.0,72,40,8
F047735,Tempe,45-54,2,229.0,114,80,7
F013983,Chandler,35-44,3,229.0,64,100,9
F033589,Tucson,45-54,3,229.0,94,80,8
F027488,Scottsdale,18-24,2,229.0,94,87,7
F024710,Phoenix,18-24,2,229.0,68,100,7
F042725,Phoenix,25-34,2,229.0,98,87,7
F024317,Peoria,35-44,2,229.0,64,70,8
F058324,Chandler,18-24,3,228.0,94,100,8
F021135,Mesa,55-64,2,228.0,72,100,7
F011144,Phoenix,18-24,2,228.0,144,73,6
F041854,Scottsdale,35-44,2,228.0,132,73,6
F065345,Phoenix,25-34,2,228.0,114,73,7
F069322,Phoenix,25-34,2,228.0,119,100,6
F063440,Tempe,25-34,3,228.0,114,60,8
F066174,Tempe,25-34,2,228.0,89,80,7
F059558,Phoenix,55-64,2,228.0,98,87,7
F034300,Chandler,18-24,3,228.0,111,80,8
F047960,Mesa,18-24,3,227.0,158,77,7
F005462,Phoenix,45-54,2,227.0,114,70,6
F019091,Chandler,25-34,2,227.0,98,56,7
F071138,Scottsdale,35-44,2,227.0,148,68,7
F023452,Phoenix,25-34,2,227.0,76,87,7
F022306,Phoenix,25-34,3,227.0,152,84,7
F015415,Phoenix,25-34,2,227.0,141,73,6
F038776,Gilbert,45-54,2,227.0,94,87,7
F052496,Scottsdale,45-54,2,227.0,80,73,7
F052398,Tempe,25-34,3,227.0,102,90,8
F072318,Scottsdale,35-44,2,227.0,76,60,8
F018516,Phoenix,25-34,3,226.0,119,70,7
F057417,Phoenix,45-54,2,226.0,158,76,6
F015326,Chandler,35-44,3,226.0,141,83,7
F054625,Phoenix,18-24,2,226.0,64,80,8
F025677,Phoenix,25-34,2,226.0,132,84,6
F050863,Phoenix,25-34,2,226.0,111,80,7
F017901,Scottsdale,35-44,2,226.0,135,70,6
F071661,Phoenix,35-44,2,226.0,158,100,7
F041688,Tempe,25-34,3,226.0,107,60,8
F057855,Chandler,25-34,2,226.0,102,60,7
F058262,Mesa,18-24,3,226.0,68,70,8
F023728,Mesa,18-24,2,226.0,148,60,6
F069714,Mesa,18-24,2,226.0,64,60,8
F056846,Out of State,35-44,2,226.0,119,60,6
F040588,Chandler,35-44,2,226.0,152,25,6
F061962,Phoenix,18-24,2,225.0,141,60,6
F063454,Phoenix,25-34,2,225.0,144,70,6
F039666,Phoenix,35-44,2,225.0,122,80,6
F042632,Phoenix,25-34,2,225.0,122,80,6
F041515,Mesa,18-24,2,225.0,86,80,7
F006699,Glendale,25-34,2,225.0,86,80,7
F020919,Glendale,35-44,2,225.0,72,60,7
F064843,Phoenix,25-34,2,225.0,89,87,7
F014814,Scottsdale,35-44,2,225.0,64,60,8
F041685,Scottsdale,18-24,2,225.0,119,80,6
F049719,Scottsdale,25-34,2,224.0,128,76,6
F053612,Gilbert,25-34,2,224.0,162,73,6
F059303,Gilbert,45-54,3,224.0,107,48,8
F009953,Phoenix,25-34,2,224.0,94,84,7
F066733,Scottsdale,25-34,2,224.0,64,80,8
F033780,Out of State,25-34,2,224.0,122,84,6
F027896,Scottsdale,25-34,2,224.0,114,60,7
F046319,Scottsdale,18-24,2,224.0,122,73,6
F042506,Glendale,35-44,2,224.0,64,12,8
F046377,Phoenix,25-34,2,224.0,128,60,6
F016690,Glendale,35-44,2,224.0,119,88,6
F069092,Glendale,25-34,2,224.0,98,40,7
F034292,Scottsdale,18-24,2,224.0,148,92,6
F060784,Mesa,18-24,2,224.0,86,58,7
F009659,Mesa,35-44,2,223.0,141,73,6
F020213,Mesa,35-44,2,223.0,122,73,6
F015975,Mesa,45-54,2,223.0,144,40,6
F053656,Glendale,35-44,2,223.0,86,73,7
F044269,Chandler,18-24,2,223.0,86,60,7
F015247,Phoenix,35-44,2,223.0,148,87,6
F055577,Tucson,18-24,2,223.0,148,76,6
F028305,Phoenix,18-24,2,223.0,64,100,8
F065941,Phoenix,18-24,2,223.0,158,47,6
F054272,Phoenix,35-44,2,223.0,86,80,7
F038549,Chandler,35-44,2,223.0,111,100,7
F050113,Scottsdale,18-24,2,222.0,135,87,6
F059174,Glendale,18-24,2,222.0,72,80,7
F035257,Peoria,35-44,2,222.0,80,75,7
F057267,Peoria,25-34,2,222.0,86,80,7
F052074,Chandler,35-44,2,222.0,86,73,7
F060981,Mesa,25-34,2,222.0,64,45,8
F064505,Phoenix,35-44,2,222.0,128,88,6
F021404,Chandler,35-44,2,222.0,132,60,6
F046661,Phoenix,25-34,2,222.0,144,80,6
F059254,Tucson,25-34,2,222.0,141,73,6
F039250,Gilbert,25-34,2,222.0,76,80,7
F062713,Scottsdale,45-54,2,221.0,80,65,7
F005152,Tempe,45-54,2,221.0,132,73,6
F003497,Peoria,18-24,2,221.0,119,80,6
F051620,Mesa,25-34,2,221.0,80,100,7
F026246,Scottsdale,35-44,2,221.0,64,87,8
F068557,Glendale,35-44,2,221.0,107,90,7
F055290,Phoenix,35-44,2,221.0,86,60,7
F067993,Glendale,35-44,3,221.0,72,60,8
F040281,Scottsdale,25-34,2,221.0,119,73,6
F062712,Out of State,18-24,2,221.0,114,90,7
F062165,Scottsdale,25-34,3,221.0,68,100,8
F010713,Phoenix,18-24,3,221.0,94,70,8
F004745,Tempe,18-24,2,220.0,64,80,7
F051789,Phoenix,45-54,2,220.0,132,80,6
F009837,Tempe,25-34,2,220.0,107,90,7
F056698,Phoenix,45-54,2,220.0,114,60,7
F047785,Phoenix,35-44,2,220.0,89,73,7
F017967,Phoenix,25-34,2,220.0,89,70,7
F034460,Phoenix,35-44,2,219.0,111,84,7
F059910,Phoenix,35-44,2,219.0,141,63,6
F005308,Phoenix,18-24,2,219.0,80,87,7
F021249,Chandler,18-24,2,219.0,144,90,6
F049271,Scottsdale,45-54,2,219.0,76,89,7
F031560,Mesa,65+,2,219.0,158,48,6
F007531,Peoria,18-24,2,219.0,86,45,7
F020998,Tempe,35-44,2,219.0,86,80,7
F071820,Mesa,25-34,2,219.0,89,76,8
F006733,Phoenix,25-34,3,219.0,98,49,8
F038303,Mesa,18-24,2,219.0,162,80,6
F066760,Phoenix,45-54,3,219.0,119,88,7
F058130,Scottsdale,35-44,2,219.0,72,87,7
F057079,Chandler,55-64,2,219.0,86,15,7
F034125,Chandler,25-34,2,219.0,144,60,6
F045241,Phoenix,18-24,2,219.0,144,73,6
F066961,Gilbert,35-44,2,219.0,152,73,6
F021202,Phoenix,18-24,2,219.0,86,60,7
F013742,Gilbert,45-54,2,218.0,122,100,6
F066318,Chandler,35-44,2,218.0,144,68,6
F004957,Mesa,18-24,2,218.0,162,80,6
F028294,Phoenix,45-54,2,218.0,80,70,7
F065191,Tempe,25-34,2,218.0,80,60,7
F014964,Out of State,35-44,2,218.0,98,93,7
F021307,Phoenix,45-54,2,218.0,119,60,6
F047170,Phoenix,45-54,2,218.0,135,73,6
F019930,Chandler,25-34,2,217.0,76,100,7
F005173,Phoenix,25-34,3,217.0,98,80,8
F067304,Gilbert,25-34,2,217.0,119,68,6
F008711,Tempe,25-34,2,217.0,86,46,7
F004256,Phoenix,35-44,3,217.0,135,68,7
F012978,Phoenix,35-44,2,217.0,144,70,6
F045587,Tucson,18-24,3,217.0,148,80,7
F027582,Phoenix,35-44,2,217.0,119,73,6
F069459,Tempe,25-34,2,217.0,72,90,7
F018461,Chandler,55-64,2,217.0,86,70,7
F061265,Gilbert,18-24,3,217.0,132,73,7
F018404,Gilbert,45-54,2,217.0,162,72,6
F013800,Gilbert,35-44,2,217.0,94,60,7
F021595,Scottsdale,45-54,2,217.0,98,73,7
F055882,Tempe,35-44,2,217.0,111,73,7
F036778,Tucson,45-54,2,216.0,107,100,7
F072550,Glendale,25-34,2,216.0,80,73,8
F003359,Phoenix,45-54,2,216.0,148,80,6
F042459,Phoenix,25-34,2,216.0,111,80,7
F048034,Scottsdale,25-34,2,216.0,162,48,6
F035311,Scottsdale,25-34,2,216.0,72,22,7
F005496,Gilbert,18-24,2,216.0,122,100,6
F009442,Out of State,35-44,2,216.0,98,80,7
F048089,Peoria,35-44,2,216.0,94,87,7
F011599,Chandler,25-34,3,216.0,111,80,8
F030965,Gilbert,45-54,2,216.0,148,73,6
F018958,Chandler,18-24,2,215.0,68,73,7
F063123,Phoenix,25-34,3,215.0,89,50,8
F047115,Gilbert,35-44,2,215.0,114,70,7
F054408,Tucson,55-64,2,215.0,64,100,8
F043175,Tucson,35-44,2,215.0,128,60,6
F062508,Phoenix,18-24,3,215.0,89,75,8
F040163,Gilbert,25-34,2,215.0,162,80,6
F020260,Tempe,25-34,3,215.0,80,80,8
F059569,Phoenix,35-44,2,215.0,102,70,7
F069131,Scottsdale,35-44,2,215.0,64,70,8
F028329,Phoenix,35-44,2,215.0,64,60,8
F017793,Chandler,25-34,2,214.0,68,60,7
F052773,Mesa,35-44,2,214.0,119,60,6
F070159,Glendale,25-34,2,214.0,132,92,6
F065156,Glendale,35-44,2,214.0,76,60,7
F011584,Out of State,35-44,2,214.0,148,73,6
F018564,Phoenix,18-24,2,214.0,122,57,6
F048622,Phoenix,45-54,2,214.0,102,100,7
F015701,Peoria,55-64,3,214.0,68,87,8
F025705,Phoenix,45-54,2,214.0,135,80,6
F024791,Out of State,18-24,2,214.0,94,92,7
F020547,Phoenix,35-44,2,214.0,111,87,7
F064333,Gilbert,35-44,2,214.0,144,90,6
F026600,Phoenix,25-34,3,214.0,68,73,8
F033576,Phoenix,35-44,2,214.0,80,80,7
F013334,Phoenix,35-44,2,214.0,162,64,6
F069904,Gilbert,18-24,2,214.0,158,60,6
F059886,Gilbert,25-34,2,214.0,111,48,7
F058573,Phoenix,25-34,2,213.0,94,60,7
F052136,Phoenix,45-54,2,213.0,64,90,8
F059614,Mesa,18-24,2,213.0,128,60,6
F053226,Phoenix,25-34,2,213.0,122,73,6
F030110,Chandler,45-54,2,213.0,122,80,6
F006671,Out of State,45-54,2,213.0,119,44,6
F036545,Out of State,35-44,2,213.0,68,10,7
F009233,Phoenix,25-34,2,213.0,72,100,7
F035815,Out of State,45-54,2,213.0,114,100,7
F024859,Phoenix,35-44,2,213.0,122,87,6
F060424,Phoenix,35-44,2,213.0,98,87,7
F045249,Peoria,35-44,2,212.0,148,50,6
F049821,Chandler,25-34,2,212.0,68,60,7
F040862,Peoria,25-34,2,212.0,102,60,7
F020493,Mesa,35-44,2,212.0,144,92,6
F069965,Tempe,45-54,2,212.0,114,87,7
F036073,Gilbert,45-54,2,212.0,76,51,7
F063216,Tucson,35-44,2,212.0,128,80,6
F057059,Peoria,35-44,2,212.0,144,87,6
F014963,Phoenix,18-24,2,211.0,86,90,7
F004406,Chandler,35-44,2,211.0,89,60,7
F068951,Tempe,35-44,2,211.0,64,80,8
F031927,Out of State,45-54,2,211.0,64,60,8
F055973,Phoenix,25-34,2,211.0,64,85,8
F057169,Phoenix,18-24,2,211.0,72,45,7
F025220,Gilbert,45-54,2,211.0,114,60,7
F020635,Scottsdale,45-54,2,211.0,148,60,6
F070112,Scottsdale,25-34,2,211.0,152,47,6
F021910,Phoenix,45-54,2,211.0,102,73,7
F049793,Chandler,25-34,2,211.0,94,80,7
F049052,Glendale,45-54,2,211.0,141,60,6
F005301,Scottsdale,18-24,2,211.0,86,73,7
F025872,Scottsdale,35-44,2,211.0,114,90,7
F032431,Mesa,25-34,2,211.0,89,80,7
F008800,Peoria,18-24,2,211.0,76,80,7
F066404,Scottsdale,18-24,2,211.0,135,50,6
F010015,Gilbert,55-64,2,210.0,89,73,7
F027312,Mesa,25-34,2,210.0,114,65,7
F071632,Phoenix,18-24,3,210.0,132,76,7
F039872,Tucson,18-24,2,210.0,141,80,6
F062596,Tempe,45-54,2,210.0,68,73,7
F035521,Phoenix,45-54,2,210.0,76,60,7
F067811,Chandler,35-44,2,210.0,128,68,6
F006267,Tempe,35-44,2,210.0,107,80,7
F025545,Tucson,25-34,2,210.0,86,70,7
F043308,Tempe,45-54,2,210.0,94,60,7
F010292,Phoenix,18-24,2,210.0,94,87,7
F019205,Phoenix,18-24,2,210.0,128,93,6
F045977,Phoenix,18-24,2,210.0,128,100,6
F013547,Tempe,18-24,2,210.0,86,80,7
F063483,Chandler,35-44,2,209.0,111,87,7
F054338,Phoenix,18-24,2,209.0,86,73,7
F020572,Scottsdale,18-24,2,209.0,68,87,7
F045398,Phoenix,18-24,2,209.0,122,45,6
F044452,Phoenix,18-24,2,209.0,94,30,7
F006818,Scottsdale,55-64,2,209.0,144,73,6
F022325,Out of State,45-54,2,208.0,141,100,6
F041415,Tempe,35-44,2,208.0,86,73,7
F057871,Scottsdale,25-34,2,208.0,80,87,7
F021345,Tucson,35-44,2,208.0,162,60,6
F036652,Phoenix,35-44,2,208.0,72,70,7
F059810,Gilbert,35-44,2,208.0,64,60,8
F022776,Scottsdale,45-54,2,208.0,122,80,6
F038644,Phoenix,18-24,2,208.0,89,64,7
F048885,Phoenix,55-64,2,208.0,68,63,7
F030888,Chandler,45-54,2,208.0,80,80,7
F005994,Scottsdale,25-34,2,208.0,102,100,7
F008360,Tempe,25-34,2,208.0,114,60,6
F036682,Chandler,45-54,2,208.0,98,80,7
F058046,Gilbert,25-34,2,207.0,102,80,7
F072509,Scottsdale,18-24,2,207.0,64,60,9
F032355,Glendale,25-34,2,207.0,122,90,6
F037108,Glendale,25-34,2,207.0,114,0,7
F003131,Peoria,18-24,2,207.0,86,87,7
F044418,Scottsdale,45-54,2,207.0,76,70,7
F029465,Phoenix,25-34,2,207.0,122,80,6
F043642,Phoenix,18-24,2,207.0,86,87,7
F029241,Chandler,55-64,2,207.0,119,80,6
F028955,Gilbert,18-24,2,207.0,119,70,6
F026648,Phoenix,25-34,2,207.0,64,60,8
F059969,Gilbert,18-24,2,206.0,111,80,7
F070705,Phoenix,55-64,3,206.0,94,73,8
F062817,Peoria,45-54,2,206.0,80,100,7
F069315,Phoenix,35-44,2,206.0,86,73,7
F048595,Tempe,25-34,2,206.0,158,80,6
F043367,Mesa,25-34,2,206.0,76,76,7
F009664,Phoenix,18-24,2,206.0,80,60,7
F018605,Phoenix,35-44,2,206.0,64,80,8
F041664,Gilbert,35-44,2,206.0,86,100,7
F041628,Gilbert,18-24,2,206.0,111,60,7
F064477,Mesa,35-44,2,206.0,80,100,7
F064420,Chandler,25-34,2,206.0,86,100,7
F039415,Tempe,35-44,2,206.0,64,80,8
F049421,Out of State,45-54,2,206.0,72,45,7
F060368,Peoria,45-54,2,205.0,122,60,6
F028531,Tempe,25-34,4,205.0,89,100,8
F038881,Peoria,25-34,2,205.0,86,70,7
F034602,Glendale,35-44,2,205.0,119,100,6
F055436,Tempe,18-24,2,205.0,111,50,7
F041749,Mesa,25-34,2,205.0,98,80,7
F057068,Phoenix,55-64,2,205.0,89,40,7
F030457,Mesa,35-44,2,205.0,68,73,7
F026295,Phoenix,45-54,2,204.0,114,50,7
F018536,Out of State,25-34,2,204.0,98,73,7
F010730,Phoenix,25-34,2,204.0,111,80,7
F057875,Phoenix,55-64,2,204.0,64,60,8
F060773,Phoenix,45-54,2,204.0,107,60,7
F036211,Gilbert,18-24,3,204.0,111,100,8
F041747,Gilbert,25-34,2,204.0,80,100,7
F064441,Mesa,45-54,2,204.0,122,73,6
F024059,Gilbert,18-24,2,204.0,102,80,7
F039651,Tempe,65+,2,203.0,86,30,7
F005597,Phoenix,35-44,2,203.0,94,70,7
F055812,Glendale,25-34,2,203.0,122,70,6
F063867,Gilbert,45-54,2,203.0,80,70,7
F022703,Phoenix,18-24,2,203.0,86,100,7
F055644,Out of State,35-44,2,203.0,144,70,6
F031097,Phoenix,55-64,2,203.0,128,68,6
F044389,Mesa,45-54,2,203.0,107,100,7
F058802,Gilbert,55-64,2,202.0,76,50,7
F057278,Phoenix,18-24,2,202.0,128,92,6
F029987,Gilbert,45-54,2,202.0,80,60,7
F063427,Mesa,45-54,3,202.0,68,60,8
F041056,Phoenix,35-44,2,202.0,148,87,6
F066297,Glendale,35-44,3,202.0,64,60,9
F031347,Chandler,18-24,2,202.0,119,100,6
F070877,Tempe,18-24,2,202.0,162,90,7
F056613,Scottsdale,18-24,2,202.0,98,60,7
F040651,Phoenix,25-34,2,202.0,107,40,7
F016745,Phoenix,18-24,2,202.0,135,87,6
F066921,Chandler,25-34,2,201.0,144,70,6
F049513,Tucson,35-44,2,201.0,86,76,7
F004967,Chandler,18-24,2,201.0,94,80,7
F055531,Phoenix,35-44,2,201.0,144,84,6
F023928,Phoenix,65+,2,201.0,119,77,6
F012331,Phoenix,45-54,2,201.0,114,60,6
F063412,Peoria,45-54,2,201.0,68,70,7
F029830,Out of State,25-34,2,201.0,80,73,7
F051849,Tempe,35-44,2,201.0,132,80,6
F047908,Chandler,25-34,2,201.0,128,76,6
F016790,Phoenix,35-44,2,201.0,72,100,7
F064683,Phoenix,45-54,2,201.0,119,60,6
F044739,Mesa,35-44,2,201.0,80,70,7
F064804,Mesa,45-54,2,201.0,111,100,7
F040076,Mesa,45-54,2,200.0,80,50,7
F024940,Chandler,25-34,2,200.0,94,80,7
F061893,Mesa,25-34,2,200.0,148,60,6
F035850,Glendale,45-54,2,200.0,111,84,7
F067055,Phoenix,45-54,2,200.0,107,68,7
F010860,Gilbert,18-24,2,200.0,80,80,7
F042472,Mesa,35-44,2,200.0,80,73,7
F018228,Phoenix,25-34,2,200.0,89,80,7
F018452,Glendale,35-44,2,200.0,111,65,7
F035690,Phoenix,25-34,2,200.0,94,80,7
F041094,Phoenix,55-64,3,199.0,76,28,8
F007605,Chandler,35-44,2,199.0,128,100,6
F053606,Phoenix,25-34,2,199.0,72,85,7
F005179,Tempe,18-24,2,199.0,98,80,7
F024126,Chandler,35-44,2,199.0,86,60,7
F024709,Mesa,35-44,3,199.0,102,55,8
F070421,Phoenix,18-24,2,199.0,122,45,6
F046303,Tucson,35-44,3,199.0,141,87,7
F059510,Out of State,18-24,2,199.0,102,60,7
F012677,Tempe,18-24,2,199.0,119,100,6
F019929,Scottsdale,25-34,2,198.0,122,100,6
F059901,Phoenix,35-44,2,198.0,72,100,7
F004098,Phoenix,18-24,2,198.0,119,60,6
F067276,Mesa,65+,2,198.0,68,100,7
F031827,Peoria,45-54,2,198.0,68,68,7
F031160,Tempe,35-44,2,198.0,122,87,6
F028550,Scottsdale,25-34,2,198.0,148,80,6
F026030,Phoenix,35-44,2,198.0,114,45,7
F029248,Phoenix,45-54,2,198.0,111,45,7
F035866,Phoenix,18-24,2,198.0,128,87,6
F005018,Scottsdale,25-34,2,197.0,152,72,6
F012848,Phoenix,35-44,2,197.0,144,73,6
F054221,Phoenix,45-54,2,197.0,64,60,8
F071183,Chandler,18-24,2,197.0,89,87,8
F013797,Tempe,25-34,2,197.0,98,88,7
F004365,Phoenix,45-54,2,197.0,98,73,7
F042271,Gilbert,55-64,2,197.0,144,80,6
F065482,Gilbert,45-54,2,197.0,128,68,6
F054661,Phoenix,18-24,2,197.0,144,87,6
F040874,Phoenix,55-64,2,197.0,135,60,6
F008632,Phoenix,35-44,2,197.0,86,100,7
F040858,Phoenix,25-34,2,197.0,111,80,7
F024755,Mesa,45-54,2,197.0,135,54,6
F014974,Scottsdale,35-44,2,196.0,107,100,7
F019345,Phoenix,25-34,2,196.0,132,60,6
F072802,Chandler,45-54,2,196.0,68,60,8
F023053,Phoenix,35-44,2,196.0,119,60,6
F055454,Scottsdale,45-54,2,196.0,80,90,7
F068076,Phoenix,35-44,3,196.0,94,70,8
F040383,Out of State,25-34,3,196.0,86,70,8
F019519,Phoenix,18-24,2,196.0,148,75,6
F064966,Tempe,25-34,2,195.0,152,73,6
F012594,Phoenix,25-34,2,195.0,119,73,6
F045716,Phoenix,25-34,2,195.0,68,80,7
F053872,Phoenix,35-44,2,195.0,111,65,7
F062673,Phoenix,45-54,3,195.0,102,73,8
F011561,Phoenix,45-54,2,195.0,86,80,7
F016436,Glendale,18-24,2,195.0,114,80,7
F025008,Phoenix,35-44,2,195.0,64,60,8
F058298,Tempe,35-44,2,195.0,94,76,7
F040853,Phoenix,35-44,2,194.0,152,60,6
F006774,Gilbert,25-34,2,194.0,107,70,7
F004202,Phoenix,25-34,3,194.0,72,57,8
F047752,Gilbert,35-44,2,194.0,148,84,6
F055093,Phoenix,35-44,2,194.0,72,60,7
F063237,Peoria,25-34,2,194.0,86,87,7
F013365,Phoenix,45-54,2,194.0,132,87,6
F007823,Tempe,25-34,2,194.0,98,100,7
F059361,Out of State,35-44,2,194.0,94,90,7
F039366,Mesa,35-44,2,194.0,68,60,7
F059344,Scottsdale,18-24,2,194.0,86,100,7
F053174,Chandler,35-44,3,193.0,114,60,8
F065851,Phoenix,25-34,2,193.0,64,48,8
F041668,Out of State,35-44,2,193.0,80,60,7
F005934,Glendale,18-24,2,193.0,76,80,7
F032188,Tempe,25-34,3,193.0,98,80,8
F056788,Phoenix,45-54,2,193.0,119,100,6
F023398,Chandler,25-34,2,193.0,80,73,7
F057354,Gilbert,35-44,3,193.0,107,60,8
F007864,Mesa,35-44,2,193.0,76,100,7
F030543,Chandler,55-64,2,193.0,68,37,7
F017366,Phoenix,35-44,2,193.0,86,90,7
F032650,Tempe,18-24,2,193.0,107,60,7
F015876,Phoenix,18-24,2,192.0,132,77,6
F036000,Glendale,35-44,2,192.0,132,80,6
F013296,Out of State,25-34,2,192.0,86,80,7
F043539,Phoenix,18-24,2,192.0,86,87,7
F067393,Chandler,35-44,2,192.0,89,60,7
F041040,Phoenix,35-44,2,192.0,114,80,7
F067662,Out of State,55-64,2,192.0,132,87,6
F070400,Scottsdale,25-34,2,192.0,72,60,7
F021693,Glendale,35-44,3,192.0,135,46,7
F049148,Phoenix,18-24,2,192.0,64,80,8
F056272,Phoenix,25-34,2,192.0,86,100,7
F069953,Tempe,35-44,2,192.0,141,30,6
F021659,Out of State,35-44,2,192.0,64,73,8
F034862,Glendale,35-44,2,192.0,86,100,7
F026157,Phoenix,18-24,2,191.0,102,100,7
F057050,Out of State,18-24,2,191.0,128,80,6
F036079,Mesa,55-64,2,191.0,132,76,6
F030127,Phoenix,35-44,2,191.0,76,48,7
F038546,Gilbert,25-34,2,191.0,64,30,8
F019130,Phoenix,18-24,3,191.0,98,80,8
F011251,Out of State,35-44,2,191.0,68,73,7
F030484,Gilbert,35-44,2,190.0,128,80,6
F046869,Scottsdale,18-24,2,190.0,135,80,6
F016599,Tempe,18-24,3,190.0,102,84,8
F043517,Phoenix,18-24,2,190.0,80,60,7
F018138,Phoenix,25-34,2,190.0,86,87,7
F049721,Glendale,45-54,2,190.0,64,60,8
F026903,Mesa,35-44,2,190.0,86,68,7
F047414,Out of State,45-54,2,190.0,76,60,7
F056335,Chandler,55-64,2,190.0,80,60,7
F044190,Tempe,25-34,2,190.0,80,80,7
F033631,Out of State,18-24,2,190.0,132,70,6
F013100,Out of State,35-44,2,189.0,68,80,7
F070378,Mesa,18-24,2,189.0,122,40,6
F015663,Out of State,35-44,2,189.0,119,60,6
F054532,Mesa,35-44,2,189.0,94,30,7
F019790,Phoenix,45-54,2,189.0,132,76,6
F062208,Glendale,25-34,2,189.0,89,84,7
F034171,Peoria,45-54,2,189.0,152,65,6
F058310,Phoenix,25-34,2,189.0,152,70,6
F072702,Peoria,35-44,2,189.0,111,73,8
F008527,Scottsdale,18-24,2,189.0,122,90,6
F032457,Tempe,25-34,2,188.0,64,73,8
F010866,Out of State,45-54,2,188.0,107,100,7
F014107,Phoenix,45-54,2,188.0,114,80,7
F037849,Chandler,35-44,2,188.0,76,80,7
F018096,Gilbert,35-44,2,188.0,76,60,7
F064417,Tempe,45-54,2,188.0,86,73,7
F019711,Glendale,18-24,2,188.0,107,49,7
F052412,Peoria,45-54,2,188.0,111,60,7
F014629,Phoenix,25-34,2,188.0,68,80,7
F053248,Gilbert,45-54,2,188.0,119,100,6
F008484,Phoenix,35-44,2,188.0,107,70,7
F058945,Phoenix,25-34,2,188.0,80,76,7
F031759,Scottsdale,25-34,2,187.0,152,100,6
F009408,Mesa,45-54,2,187.0,111,80,7
F024879,Gilbert,25-34,2,187.0,64,60,8
F040053,Phoenix,25-34,2,187.0,119,87,6
F060308,Tucson,18-24,2,187.0,72,45,7
F062182,Scottsdale,35-44,2,187.0,80,73,7
F046005,Mesa,18-24,2,187.0,76,80,7
F012678,Phoenix,18-24,2,187.0,111,80,7
F058280,Phoenix,45-54,2,187.0,111,80,7
F008798,Mesa,35-44,2,187.0,102,100,7
F065064,Chandler,55-64,2,186.0,152,76,6
F014834,Gilbert,35-44,2,186.0,98,60,7
F043806,Chandler,25-34,2,186.0,68,45,7
F004375,Out of State,25-34,2,186.0,135,50,6
F071042,Phoenix,25-34,2,186.0,111,84,8
F040888,Phoenix,25-34,2,186.0,102,80,7
F046073,Out of State,25-34,2,186.0,111,80,7
F034520,Phoenix,25-34,2,186.0,89,58,7
F036413,Mesa,18-24,2,186.0,114,80,7
F068938,Scottsdale,35-44,2,186.0,94,35,7
F031399,Scottsdale,35-44,2,185.0,132,87,6
F010044,Phoenix,18-24,2,185.0,111,70,7
F058842,Out of State,18-24,2,185.0,89,87,7
F003622,Gilbert,35-44,2,185.0,102,80,7
F026805,Glendale,25-34,2,185.0,135,65,6
F048767,Chandler,35-44,2,185.0,162,60,6
F045033,Mesa,18-24,2,185.0,68,100,7
F023478,Phoenix,18-24,2,185.0,64,87,8
F043448,Scottsdale,25-34,2,185.0,64,80,8
F024692,Out of State,25-34,2,185.0,80,60,7
F043316,Gilbert,18-24,2,185.0,152,54,6
F043741,Phoenix,45-54,2,185.0,98,80,7
F060440,Peoria,55-64,2,185.0,68,60,7
F050741,Tempe,35-44,2,185.0,135,67,6
F042025,Phoenix,35-44,2,185.0,162,73,6
F050332,Tempe,45-54,2,184.0,86,80,7
F019908,Tempe,18-24,2,184.0,102,73,7
F052568,Phoenix,25-34,2,184.0,144,55,6
F031970,Tucson,45-54,2,184.0,72,60,7
F031945,Glendale,35-44,2,184.0,80,87,7
F040926,Phoenix,45-54,2,184.0,76,100,7
F046488,Phoenix,18-24,2,184.0,141,60,6
F041607,Phoenix,18-24,2,184.0,141,73,6
F013911,Scottsdale,25-34,2,184.0,94,60,7
F051045,Gilbert,25-34,2,184.0,128,60,6
F023483,Phoenix,35-44,2,184.0,107,60,7
F006322,Phoenix,35-44,2,184.0,119,60,6
F022511,Phoenix,18-24,2,184.0,98,87,7
F013890,Gilbert,25-34,2,184.0,141,76,6
F071304,Glendale,35-44,2,184.0,122,70,7
F072453,Phoenix,45-54,2,184.0,119,100,7
F022137,Phoenix,18-24,2,183.0,135,84,6
F039274,Gilbert,45-54,2,183.0,86,73,7
F034490,Gilbert,35-44,3,183.0,89,73,8
F050501,Phoenix,25-34,2,183.0,98,70,7
F069542,Chandler,35-44,2,183.0,132,80,6
F012828,Gilbert,35-44,3,183.0,89,80,8
F045754,Phoenix,35-44,2,183.0,72,45,7
F060788,Chandler,18-24,2,183.0,119,65,6
F022945,Tempe,25-34,2,182.0,152,80,6
F027183,Phoenix,25-34,2,182.0,80,60,7
F005721,Peoria,45-54,2,182.0,76,70,7
F042378,Out of State,35-44,2,182.0,111,87,7
F013492,Tempe,18-24,3,182.0,68,80,8
F051727,Tempe,18-24,2,182.0,64,100,8
F051259,Tucson,18-24,2,181.0,141,80,6
F041662,Mesa,45-54,2,181.0,98,87,7
F064407,Phoenix,25-34,2,181.0,72,73,7
F008200,Phoenix,45-54,2,181.0,128,87,6
F060158,Phoenix,18-24,2,181.0,148,100,6
F055124,Out of State,45-54,2,181.0,94,87,7
F056856,Scottsdale,25-34,2,180.0,111,90,7
F021598,Out of State,18-24,2,180.0,128,68,6
F036565,Glendale,45-54,2,180.0,119,70,6
F055519,Phoenix,25-34,2,180.0,94,70,7
F049005,Tempe,18-24,2,180.0,64,73,8
F006938,Mesa,35-44,2,180.0,68,87,7
F018845,Phoenix,45-54,2,180.0,152,100,6
F014972,Out of State,35-44,2,180.0,76,40,7
F039823,Gilbert,45-54,2,180.0,94,28,7
F052710,Tempe,25-34,2,180.0,132,45,6
F052574,Tucson,18-24,2,180.0,72,73,7
F020427,Out of State,35-44,2,180.0,111,87,7
F059843,Mesa,25-34,2,179.0,80,80,7
F071631,Phoenix,35-44,2,179.0,128,87,7
F046859,Chandler,25-34,2,179.0,114,100,7
F059126,Phoenix,18-24,2,179.0,128,40,6
F041304,Mesa,35-44,2,179.0,114,80,7
F063125,Gilbert,25-34,2,179.0,141,84,6
F027051,Scottsdale,45-54,2,179.0,94,100,7
F060569,Peoria,35-44,2,179.0,94,70,7
F072406,Phoenix,35-44,2,179.0,119,60,7
F042063,Chandler,18-24,2,179.0,111,60,7
F028322,Tucson,35-44,2,179.0,141,84,6
F014156,Out of State,18-24,2,179.0,64,80,8
F004216,Out of State,35-44,2,179.0,94,70,7
F065600,Out of State,18-24,2,178.0,102,73,7
F016429,Peoria,35-44,2,178.0,107,60,7
F040594,Scottsdale,45-54,2,178.0,76,100,7
F034544,Scottsdale,25-34,2,178.0,102,100,7
F037638,Chandler,18-24,2,178.0,94,85,7
F033952,Scottsdale,25-34,2,178.0,119,70,6
F058736,Out of State,18-24,2,178.0,114,87,7
F060844,Chandler,25-34,2,178.0,122,60,6
F048249,Peoria,18-24,2,178.0,102,100,7
F049342,Mesa,18-24,2,178.0,102,60,7
F039428,Out of State,25-34,2,178.0,64,60,8
F007060,Mesa,35-44,3,177.0,80,80,8
F054094,Mesa,35-44,2,177.0,72,73,7
F010675,Mesa,25-34,2,177.0,72,87,7
F015228,Phoenix,25-34,2,177.0,111,92,7
F010557,Scottsdale,25-34,3,177.0,76,68,8
F036207,Phoenix,25-34,2,177.0,111,90,7
F023180,Phoenix,18-24,2,177.0,68,80,7
F041958,Phoenix,35-44,2,177.0,107,56,7
F031099,Tempe,35-44,2,177.0,107,80,7
F013667,Phoenix,18-24,2,177.0,132,67,6
F048991,Phoenix,35-44,2,177.0,68,73,7
F050457,Phoenix,25-34,2,177.0,68,100,7
F039990,Out of State,25-34,2,176.0,64,73,8
F007415,Phoenix,25-34,2,176.0,80,87,7
F050618,Chandler,45-54,2,176.0,76,60,7
F053524,Out of State,35-44,2,176.0,98,80,7
F028768,Gilbert,45-54,2,176.0,135,68,6
F069606,Phoenix,55-64,2,176.0,111,30,7
F011386,Chandler,18-24,3,176.0,152,87,7
F053926,Gilbert,35-44,2,176.0,141,70,6
F044179,Mesa,45-54,2,176.0,141,80,6
F058522,Mesa,25-34,2,175.0,141,76,6
F030347,Tucson,18-24,2,175.0,128,73,6
F052596,Phoenix,18-24,2,175.0,76,90,7
F019516,Scottsdale,35-44,2,175.0,102,100,7
F040235,Out of State,35-44,2,175.0,152,80,6
F065227,Phoenix,18-24,2,175.0,76,80,7
F052899,Gilbert,25-34,2,175.0,119,67,6
F056176,Scottsdale,25-34,2,175.0,122,60,6
F034634,Phoenix,25-34,3,174.0,68,60,8
F010630,Phoenix,35-44,2,174.0,72,100,7
F025885,Phoenix,35-44,2,174.0,128,80,6
F062811,Phoenix,25-34,2,174.0,148,70,6
F010977,Peoria,18-24,2,174.0,94,100,7
F053041,Phoenix,25-34,2,174.0,86,80,7
F035888,Scottsdale,25-34,2,174.0,114,87,7
F055152,Tempe,25-34,2,173.0,107,70,7
F054441,Chandler,25-34,2,173.0,76,84,7
F068117,Scottsdale,35-44,2,173.0,72,87,7
F022607,Phoenix,55-64,2,173.0,72,30,7
F039089,Glendale,25-34,2,173.0,132,77,6
F056189,Out of State,35-44,2,173.0,76,60,7
F021178,Tempe,25-34,2,173.0,111,60,7
F072717,Phoenix,18-24,2,172.0,86,47,8
F058513,Phoenix,25-34,2,172.0,111,60,7
F017368,Scottsdale,18-24,2,172.0,114,90,7
F022586,Chandler,45-54,2,172.0,107,60,7
F054645,Phoenix,18-24,2,172.0,132,70,6
F041278,Peoria,25-34,2,172.0,86,60,7
F063848,Mesa,55-64,2,172.0,98,60,7
F059069,Gilbert,35-44,2,172.0,98,60,7
F027234,Phoenix,25-34,2,172.0,98,80,7
F023541,Phoenix,35-44,2,172.0,64,40,8
F009371,Phoenix,45-54,3,172.0,135,73,7
F008879,Peoria,18-24,2,172.0,72,60,7
F024327,Tempe,18-24,2,172.0,86,60,7
F071348,Peoria,25-34,2,172.0,98,72,8
F041230,Mesa,25-34,2,171.0,102,60,7
F046926,Scottsdale,65+,2,171.0,86,60,7
F072832,Chandler,18-24,2,171.0,122,60,7
F050701,Out of State,18-24,2,171.0,135,87,6
F027979,Phoenix,35-44,2,171.0,64,20,8
F045413,Scottsdale,25-34,2,171.0,76,100,7
F030768,Out of State,35-44,2,171.0,76,92,7
F054424,Peoria,55-64,2,171.0,68,80,7
F018909,Gilbert,35-44,2,171.0,158,76,6
F070731,Phoenix,18-24,2,170.0,122,73,7
F060137,Mesa,55-64,2,170.0,98,80,7
F013744,Tempe,25-34,2,170.0,72,80,7
F060014,Out of State,35-44,2,170.0,162,73,6
F042294,Peoria,35-44,2,170.0,135,73,6
F067219,Chandler,18-24,2,170.0,128,70,6
F010554,Out of State,45-54,2,170.0,86,87,7
F044873,Phoenix,55-64,2,170.0,111,80,7
F016417,Gilbert,35-44,2,170.0,98,64,7
F022523,Phoenix,18-24,2,170.0,119,76,6
F062005,Mesa,65+,2,170.0,135,80,6
F036085,Scottsdale,35-44,2,170.0,111,75,7
F050775,Chandler,45-54,2,169.0,152,60,6
F060552,Phoenix,35-44,2,169.0,135,80,6
F007084,Mesa,18-24,2,169.0,111,87,7
F046198,Chandler,35-44,2,169.0,166,100,6
F019829,Phoenix,45-54,2,169.0,80,80,7
F013856,Phoenix,25-34,2,169.0,86,100,7
F071771,Tempe,45-54,2,169.0,119,84,7
F058860,Mesa,45-54,2,169.0,122,60,6
F024013,Tempe,25-34,2,169.0,64,60,8
F062401,Phoenix,55-64,2,169.0,98,100,7
F024809,Mesa,18-24,2,169.0,98,60,7
F039574,Phoenix,25-34,2,169.0,119,80,6
F042857,Mesa,35-44,2,169.0,68,80,7
F010166,Phoenix,18-24,2,169.0,72,73,7
F014303,Scottsdale,25-34,2,168.0,162,70,6
F023772,Tempe,35-44,2,168.0,122,100,6
F070464,Scottsdale,35-44,2,168.0,80,60,7
F022414,Phoenix,45-54,2,168.0,148,73,6
F003987,Phoenix,45-54,2,168.0,111,100,7
F030647,Scottsdale,35-44,2,168.0,94,80,7
F003750,Tempe,35-44,2,168.0,68,80,7
F004750,Scottsdale,25-34,2,167.0,107,60,7
F037823,Phoenix,35-44,2,167.0,76,80,7
F052954,Gilbert,45-54,2,167.0,107,30,7
F003912,Gilbert,35-44,2,167.0,135,84,6
F053099,Tempe,45-54,2,167.0,89,60,7
F055688,Chandler,25-34,2,167.0,128,87,6
F031456,Tempe,25-34,2,166.0,135,84,6
F005145,Tempe,35-44,2,166.0,107,70,7
F054888,Glendale,25-34,2,166.0,76,30,7
F057885,Phoenix,35-44,2,166.0,148,60,6
F017659,Gilbert,45-54,2,166.0,94,80,7
F032088,Phoenix,18-24,2,166.0,72,60,7
F036925,Scottsdale,45-54,2,166.0,162,60,6
F006283,Phoenix,18-24,2,166.0,111,100,7
F003532,Chandler,25-34,2,165.0,135,73,6
F011036,Phoenix,25-34,2,165.0,158,70,6
F055414,Phoenix,25-34,2,165.0,107,80,7
F024784,Glendale,55-64,2,165.0,119,60,6
F058485,Phoenix,35-44,2,165.0,76,87,7
F026980,Phoenix,25-34,2,165.0,94,70,7
F045768,Phoenix,18-24,2,165.0,107,60,7
F005687,Phoenix,25-34,2,164.0,94,92,7
F064315,Mesa,55-64,2,164.0,152,55,6
F041458,Phoenix,35-44,2,164.0,107,70,7
F020423,Scottsdale,35-44,2,164.0,76,60,7
F029619,Chandler,45-54,2,164.0,76,100,7
F020806,Tempe,25-34,2,164.0,89,76,7
F069935,Tempe,55-64,2,164.0,102,70,7
F024307,Phoenix,25-34,2,164.0,107,60,7
F043372,Phoenix,18-24,2,163.0,98,73,7
F030933,Out of State,25-34,2,163.0,152,60,6
F003761,Gilbert,35-44,2,163.0,76,45,7
F007644,Out of State,25-34,2,163.0,128,61,6
F053820,Chandler,35-44,2,163.0,80,60,7
F020654,Peoria,35-44,2,163.0,86,100,7
F068038,Peoria,45-54,2,163.0,135,80,6
F034626,Out of State,18-24,2,162.0,94,73,7
F048858,Phoenix,35-44,2,162.0,98,73,7
F006731,Scottsdale,18-24,2,162.0,98,60,7
F028992,Out of State,25-34,2,162.0,135,50,6
F035508,Phoenix,25-34,2,162.0,64,73,8
F028380,Peoria,55-64,2,162.0,162,84,6
F008239,Phoenix,35-44,2,161.0,89,80,7
F004516,Tempe,25-34,2,161.0,80,80,7
F051971,Phoenix,25-34,2,161.0,64,100,8
F038946,Phoenix,25-34,2,161.0,111,100,7
F025323,Tempe,18-24,2,161.0,107,100,7
F048054,Gilbert,18-24,2,161.0,80,56,7
F022102,Scottsdale,45-54,2,161.0,102,72,7
F013643,Phoenix,55-64,2,161.0,152,60,6
F028094,Glendale,35-44,2,161.0,72,85,7
F061157,Mesa,25-34,2,160.0,135,87,6
F064215,Glendale,35-44,3,160.0,98,100,8
F071404,Phoenix,45-54,2,160.0,72,70,8
F063317,Mesa,45-54,2,160.0,98,100,7
F032055,Phoenix,18-24,2,160.0,72,70,7
F053336,Scottsdale,55-64,2,159.0,119,80,6
F023711,Phoenix,25-34,2,159.0,80,80,7
F070742,Glendale,45-54,2,159.0,72,80,8
F010811,Gilbert,25-34,2,159.0,148,44,6
F005243,Mesa,55-64,2,159.0,68,45,7
F050842,Phoenix,35-44,2,159.0,72,73,7
F005286,Tempe,35-44,2,159.0,89,65,7
F060133,Phoenix,25-34,2,159.0,135,84,6
F021148,Phoenix,18-24,2,159.0,111,100,7
F013234,Phoenix,25-34,2,159.0,141,70,6
F032078,Tucson,35-44,2,158.0,141,87,6
F016042,Out of State,18-24,2,158.0,64,60,8
F031553,Scottsdale,35-44,2,158.0,158,80,6
F037109,Phoenix,35-44,2,158.0,89,80,7
F071737,Chandler,55-64,2,158.0,135,70,7
F072093,Chandler,35-44,2,158.0,80,60,8
F017950,Peoria,55-64,2,158.0,107,100,7
F004619,Phoenix,18-24,2,158.0,166,73,6
F010502,Scottsdale,25-34,2,158.0,89,73,7
F026016,Phoenix,35-44,2,158.0,76,60,7
F017543,Scottsdale,25-34,2,158.0,114,53,7
F018057,Chandler,55-64,2,157.0,68,73,7
F059875,Tempe,18-24,2,157.0,128,60,6
F015069,Glendale,55-64,2,157.0,80,40,7
F027153,Mesa,18-24,2,157.0,89,70,7
F036727,Phoenix,25-34,2,157.0,158,60,6
F021417,Mesa,25-34,2,156.0,102,60,7
F040654,Chandler,35-44,2,156.0,68,60,7
F045550,Out of State,18-24,2,156.0,86,70,7
F069715,Out of State,35-44,2,156.0,144,80,6
F049359,Tempe,45-54,2,156.0,119,60,6
F067979,Mesa,45-54,2,156.0,107,93,7
F014989,Phoenix,18-24,2,156.0,111,35,7
F063218,Tucson,35-44,2,156.0,98,62,7
F024607,Scottsdale,18-24,3,156.0,102,85,8
F025710,Out of State,18-24,2,156.0,144,70,6
F067101,Mesa,35-44,2,155.0,122,80,6
F002902,Scottsdale,35-44,2,155.0,148,80,6
F018960,Peoria,18-24,2,155.0,119,30,6
F015567,Phoenix,18-24,2,155.0,119,100,6
F025878,Phoenix,35-44,2,155.0,148,48,6
F015757,Tempe,25-34,2,154.0,94,80,7
F023388,Phoenix,25-34,2,154.0,94,100,7
F021987,Phoenix,35-44,2,154.0,64,60,8
F029762,Peoria,18-24,2,154.0,68,90,7
F032005,Gilbert,35-44,2,154.0,111,90,7
F011645,Phoenix,25-34,2,153.0,128,90,6
F047050,Tempe,25-34,2,153.0,148,87,6
F046536,Mesa,18-24,2,153.0,141,89,6
F052006,Chandler,18-24,2,153.0,68,30,7
F070342,Gilbert,18-24,2,153.0,122,100,6
F070935,Scottsdale,45-54,2,153.0,148,80,7
F058451,Scottsdale,35-44,2,153.0,94,87,7
F050802,Scottsdale,55-64,2,153.0,98,80,7
F072365,Glendale,25-34,2,153.0,152,100,7
F040081,Mesa,35-44,2,153.0,148,80,6
F032596,Scottsdale,35-44,2,152.0,111,100,7
F043609,Phoenix,35-44,2,152.0,135,80,6
F027674,Phoenix,18-24,2,152.0,119,80,6
F057159,Scottsdale,35-44,2,152.0,114,60,7
F009806,Peoria,18-24,2,152.0,135,28,6
F038345,Scottsdale,25-34,2,152.0,128,87,6
F004623,Chandler,55-64,2,152.0,122,47,6
F033435,Scottsdale,18-24,2,152.0,141,80,6
F043041,Tempe,55-64,2,151.0,98,60,7
F020212,Chandler,18-24,2,151.0,119,60,6
F052052,Scottsdale,55-64,2,151.0,122,100,6
F031165,Phoenix,18-24,2,151.0,158,30,6
F034467,Phoenix,25-34,2,151.0,68,85,7
F038916,Glendale,35-44,2,151.0,141,53,6
F056948,Gilbert,25-34,2,151.0,158,73,6
F006985,Scottsdale,18-24,2,150.0,68,60,7
F004765,Mesa,25-34,2,150.0,135,60,6
F022024,Phoenix,25-34,2,150.0,132,48,6
F068902,Mesa,18-24,2,150.0,94,87,7
F053845,Scottsdale,45-54,2,150.0,111,60,7
F006492,Phoenix,18-24,2,149.0,94,84,7
F059012,Mesa,35-44,2,149.0,98,40,7
F034854,Phoenix,18-24,2,149.0,76,70,7
F011260,Gilbert,35-44,2,149.0,98,60,7
F018586,Glendale,55-64,2,149.0,107,43,7
F048025,Phoenix,35-44,2,148.0,144,70,5
F025516,Tempe,18-24,2,148.0,114,84,6
F004947,Gilbert,35-44,2,148.0,152,60,5
F023635,Gilbert,18-24,2,147.0,89,73,6
F010632,Peoria,18-24,2,147.0,94,87,6
F023226,Phoenix,35-44,2,147.0,72,58,6
F033625,Phoenix,18-24,2,147.0,102,87,6
F045544,Phoenix,35-44,2,147.0,114,100,6
F048472,Peoria,35-44,2,147.0,94,72,6
F050079,Phoenix,55-64,2,147.0,94,87,6
F070561,Phoenix,35-44,2,146.0,76,87,6
F034012,Phoenix,55-64,2,146.0,122,84,5
F003329,Phoenix,25-34,2,145.0,76,68,6
F024523,Chandler,45-54,2,145.0,122,70,5
F029281,Mesa,35-44,2,145.0,107,100,6
F025844,Mesa,25-34,2,145.0,107,68,6
F060728,Tempe,35-44,2,145.0,86,87,6
F011970,Tempe,25-34,2,145.0,72,80,6
F030941,Glendale,18-24,2,145.0,114,60,6
F010366,Mesa,18-24,2,145.0,89,84,6
F019927,Scottsdale,25-34,2,145.0,114,90,6
F050060,Mesa,45-54,2,145.0,158,77,5
F056821,Tempe,35-44,2,144.0,98,67,6
F067849,Chandler,25-34,2,144.0,76,80,6
F064761,Tempe,25-34,2,144.0,94,100,6
F049445,Peoria,18-24,2,144.0,128,80,5
F045223,Scottsdale,45-54,2,143.0,166,60,5
F008722,Phoenix,25-34,2,143.0,132,50,5
F003909,Glendale,35-44,2,143.0,119,33,5
F020708,Tempe,35-44,2,142.0,68,100,6
F049997,Mesa,35-44,2,142.0,68,73,6
F019049,Scottsdale,25-34,2,141.0,94,80,6
F061771,Mesa,18-24,2,141.0,98,100,6
F014339,Out of State,35-44,2,141.0,128,77,5
F071891,Phoenix,18-24,2,141.0,98,80,7
F056965,Peoria,35-44,2,141.0,132,60,5
F023017,Phoenix,18-24,2,141.0,111,80,6
F064979,Phoenix,45-54,2,141.0,86,100,6
F053472,Phoenix,35-44,2,141.0,76,80,6
F067608,Chandler,35-44,2,140.0,98,90,6
F063464,Scottsdale,25-34,2,140.0,111,60,6
F035507,Tucson,25-34,2,139.0,89,80,6
F065466,Glendale,35-44,2,139.0,132,50,5
F009968,Tempe,35-44,3,139.0,98,80,7
F033439,Phoenix,25-34,2,139.0,119,80,5
F049715,Peoria,35-44,2,139.0,141,80,5
F066787,Phoenix,35-44,2,138.0,64,87,7
F010269,Phoenix,25-34,2,138.0,68,43,6
F011200,Mesa,45-54,2,138.0,166,70,5
F014793,Out of State,55-64,2,138.0,107,60,6
F063900,Scottsdale,35-44,2,138.0,102,68,6
F061232,Phoenix,25-34,2,138.0,89,85,6
F035689,Glendale,25-34,2,137.0,119,73,5
F020146,Chandler,18-24,2,137.0,64,60,7
F028408,Gilbert,25-34,2,137.0,141,90,5
F071904,Phoenix,45-54,2,137.0,119,80,6
F041303,Phoenix,35-44,2,137.0,89,100,6
F007739,Scottsdale,18-24,2,137.0,128,84,5
F054856,Out of State,65+,2,137.0,119,73,5
F006857,Scottsdale,35-44,2,137.0,111,60,6
F064748,Phoenix,35-44,3,137.0,98,84,7
F055039,Chandler,25-34,2,136.0,102,60,6
F071948,Phoenix,25-34,3,136.0,76,80,7
F016139,Glendale,25-34,2,135.0,148,40,5
F070404,Out of State,18-24,2,134.0,98,0,6
F065470,Tempe,45-54,2,134.0,102,84,6
F009420,Mesa,65+,2,134.0,148,80,5
F013857,Phoenix,25-34,2,134.0,76,84,6
F042812,Glendale,35-44,2,134.0,162,87,5
F054957,Phoenix,18-24,2,134.0,132,80,5
F072636,Chandler,25-34,2,134.0,72,20,7
F033465,Phoenix,35-44,2,134.0,119,20,5
F043114,Glendale,18-24,2,133.0,111,87,6
F056843,Chandler,25-34,2,133.0,111,80,6
F014622,Scottsdale,45-54,2,133.0,102,70,6
F012692,Phoenix,35-44,2,133.0,162,60,5
F060697,Phoenix,18-24,2,133.0,107,80,6
F068364,Scottsdale,55-64,2,133.0,107,80,6
F064219,Tempe,35-44,2,133.0,102,73,6
F034226,Out of State,45-54,2,133.0,98,60,6
F056716,Tucson,18-24,2,132.0,102,80,6
F062487,Glendale,35-44,2,132.0,119,90,5
F033838,Mesa,25-34,2,132.0,98,80,6
F050344,Phoenix,25-34,2,132.0,119,80,5
F007648,Glendale,25-34,2,132.0,102,87,6
F003200,Tucson,45-54,2,132.0,64,60,6
F038812,Phoenix,25-34,2,132.0,98,60,6
F012465,Phoenix,25-34,2,131.0,114,60,6
F042018,Phoenix,35-44,2,131.0,89,80,6
F017973,Mesa,25-34,2,131.0,94,73,6
F043616,Tempe,18-24,2,131.0,94,70,6
F039967,Scottsdale,35-44,2,131.0,102,73,6
F013727,Mesa,18-24,2,131.0,162,73,5
F012108,Tempe,25-34,2,131.0,68,60,6
F010446,Tucson,35-44,2,131.0,128,80,5
F058429,Phoenix,25-34,2,130.0,162,60,5
F070064,Phoenix,25-34,2,130.0,166,80,5
F022849,Phoenix,35-44,2,130.0,80,60,6
F005089,Scottsdale,45-54,2,130.0,76,60,6
F066656,Scottsdale,45-54,2,130.0,102,68,6
F052439,Scottsdale,35-44,2,130.0,76,60,6
F037279,Chandler,45-54,2,130.0,119,73,5
F006912,Scottsdale,18-24,2,130.0,64,100,7
F041223,Tucson,25-34,2,130.0,94,60,6
F007371,Mesa,18-24,2,130.0,128,80,5
F009427,Phoenix,18-24,2,130.0,152,76,5
F037801,Phoenix,18-24,2,130.0,107,87,6
F069693,Phoenix,18-24,2,130.0,68,73,6
F025316,Phoenix,25-34,2,129.0,152,70,5
F025669,Phoenix,18-24,2,129.0,107,87,6
F024296,Mesa,45-54,2,129.0,94,100,6
F040199,Phoenix,18-24,2,129.0,102,87,6
F023759,Phoenix,35-44,2,128.0,111,60,6
F014999,Phoenix,18-24,2,128.0,98,100,6
F043680,Phoenix,35-44,2,128.0,98,80,6
F065782,Tempe,35-44,2,128.0,72,73,6
F046225,Mesa,35-44,2,128.0,68,87,6
F044266,Tucson,35-44,2,128.0,141,90,5
F064568,Chandler,25-34,2,128.0,111,100,6
F067367,Phoenix,35-44,2,128.0,89,60,6
F071568,Phoenix,45-54,2,127.0,68,73,7
F042432,Tucson,25-34,2,127.0,152,84,5
F044774,Phoenix,45-54,2,127.0,68,80,6
F066312,Phoenix,65+,2,127.0,94,53,6
F043864,Phoenix,25-34,2,126.0,80,80,6
F057617,Out of State,35-44,2,126.0,80,67,6
F005107,Phoenix,35-44,2,126.0,122,60,5
F068832,Glendale,35-44,2,125.0,64,80,7
F052077,Peoria,25-34,2,125.0,119,100,5
F050239,Phoenix,35-44,2,125.0,72,80,6
F049833,Tempe,25-34,2,125.0,119,67,5
F064819,Tempe,18-24,2,125.0,111,80,6
F017227,Mesa,25-34,2,124.0,135,100,5
F005582,Gilbert,55-64,2,124.0,102,90,6
F047643,Tempe,18-24,2,124.0,119,40,5
F040529,Phoenix,35-44,2,124.0,98,80,6
F032689,Scottsdale,65+,2,124.0,98,70,6
F020621,Chandler,18-24,2,124.0,89,80,6
F006885,Phoenix,18-24,2,123.0,162,100,5
F041011,Peoria,35-44,2,123.0,94,60,6
F020307,Phoenix,25-34,2,123.0,80,60,6
F032635,Tempe,35-44,2,123.0,111,70,6
F004571,Chandler,35-44,3,123.0,98,73,7
F050506,Tucson,25-34,2,123.0,72,100,6
F050515,Scottsdale,55-64,2,123.0,111,60,6
F066590,Out of State,25-34,2,123.0,135,40,5
F021201,Phoenix,25-34,2,123.0,119,100,5
F043298,Phoenix,45-54,2,122.0,152,92,5
F063431,Tucson,25-34,2,122.0,141,80,5
F042415,Chandler,45-54,2,122.0,72,87,6
F018520,Out of State,45-54,2,121.0,98,33,6
F068825,Tempe,35-44,2,121.0,98,76,6
F021534,Mesa,18-24,2,121.0,152,56,5
F065823,Scottsdale,18-24,2,120.0,98,87,6
F025523,Phoenix,18-24,2,120.0,158,87,5
F028071,Tempe,45-54,2,120.0,76,87,6
F065397,Glendale,65+,2,120.0,102,60,6
F018107,Phoenix,35-44,2,120.0,111,80,6
F016689,Phoenix,35-44,2,120.0,72,60,6
F033457,Glendale,35-44,2,119.0,98,60,6
F006364,Scottsdale,25-34,2,119.0,148,70,5
F052333,Peoria,45-54,2,119.0,72,100,6
F068125,Phoenix,35-44,2,118.0,64,60,7
F036064,Out of State,35-44,2,118.0,89,80,6
F006193,Phoenix,18-24,2,118.0,98,87,6
F069209,Chandler,25-34,2,118.0,128,70,5
F064962,Scottsdale,18-24,2,118.0,68,100,6
F039488,Chandler,45-54,2,118.0,132,68,5
F004464,Scottsdale,18-24,2,118.0,98,60,6
F021675,Chandler,18-24,2,118.0,98,40,6
F063089,Phoenix,35-44,2,117.0,76,100,6
F004770,Phoenix,18-24,2,117.0,98,60,6
F043964,Glendale,25-34,2,117.0,89,87,6
F017229,Out of State,35-44,2,117.0,102,60,6
F009297,Mesa,45-54,2,117.0,94,100,6
F043622,Phoenix,55-64,2,116.0,86,60,6
F067267,Scottsdale,25-34,2,116.0,102,67,6
F064968,Mesa,45-54,2,116.0,158,70,5
F044177,Out of State,35-44,2,116.0,89,73,6
F066403,Mesa,18-24,2,115.0,72,73,6
F061909,Tucson,25-34,2,115.0,158,80,5
F045643,Tempe,25-34,2,115.0,89,70,6
F038347,Scottsdale,25-34,2,115.0,94,60,6
F026746,Tempe,25-34,2,115.0,98,92,6
F019798,Out of State,35-44,2,114.0,68,60,6
F015018,Glendale,35-44,2,114.0,68,40,6
F056421,Phoenix,35-44,2,114.0,89,73,6
F054172,Phoenix,18-24,2,114.0,135,90,5
F026291,Mesa,25-34,2,113.0,107,60,6
F053755,Tempe,25-34,2,113.0,158,67,5
F050385,Chandler,18-24,2,113.0,89,27,6
F040779,Scottsdale,25-34,2,113.0,152,80,5
F010325,Tempe,18-24,2,113.0,158,87,5
F027571,Mesa,45-54,2,111.0,141,40,5
F004817,Scottsdale,45-54,2,111.0,148,60,5
F067586,Phoenix,55-64,2,111.0,122,60,5
F068338,Phoenix,18-24,2,111.0,148,87,5
F039996,Mesa,35-44,2,110.0,89,80,6
F038912,Phoenix,35-44,2,110.0,94,73,6
F034871,Gilbert,45-54,2,110.0,122,60,5
F047847,Tempe,25-34,2,110.0,122,87,5
F008651,Mesa,45-54,2,110.0,102,47,6
F006684,Phoenix,35-44,2,108.0,102,50,6
F010398,Scottsdale,35-44,2,108.0,76,70,6
F046040,Phoenix,18-24,2,108.0,80,80,6
F010761,Phoenix,25-34,2,107.0,68,60,6
F071617,Glendale,25-34,2,107.0,98,60,7
F034380,Scottsdale,25-34,2,107.0,76,60,6
F032529,Gilbert,25-34,2,106.0,107,89,6
F012966,Scottsdale,18-24,2,105.0,72,30,6
F051030,Tempe,18-24,2,105.0,98,80,6
F069550,Mesa,35-44,2,103.0,80,100,6
F034251,Gilbert,18-24,2,102.0,64,67,7
F057578,Tucson,18-24,2,102.0,114,60,6
F009484,Mesa,55-64,2,102.0,80,80,6
F051248,Tempe,45-54,2,102.0,114,60,6
F036798,Phoenix,45-54,2,100.0,68,60,6
F053333,Phoenix,18-24,2,99.0,119,100,5
F050177,Out of State,55-64,2,98.0,89,70,6
F012629,Phoenix,25-34,2,97.0,107,100,6
F005338,Phoenix,35-44,2,96.0,111,100,6
F041665,Phoenix,55-64,2,95.0,76,60,6
F045216,Glendale,45-54,2,93.0,94,100,6
F051090,Phoenix,25-34,2,92.0,80,100,6
F009285,Glendale,35-44,2,91.0,135,70,5
F030216,Phoenix,18-24,2,91.0,132,90,5
F063386,Gilbert,25-34,2,91.0,98,80,6
F065394,Phoenix,18-24,2,90.0,141,90,5
F024103,Phoenix,25-34,2,89.0,111,80,6
F048227,Scottsdale,25-34,2,89.0,119,87,5
F035828,Tucson,35-44,2,88.0,166,87,5
F044856,Scottsdale,18-24,2,88.0,135,87,5
F020208,Tempe,35-44,2,87.0,111,80,6
F026312,Phoenix,55-64,2,87.0,128,60,5
F056320,Tempe,35-44,2,86.0,119,60,5
F062763,Mesa,18-24,2,86.0,72,100,6
F039753,Chandler,18-24,2,86.0,98,76,6
F059429,Phoenix,35-44,2,85.0,166,73,5
F022744,Tempe,25-34,2,80.0,107,100,6
F038263,Phoenix,45-54,2,79.0,107,73,6
F063350,Tempe,25-34,2,74.0,94,87,6
