fan_id,city,age_group,segment,games_purchased,tickets_purchased,total_spend,avg_price_paid,engagement_score,spend_decile
F036062,Peoria,25-34,High-Value Fan,32,68,30148.0,443.35,53,1
F039101,Chandler,25-34,High-Value Fan,24,66,29374.0,445.07,79,1
F069310,Scottsdale,45-54,High-Value Fan,24,63,27751.0,440.49,97,1
F062527,Chandler,18-24,High-Value Fan,22,58,27310.0,470.86,58,1
F059021,Phoenix,35-44,High-Value Fan,22,59,27205.0,461.11,95,1
F032838,Scottsdale,45-54,High-Value Fan,24,61,26069.0,427.36,99,1
F004348,Mesa,25-34,High-Value Fan,22,54,23612.0,437.27,59,1
F018546,Phoenix,18-24,High-Value Fan,21,49,23342.0,476.36,90,1
F064068,Chandler,25-34,High-Value Fan,20,52,23284.0,447.78,100,1
F018055,Phoenix,25-34,High-Value Fan,18,54,23149.0,428.69,60,1
F003948,Phoenix,18-24,High-Value Fan,17,50,21677.0,433.54,59,1
F007697,Chandler,35-44,High-Value Fan,17,48,20261.0,422.11,99,1
F035747,Chandler,35-44,High-Value Fan,21,46,20220.0,439.55,97,1
F071503,Tempe,35-44,High-Value Fan,10,42,19768.0,470.68,68,1
F005033,Mesa,25-34,High-Value Fan,40,103,19483.0,189.16,95,1
F052645,Mesa,18-24,High-Value Fan,18,43,19449.0,452.3,59,1
F027053,Peoria,18-24,High-Value Fan,34,96,19195.0,199.95,53,1
F032754,Phoenix,25-34,High-Value Fan,16,43,19014.0,442.19,53,1
F027389,Out of State,35-44,High-Value Fan,12,41,18500.0,451.22,74,1
F004826,Peoria,35-44,High-Value Fan,33,85,17732.0,208.61,55,1
F012412,Peoria,25-34,High-Value Fan,13,36,17636.0,489.88,93,1
F031881,Glendale,45-54,High-Value Fan,15,38,17608.0,463.36,97,1
F057927,Tempe,45-54,High-Value Fan,14,36,17503.0,486.2,98,1
F051663,Phoenix,25-34,High-Value Fan,14,38,17403.0,457.96,52,1
F035503,Scottsdale,18-24,High-Value Fan,13,40,17336.0,433.4,52,1
F045217,Glendale,35-44,High-Value Fan,35,88,16605.0,188.7,97,1
F053600,Gilbert,35-44,High-Value Fan,14,34,16166.0,475.48,60,1
F052723,Chandler,25-34,High-Value Fan,16,39,16157.0,414.29,98,1
F033338,Gilbert,18-24,High-Value Fan,13,37,15959.0,431.33,60,1
F034389,Phoenix,25-34,High-Value Fan,14,36,15891.0,441.4,60,1
F013108,Glendale,35-44,High-Value Fan,11,32,15848.0,495.26,60,1
F005845,Out of State,18-24,High-Value Fan,33,84,15833.0,188.48,99,1
F022719,Mesa,35-44,High-Value Fan,11,35,15820.0,452.01,100,1
F060868,Tempe,35-44,High-Value Fan,11,35,15688.0,448.23,50,1
F037091,Glendale,35-44,High-Value Fan,16,36,15646.0,434.62,45,1
F026335,Mesa,35-44,High-Value Fan,36,102,15620.0,153.14,93,1
F005195,Mesa,35-44,High-Value Fan,13,33,15574.0,471.93,73,1
F048183,Scottsdale,35-44,High-Value Fan,14,32,15558.0,486.2,66,1
F010544,Mesa,18-24,High-Value Fan,14,32,15428.0,482.11,80,1
F018301,Chandler,35-44,High-Value Fan,10,33,15373.0,465.84,100,1
F024899,Chandler,45-54,High-Value Fan,11,33,15099.0,457.54,78,1
F031248,Mesa,35-44,High-Value Fan,13,32,14583.0,455.71,98,1
F062221,Mesa,18-24,High-Value Fan,33,94,14461.0,153.84,92,1
F062039,Glendale,35-44,High-Value Fan,10,34,14453.0,425.08,93,1
F028316,Out of State,55-64,High-Value Fan,33,93,14361.0,154.41,56,1
F068898,Phoenix,55-64,High-Value Fan,24,69,14308.0,207.36,97,1
F031044,Gilbert,45-54,High-Value Fan,34,94,14269.0,151.8,52,1
F012134,Tempe,18-24,High-Value Fan,13,33,14241.0,431.55,96,1
F068906,Out of State,35-44,High-Value Fan,27,75,14162.0,188.82,94,1
F072424,Phoenix,18-24,High-Value Fan,11,29,13995.0,482.6,72,1
F058661,Phoenix,25-34,High-Value Fan,12,30,13893.0,463.09,80,1
F020150,Glendale,35-44,High-Value Fan,27,73,13797.0,189.0,98,1
F051756,Phoenix,25-34,High-Value Fan,37,87,13264.0,152.46,95,1
F052849,Scottsdale,45-54,At-Risk Fan,11,29,13233.0,456.32,54,1
F027049,Mesa,45-54,High-Value Fan,13,29,13165.0,453.95,78,1
F068713,Glendale,45-54,High-Value Fan,31,94,13091.0,139.26,98,1
F017866,Glendale,35-44,At-Risk Fan,9,28,12971.0,463.24,76,1
F014488,Out of State,35-44,High-Value Fan,13,28,12915.0,461.24,74,1
F005186,Gilbert,35-44,High-Value Fan,29,69,12890.0,186.81,46,1
F060070,Mesa,45-54,High-Value Fan,10,26,12886.0,495.62,60,1
F033061,Glendale,25-34,High-Value Fan,28,80,12760.0,159.5,58,1
F072519,Phoenix,25-34,High-Value Fan,13,30,12674.0,422.47,58,1
F063791,Phoenix,45-54,High-Value Fan,32,80,12630.0,157.88,99,1
F057254,Glendale,18-24,High-Value Fan,10,28,12573.0,449.03,98,1
F054788,Phoenix,35-44,High-Value Fan,33,80,12517.0,156.46,97,1
F060946,Out of State,18-24,High-Value Fan,32,81,12400.0,153.09,98,1
F057949,Scottsdale,35-44,High-Value Fan,10,29,12337.0,425.42,76,1
F049737,Out of State,35-44,At-Risk Fan,11,27,12304.0,455.7,51,1
F028909,Scottsdale,25-34,High-Value Fan,24,60,12271.0,204.52,91,1
F027476,Gilbert,18-24,High-Value Fan,13,31,12262.0,395.56,60,1
F047859,Phoenix,45-54,High-Value Fan,28,61,12204.0,200.07,100,1
F051680,Phoenix,18-24,High-Value Fan,25,66,12175.0,184.48,100,1
F017782,Phoenix,35-44,High-Value Fan,11,27,12124.0,449.03,47,1
F067158,Gilbert,25-34,High-Value Fan,9,26,11920.0,458.46,55,1
F065597,Phoenix,35-44,High-Value Fan,25,59,11880.0,201.36,100,1
F036723,Tempe,18-24,High-Value Fan,9,27,11752.0,435.27,60,1
F003240,Phoenix,25-34,High-Value Fan,19,60,11724.0,195.4,99,1
F006008,Phoenix,18-24,High-Value Fan,26,81,11676.0,144.15,59,1
F011439,Tempe,25-34,High-Value Fan,26,80,11663.0,145.78,100,1
F061556,Phoenix,45-54,High-Value Fan,22,59,11628.0,197.09,56,1
F020923,Tempe,45-54,High-Value Fan,31,77,11559.0,150.12,89,1
F063084,Mesa,35-44,High-Value Fan,30,73,11484.0,157.31,78,1
F031661,Scottsdale,18-24,High-Value Fan,9,25,11475.0,459.02,60,1
F035252,Mesa,18-24,High-Value Fan,8,25,11350.0,454.01,78,1
F025814,Chandler,45-54,High-Value Fan,26,73,11345.0,155.42,89,1
F029335,Out of State,18-24,High-Value Fan,8,26,11337.0,436.06,80,1
F024464,Chandler,18-24,High-Value Fan,8,24,11297.0,470.7,100,1
F044850,Out of State,45-54,High-Value Fan,18,52,11226.0,215.89,57,1
F045991,Mesa,35-44,High-Value Fan,27,70,11200.0,160.0,99,1
F042033,Tempe,18-24,High-Value Fan,10,25,11195.0,447.81,53,1
F012830,Out of State,18-24,High-Value Fan,9,23,11193.0,486.67,52,1
F011971,Chandler,35-44,High-Value Fan,13,28,11192.0,399.71,76,1
F036379,Tucson,45-54,High-Value Fan,22,54,11179.0,207.01,91,1
F023751,Scottsdale,25-34,High-Value Fan,21,51,11169.0,219.0,55,1
F058850,Tempe,55-64,High-Value Fan,25,87,11159.0,128.26,56,1
F050808,Mesa,18-24,High-Value Fan,21,74,11145.0,150.61,58,1
F068735,Mesa,25-34,High-Value Fan,15,66,11134.0,168.7,78,1
F069124,Phoenix,35-44,High-Value Fan,9,20,11130.0,556.5,60,1
F023009,Phoenix,35-44,High-Value Fan,16,50,11122.0,222.44,58,1
F028421,Tempe,18-24,High-Value Fan,9,24,11112.0,463.02,60,1
F070602,Chandler,18-24,High-Value Fan,31,69,11093.0,160.77,99,1
F057734,Scottsdale,35-44,High-Value Fan,32,69,11069.0,160.42,91,1
F036403,Gilbert,45-54,High-Value Fan,9,23,11029.0,479.53,50,1
F057039,Scottsdale,25-34,High-Value Fan,22,57,11009.0,193.14,99,1
F053106,Scottsdale,25-34,High-Value Fan,22,54,11001.0,203.73,99,1
F004540,Chandler,18-24,High-Value Fan,10,24,10990.0,457.92,77,1
F031900,Phoenix,35-44,High-Value Fan,22,57,10972.0,192.49,100,1
F068783,Chandler,25-34,High-Value Fan,28,72,10962.0,152.25,99,1
F047539,Chandler,35-44,High-Value Fan,22,56,10899.0,194.63,57,1
F063711,Phoenix,18-24,High-Value Fan,18,53,10877.0,205.22,57,1
F013045,Out of State,18-24,High-Value Fan,10,24,10871.0,452.97,100,1
F028199,Scottsdale,35-44,At-Risk Fan,11,23,10783.0,468.83,81,1
F024062,Phoenix,25-34,High-Value Fan,25,67,10780.0,160.89,52,1
F017944,Phoenix,45-54,High-Value Fan,8,21,10737.0,511.27,73,1
F026820,Chandler,35-44,High-Value Fan,20,72,10694.0,148.53,99,1
F015042,Glendale,25-34,High-Value Fan,10,24,10688.0,445.34,71,1
F011884,Phoenix,25-34,High-Value Fan,8,26,10672.0,410.44,49,1
F021613,Phoenix,18-24,High-Value Fan,11,24,10640.0,443.35,60,1
F033326,Scottsdale,18-24,High-Value Fan,10,24,10639.0,443.29,80,1
F006082,Gilbert,65+,High-Value Fan,29,70,10589.0,151.27,97,1
F048827,Phoenix,25-34,High-Value Fan,10,24,10577.0,440.71,100,1
F004190,Peoria,45-54,High-Value Fan,29,69,10566.0,153.14,96,1
F010085,Tucson,25-34,High-Value Fan,27,62,10526.0,169.77,95,1
F016988,Scottsdale,25-34,High-Value Fan,18,47,10520.0,223.82,79,1
F028283,Phoenix,18-24,High-Value Fan,16,61,10479.0,171.79,97,1
F008464,Chandler,25-34,High-Value Fan,9,21,10453.0,497.78,87,1
F037833,Phoenix,25-34,High-Value Fan,6,24,10434.0,434.74,87,1
F033495,Out of State,18-24,High-Value Fan,8,21,10425.0,496.41,89,1
F028851,Gilbert,18-24,High-Value Fan,31,67,10412.0,155.4,97,1
F005532,Glendale,25-34,High-Value Fan,10,23,10292.0,447.48,57,1
F013885,Phoenix,35-44,High-Value Fan,16,65,10253.0,157.75,100,1
F019997,Scottsdale,35-44,High-Value Fan,11,26,10235.0,393.64,91,1
F061386,Tempe,35-44,High-Value Fan,6,19,10222.0,537.98,60,1
F043583,Gilbert,35-44,High-Value Fan,8,21,10173.0,484.43,87,1
F013321,Phoenix,18-24,High-Value Fan,19,64,10169.0,158.9,57,1
F050407,Tempe,18-24,High-Value Fan,18,49,10164.0,207.44,58,1
F034014,Phoenix,35-44,High-Value Fan,11,25,10160.0,406.39,60,1
F051055,Phoenix,25-34,High-Value Fan,7,22,10148.0,461.27,57,1
F047490,Phoenix,18-24,High-Value Fan,19,51,10124.0,198.51,98,1
F034062,Tempe,25-34,High-Value Fan,18,47,10101.0,214.92,94,1
F055703,Glendale,35-44,High-Value Fan,26,66,10099.0,153.02,53,1
F030111,Tucson,25-34,High-Value Fan,7,20,10054.0,502.69,85,1
F012963,Tempe,18-24,High-Value Fan,22,54,10050.0,186.11,92,1
F056048,Phoenix,45-54,High-Value Fan,20,70,10044.0,143.49,96,1
F064214,Out of State,18-24,High-Value Fan,13,61,10043.0,164.63,58,1
F023023,Scottsdale,18-24,High-Value Fan,9,21,9951.0,473.87,60,1
F031720,Phoenix,25-34,High-Value Fan,10,23,9951.0,432.64,75,1
F009186,Phoenix,45-54,High-Value Fan,8,24,9928.0,413.66,100,1
F055612,Out of State,25-34,High-Value Fan,20,49,9911.0,202.26,71,1
F048625,Chandler,25-34,High-Value Fan,10,25,9872.0,394.87,78,1
F003306,Phoenix,35-44,High-Value Fan,16,47,9819.0,208.92,100,1
F024444,Tucson,65+,High-Value Fan,12,25,9813.0,392.52,80,1
F040508,Tempe,18-24,High-Value Fan,9,23,9787.0,425.52,100,1
F057609,Scottsdale,35-44,High-Value Fan,16,46,9786.0,212.74,84,1
F013177,Tempe,35-44,High-Value Fan,17,52,9776.0,188.0,97,1
F032801,Phoenix,35-44,High-Value Fan,18,48,9732.0,202.75,52,1
F050383,Glendale,25-34,High-Value Fan,8,20,9720.0,485.98,60,1
F043044,Mesa,18-24,High-Value Fan,8,20,9710.0,485.49,60,1
F055798,Scottsdale,35-44,High-Value Fan,18,51,9693.0,190.05,53,1
F016854,Phoenix,18-24,High-Value Fan,6,19,9646.0,507.67,73,1
F046472,Scottsdale,35-44,High-Value Fan,5,18,9635.0,535.26,80,1
F041655,Tempe,35-44,At-Risk Fan,5,19,9634.0,507.06,80,1
F011134,Glendale,25-34,High-Value Fan,8,20,9621.0,481.05,100,1
F025450,Phoenix,25-34,High-Value Fan,9,23,9617.0,418.13,80,1
F053061,Glendale,55-64,High-Value Fan,19,49,9585.0,195.62,94,1
F018953,Phoenix,35-44,High-Value Fan,15,69,9577.0,138.79,100,1
F063564,Phoenix,25-34,High-Value Fan,15,43,9463.0,220.07,99,1
F039174,Gilbert,45-54,High-Value Fan,17,46,9413.0,204.64,52,1
F045008,Mesa,35-44,High-Value Fan,14,59,9410.0,159.49,58,1
F030004,Phoenix,25-34,High-Value Fan,10,20,9397.0,469.84,82,1
F025873,Gilbert,25-34,High-Value Fan,6,20,9389.0,469.47,60,1
F060213,Scottsdale,18-24,High-Value Fan,5,18,9351.0,519.5,100,1
F050304,Phoenix,25-34,High-Value Fan,12,55,9347.0,169.94,93,1
F026944,Tucson,18-24,At-Risk Fan,11,24,9318.0,388.24,98,1
F021358,Scottsdale,18-24,High-Value Fan,8,51,9283.0,182.03,67,1
F043431,Phoenix,55-64,At-Risk Fan,9,20,9279.0,463.93,70,1
F060051,Glendale,25-34,High-Value Fan,9,22,9242.0,420.11,86,1
F062936,Mesa,35-44,High-Value Fan,8,20,9239.0,461.97,84,1
F057057,Tucson,35-44,High-Value Fan,14,58,9227.0,159.09,98,1
F068675,Out of State,25-34,At-Risk Fan,10,22,9196.0,418.02,89,1
F054739,Mesa,45-54,High-Value Fan,17,50,9193.0,183.86,89,1
F017437,Peoria,35-44,High-Value Fan,9,56,9169.0,163.74,97,1
F054684,Phoenix,45-54,High-Value Fan,19,57,9164.0,160.78,79,1
F057954,Phoenix,35-44,High-Value Fan,25,61,9161.0,150.18,59,1
F049605,Out of State,25-34,High-Value Fan,9,53,9152.0,172.69,58,1
F053554,Tucson,25-34,High-Value Fan,26,60,9148.0,152.47,96,1
F057921,Out of State,35-44,High-Value Fan,24,64,9131.0,142.68,57,1
F008333,Out of State,18-24,High-Value Fan,21,58,9126.0,157.35,96,1
F056659,Out of State,18-24,High-Value Fan,24,44,9097.0,206.75,90,1
F028735,Phoenix,35-44,High-Value Fan,21,64,9087.0,141.99,99,1
F066861,Phoenix,25-34,High-Value Fan,21,57,9081.0,159.31,56,1
F054426,Tempe,25-34,High-Value Fan,5,16,9080.0,567.52,80,1
F056162,Mesa,18-24,High-Value Fan,19,45,9077.0,201.72,52,1
F047422,Phoenix,25-34,High-Value Fan,21,57,8994.0,157.79,100,1
F057507,Phoenix,25-34,High-Value Fan,21,56,8986.0,160.47,99,1
F007467,Phoenix,18-24,High-Value Fan,18,46,8952.0,194.62,57,1
F034271,Out of State,25-34,High-Value Fan,24,56,8925.0,159.38,97,1
F041054,Phoenix,35-44,High-Value Fan,21,56,8910.0,159.11,46,1
F042254,Scottsdale,18-24,High-Value Fan,10,21,8900.0,423.82,69,1
F017577,Scottsdale,35-44,High-Value Fan,18,47,8896.0,189.27,89,1
F012536,Phoenix,45-54,High-Value Fan,19,41,8862.0,216.14,100,1
F040603,Glendale,18-24,High-Value Fan,14,45,8857.0,196.83,99,1
F063399,Phoenix,35-44,At-Risk Fan,17,44,8807.0,200.17,62,1
F035130,Gilbert,25-34,High-Value Fan,7,21,8787.0,418.43,97,1
F037245,Out of State,35-44,High-Value Fan,11,21,8767.0,417.5,81,1
F014340,Phoenix,18-24,High-Value Fan,12,42,8755.0,208.45,60,1
F070558,Scottsdale,18-24,High-Value Fan,20,43,8731.0,203.06,96,1
F021137,Chandler,35-44,High-Value Fan,9,21,8712.0,414.87,91,1
F010361,Chandler,45-54,High-Value Fan,8,18,8685.0,482.47,97,1
F027652,Mesa,18-24,High-Value Fan,22,56,8636.0,154.21,98,1
F045870,Phoenix,35-44,High-Value Fan,23,59,8632.0,146.3,97,1
F029945,Chandler,45-54,High-Value Fan,16,39,8624.0,221.13,60,1
F004221,Mesa,18-24,High-Value Fan,17,41,8599.0,209.73,80,1
F027548,Chandler,45-54,High-Value Fan,15,41,8593.0,209.58,97,1
F036312,Scottsdale,25-34,High-Value Fan,7,18,8587.0,477.05,100,1
F005989,Gilbert,25-34,High-Value Fan,22,52,8568.0,164.76,52,1
F054367,Tempe,35-44,High-Value Fan,12,52,8567.0,164.75,43,1
F040112,Mesa,25-34,High-Value Fan,20,43,8505.0,197.78,53,1
F042821,Chandler,45-54,High-Value Fan,14,47,8497.0,180.78,59,1
F005621,Scottsdale,25-34,High-Value Fan,7,19,8485.0,446.57,87,1
F039038,Phoenix,25-34,High-Value Fan,18,50,8479.0,169.59,67,1
F027140,Phoenix,25-34,High-Value Fan,22,54,8477.0,156.98,56,1
F072761,Glendale,45-54,High-Value Fan,22,53,8474.0,159.89,99,1
F025060,Chandler,18-24,High-Value Fan,18,39,8466.0,217.07,74,1
F023127,Scottsdale,18-24,High-Value Fan,7,18,8454.0,469.65,100,1
F050616,Chandler,35-44,At-Risk Fan,7,21,8453.0,402.52,80,1
F021151,Tucson,18-24,High-Value Fan,25,57,8439.0,148.06,55,1
F060480,Chandler,35-44,High-Value Fan,20,52,8411.0,161.76,98,1
F027395,Chandler,45-54,High-Value Fan,21,58,8411.0,145.02,58,1
F038017,Peoria,18-24,High-Value Fan,20,55,8407.0,152.85,56,1
F028492,Phoenix,45-54,High-Value Fan,20,51,8404.0,164.79,100,1
F050520,Mesa,45-54,High-Value Fan,18,44,8391.0,190.71,89,1
F008279,Scottsdale,45-54,High-Value Fan,20,51,8357.0,163.86,59,1
F062355,Out of State,18-24,High-Value Fan,21,53,8355.0,157.65,74,1
F037880,Gilbert,35-44,High-Value Fan,16,44,8350.0,189.77,72,1
F054173,Scottsdale,18-24,High-Value Fan,21,51,8347.0,163.67,58,1
F067418,Phoenix,25-34,High-Value Fan,5,19,8338.0,438.86,100,1
F007949,Phoenix,25-34,High-Value Fan,13,43,8301.0,193.05,57,1
F017818,Phoenix,35-44,High-Value Fan,9,18,8301.0,461.16,47,1
F025918,Phoenix,35-44,High-Value Fan,7,21,8288.0,394.67,87,1
F060454,Out of State,25-34,High-Value Fan,19,52,8258.0,158.82,46,1
F024825,Tucson,25-34,High-Value Fan,16,46,8245.0,179.25,100,1
F068876,Phoenix,35-44,High-Value Fan,15,42,8216.0,195.62,60,1
F070492,Mesa,18-24,High-Value Fan,5,16,8185.0,511.55,100,1
F050625,Phoenix,18-24,High-Value Fan,17,53,8183.0,154.4,100,1
F049221,Scottsdale,25-34,High-Value Fan,15,39,8149.0,208.95,60,1
F008668,Scottsdale,18-24,At-Risk Fan,10,20,8147.0,407.34,94,1
F057945,Chandler,25-34,High-Value Fan,18,51,8128.0,159.38,60,1
F048188,Scottsdale,25-34,At-Risk Fan,7,52,8124.0,156.23,84,1
F054598,Phoenix,18-24,High-Value Fan,15,41,8123.0,198.12,90,1
F011069,Gilbert,35-44,High-Value Fan,19,51,8102.0,158.87,93,1
F071504,Mesa,35-44,High-Value Fan,16,47,8092.0,172.18,41,1
F066446,Phoenix,25-34,High-Value Fan,16,38,8091.0,212.91,52,1
F005890,Mesa,45-54,High-Value Fan,16,41,8056.0,196.49,54,1
F034241,Tempe,35-44,High-Value Fan,22,53,8046.0,151.82,53,1
F058228,Phoenix,18-24,High-Value Fan,13,37,8032.0,217.09,95,1
F036555,Tempe,35-44,High-Value Fan,17,43,8028.0,186.69,53,1
F065040,Phoenix,45-54,High-Value Fan,16,52,8016.0,154.15,95,1
F066094,Phoenix,45-54,High-Value Fan,19,42,8001.0,190.5,56,1
F042896,Gilbert,35-44,High-Value Fan,11,19,7984.0,420.23,87,1
F065647,Phoenix,35-44,High-Value Fan,17,43,7971.0,185.37,99,1
F017411,Gilbert,45-54,High-Value Fan,6,19,7964.0,419.18,74,1
F049681,Tempe,25-34,High-Value Fan,5,17,7954.0,467.9,100,1
F024643,Phoenix,55-64,High-Value Fan,21,49,7943.0,162.1,58,1
F038192,Tempe,25-34,High-Value Fan,8,20,7942.0,397.12,39,1
F011717,Phoenix,25-34,High-Value Fan,9,17,7928.0,466.34,76,1
F007583,Mesa,45-54,High-Value Fan,5,19,7911.0,416.35,80,1
F027486,Gilbert,25-34,High-Value Fan,6,17,7880.0,463.53,60,1
F071427,Tempe,25-34,High-Value Fan,5,16,7875.0,492.19,100,1
F014349,Chandler,55-64,High-Value Fan,16,55,7854.0,142.79,58,1
F048743,Mesa,25-34,High-Value Fan,17,48,7841.0,163.35,92,1
F003205,Scottsdale,25-34,High-Value Fan,12,35,7839.0,223.98,58,1
F027223,Mesa,45-54,High-Value Fan,20,50,7787.0,155.73,55,1
F013831,Phoenix,35-44,High-Value Fan,7,17,7781.0,457.69,56,1
F039533,Phoenix,35-44,High-Value Fan,14,50,7772.0,155.45,63,1
F041287,Tempe,18-24,High-Value Fan,17,50,7767.0,155.34,94,1
F037810,Gilbert,18-24,High-Value Fan,16,43,7765.0,180.59,76,1
F007827,Scottsdale,45-54,High-Value Fan,5,17,7757.0,456.26,100,1
F005486,Peoria,18-24,High-Value Fan,22,52,7734.0,148.74,94,1
F005712,Phoenix,25-34,High-Value Fan,7,18,7674.0,426.34,60,1
F066011,Phoenix,25-34,High-Value Fan,11,51,7669.0,150.37,59,1
F071472,Out of State,18-24,At-Risk Fan,7,17,7668.0,451.08,60,1
F034249,Phoenix,35-44,High-Value Fan,6,16,7665.0,479.05,100,1
F036045,Phoenix,18-24,High-Value Fan,16,49,7659.0,156.31,59,1
F065773,Chandler,35-44,High-Value Fan,18,48,7658.0,159.53,80,1
F038820,Mesa,25-34,High-Value Fan,17,43,7648.0,177.85,89,1
F009373,Out of State,35-44,High-Value Fan,9,17,7647.0,449.83,80,1
F024558,Chandler,45-54,High-Value Fan,17,50,7641.0,152.81,60,1
F023177,Tempe,25-34,High-Value Fan,17,50,7614.0,152.28,95,1
F041898,Phoenix,35-44,High-Value Fan,8,15,7610.0,507.3,96,1
F068333,Phoenix,25-34,High-Value Fan,11,20,7561.0,378.06,91,1
F041955,Out of State,25-34,High-Value Fan,12,34,7557.0,222.25,60,1
F071506,Peoria,35-44,High-Value Fan,19,50,7539.0,150.79,100,1
F027785,Phoenix,35-44,High-Value Fan,10,53,7499.0,141.49,60,1
F031094,Phoenix,25-34,High-Value Fan,15,56,7490.0,133.75,85,1
F021845,Phoenix,35-44,High-Value Fan,19,43,7483.0,174.01,54,1
F030011,Chandler,35-44,High-Value Fan,16,46,7477.0,162.53,79,1
F019424,Phoenix,45-54,High-Value Fan,18,44,7470.0,169.78,57,1
F056091,Mesa,25-34,High-Value Fan,6,16,7467.0,466.69,55,1
F034534,Tempe,55-64,High-Value Fan,15,39,7460.0,191.29,54,1
F067008,Scottsdale,45-54,High-Value Fan,7,18,7453.0,414.06,80,1
F027037,Chandler,25-34,High-Value Fan,8,17,7451.0,438.31,56,1
F003536,Scottsdale,35-44,High-Value Fan,6,18,7441.0,413.41,30,1
F030707,Tempe,18-24,High-Value Fan,20,48,7420.0,154.58,83,1
F036349,Tucson,55-64,High-Value Fan,11,37,7396.0,199.9,55,1
F024900,Chandler,35-44,High-Value Fan,15,42,7377.0,175.65,100,1
F017009,Mesa,35-44,High-Value Fan,21,48,7371.0,153.56,89,1
F018242,Phoenix,25-34,High-Value Fan,7,16,7369.0,460.55,73,1
F034939,Out of State,35-44,High-Value Fan,14,34,7340.0,215.88,98,1
F009347,Glendale,45-54,High-Value Fan,12,32,7336.0,229.25,85,1
F058597,Mesa,35-44,At-Risk Fan,8,18,7336.0,407.54,60,1
F024663,Out of State,18-24,High-Value Fan,5,14,7333.0,523.79,100,1
F055474,Mesa,25-34,High-Value Fan,16,36,7333.0,203.7,72,1
F005964,Phoenix,45-54,High-Value Fan,12,52,7272.0,139.85,99,1
F047568,Peoria,25-34,At-Risk Fan,6,19,7271.0,382.7,74,1
F042524,Glendale,18-24,High-Value Fan,5,16,7261.0,453.84,79,1
F021500,Chandler,35-44,High-Value Fan,19,42,7253.0,172.7,97,1
F025348,Phoenix,18-24,High-Value Fan,14,37,7249.0,195.91,87,1
F072880,Chandler,18-24,High-Value Fan,9,17,7234.0,425.52,46,1
F062217,Chandler,45-54,High-Value Fan,5,16,7227.0,451.68,76,1
F063298,Mesa,65+,At-Risk Fan,5,13,7207.0,554.37,66,1
F034943,Phoenix,45-54,High-Value Fan,15,41,7195.0,175.5,56,1
F021630,Phoenix,35-44,High-Value Fan,16,48,7183.0,149.64,86,1
F014056,Peoria,25-34,High-Value Fan,11,36,7170.0,199.17,60,1
F060877,Mesa,35-44,High-Value Fan,13,34,7164.0,210.71,100,1
F019664,Phoenix,25-34,High-Value Fan,7,16,7151.0,446.95,60,1
F023101,Phoenix,25-34,High-Value Fan,13,41,7128.0,173.85,56,1
F052113,Phoenix,25-34,High-Value Fan,7,16,7114.0,444.63,83,1
F004347,Mesa,35-44,High-Value Fan,19,47,7107.0,151.22,73,1
F031374,Gilbert,18-24,High-Value Fan,11,50,7104.0,142.08,60,1
F031166,Phoenix,45-54,High-Value Fan,12,36,7097.0,197.14,50,1
F045390,Phoenix,18-24,High-Value Fan,17,51,7094.0,139.1,60,1
F066076,Phoenix,45-54,High-Value Fan,8,19,7091.0,373.23,60,1
F012434,Phoenix,35-44,High-Value Fan,5,16,7091.0,443.18,60,1
F065033,Peoria,55-64,High-Value Fan,12,50,7086.0,141.72,84,1
F007897,Mesa,45-54,High-Value Fan,5,17,7083.0,416.63,60,1
F066273,Tempe,45-54,High-Value Fan,14,37,7082.0,191.4,58,1
F046136,Chandler,45-54,High-Value Fan,5,13,7070.0,543.86,60,1
F013009,Phoenix,25-34,High-Value Fan,12,35,7063.0,201.79,80,1
F010800,Phoenix,25-34,High-Value Fan,5,15,7056.0,470.43,80,1
F030326,Chandler,18-24,High-Value Fan,14,35,7056.0,201.6,81,1
F007044,Tempe,18-24,High-Value Fan,10,56,7053.0,125.94,79,1
F072851,Phoenix,25-34,High-Value Fan,20,45,7049.0,156.65,59,1
F026770,Scottsdale,45-54,High-Value Fan,19,50,7039.0,140.77,76,1
F005461,Tempe,25-34,High-Value Fan,6,14,7031.0,502.21,96,1
F056933,Gilbert,35-44,High-Value Fan,15,59,7031.0,119.16,100,1
F063120,Peoria,55-64,High-Value Fan,15,34,7020.0,206.47,51,1
F029187,Scottsdale,35-44,High-Value Fan,12,33,7011.0,212.46,58,1
F059998,Phoenix,18-24,High-Value Fan,8,15,7006.0,467.08,73,1
F026125,Gilbert,55-64,High-Value Fan,11,36,7002.0,194.5,60,1
F037759,Phoenix,35-44,High-Value Fan,13,34,6994.0,205.71,58,1
F008603,Scottsdale,25-34,High-Value Fan,5,14,6990.0,499.3,86,1
F046455,Tempe,18-24,High-Value Fan,11,57,6979.0,122.43,89,1
F025736,Phoenix,55-64,High-Value Fan,18,44,6977.0,158.56,56,1
F038380,Mesa,35-44,High-Value Fan,17,41,6946.0,169.42,100,1
F039986,Chandler,18-24,At-Risk Fan,10,51,6945.0,136.17,60,1
F033612,Phoenix,25-34,High-Value Fan,7,18,6940.0,385.55,50,1
F037722,Phoenix,25-34,High-Value Fan,6,16,6939.0,433.68,100,1
F046762,Gilbert,25-34,High-Value Fan,5,15,6936.0,462.41,52,1
F018182,Phoenix,18-24,High-Value Fan,5,16,6929.0,433.04,80,1
F030087,Tucson,18-24,At-Risk Fan,5,14,6921.0,494.38,70,1
F043617,Gilbert,25-34,High-Value Fan,17,41,6920.0,168.78,60,1
F021577,Glendale,45-54,High-Value Fan,14,36,6916.0,192.12,72,1
F023431,Phoenix,25-34,High-Value Fan,7,16,6915.0,432.19,100,1
F053127,Chandler,35-44,High-Value Fan,17,38,6914.0,181.94,57,1
F026410,Peoria,45-54,High-Value Fan,12,36,6909.0,191.93,58,1
F035284,Glendale,25-34,High-Value Fan,16,36,6905.0,191.8,90,1
F025147,Glendale,25-34,High-Value Fan,15,42,6898.0,164.23,60,1
F045899,Out of State,25-34,High-Value Fan,12,37,6896.0,186.37,80,1
F072620,Phoenix,45-54,High-Value Fan,13,32,6886.0,215.19,60,1
F019957,Mesa,18-24,High-Value Fan,14,36,6872.0,190.88,68,1
F004469,Glendale,25-34,High-Value Fan,13,37,6868.0,185.63,54,1
F062990,Phoenix,35-44,High-Value Fan,17,46,6861.0,149.15,53,1
F041613,Scottsdale,35-44,High-Value Fan,12,34,6852.0,201.52,100,1
F065692,Phoenix,25-34,High-Value Fan,13,31,6837.0,220.54,58,1
F064008,Gilbert,18-24,High-Value Fan,15,44,6834.0,155.32,53,1
F004628,Tucson,35-44,High-Value Fan,11,32,6815.0,212.98,91,1
F056582,Tucson,35-44,High-Value Fan,18,44,6815.0,154.88,55,1
F032390,Peoria,25-34,High-Value Fan,6,44,6805.0,154.66,68,1
F028034,Phoenix,35-44,High-Value Fan,14,35,6802.0,194.33,53,1
F013158,Peoria,18-24,High-Value Fan,15,35,6785.0,193.86,58,1
F010773,Scottsdale,18-24,High-Value Fan,18,45,6764.0,150.32,97,1
F057146,Phoenix,25-34,High-Value Fan,14,32,6754.0,211.07,92,1
F034421,Mesa,18-24,High-Value Fan,15,43,6754.0,157.07,90,1
F015120,Tempe,25-34,At-Risk Fan,15,47,6739.0,143.39,79,1
F012993,Mesa,18-24,High-Value Fan,20,43,6739.0,156.71,76,1
F016530,Phoenix,45-54,High-Value Fan,16,45,6729.0,149.52,60,1
F050999,Phoenix,25-34,High-Value Fan,6,13,6726.0,517.36,60,1
F019287,Chandler,35-44,High-Value Fan,12,34,6725.0,197.81,60,1
F053092,Glendale,25-34,High-Value Fan,15,41,6709.0,163.63,99,1
F031404,Tucson,18-24,High-Value Fan,17,35,6708.0,191.65,50,1
F045380,Chandler,25-34,High-Value Fan,7,44,6707.0,152.44,57,1
F033596,Phoenix,35-44,High-Value Fan,7,14,6699.0,478.47,56,1
F045854,Gilbert,45-54,High-Value Fan,16,42,6698.0,159.48,56,1
F025235,Phoenix,45-54,High-Value Fan,8,16,6688.0,417.99,73,1
F042991,Tempe,18-24,High-Value Fan,15,37,6667.0,180.18,74,1
F026261,Phoenix,35-44,High-Value Fan,10,30,6663.0,222.12,84,1
F036329,Scottsdale,25-34,High-Value Fan,12,30,6660.0,222.02,96,1
F035432,Tempe,35-44,High-Value Fan,6,14,6648.0,474.86,76,1
F061013,Phoenix,45-54,High-Value Fan,11,35,6640.0,189.7,73,1
F048589,Mesa,18-24,High-Value Fan,7,15,6634.0,442.29,96,1
F042431,Scottsdale,25-34,High-Value Fan,6,15,6634.0,442.28,80,1
F052205,Out of State,55-64,High-Value Fan,12,31,6628.0,213.81,96,1
F041996,Phoenix,25-34,At-Risk Fan,5,18,6619.0,367.75,80,1
F044681,Peoria,18-24,At-Risk Fan,9,50,6614.0,132.28,87,1
F053535,Peoria,35-44,High-Value Fan,11,31,6606.0,213.08,71,1
F031691,Peoria,18-24,High-Value Fan,9,41,6602.0,161.01,39,1
F069656,Chandler,35-44,At-Risk Fan,5,15,6601.0,440.1,76,1
F064055,Phoenix,55-64,At-Risk Fan,5,16,6595.0,412.22,60,1
F018023,Out of State,35-44,High-Value Fan,9,42,6582.0,156.71,80,1
F066844,Peoria,25-34,High-Value Fan,13,36,6580.0,182.79,97,1
F041844,Phoenix,55-64,High-Value Fan,5,14,6578.0,469.82,56,1
F030200,Gilbert,35-44,High-Value Fan,13,43,6565.0,152.67,97,1
F035653,Out of State,35-44,High-Value Fan,10,34,6565.0,193.08,80,1
F041777,Mesa,18-24,High-Value Fan,14,43,6565.0,152.66,54,1
F018691,Phoenix,35-44,High-Value Fan,11,31,6547.0,211.19,90,1
F030702,Phoenix,55-64,High-Value Fan,5,13,6530.0,502.32,87,1
F052942,Chandler,55-64,High-Value Fan,14,42,6525.0,155.36,57,1
F055160,Phoenix,25-34,High-Value Fan,13,29,6519.0,224.78,60,1
F018385,Phoenix,18-24,High-Value Fan,6,13,6511.0,500.84,77,1
F020393,Tempe,55-64,High-Value Fan,6,15,6509.0,433.96,80,1
F060984,Mesa,45-54,High-Value Fan,6,14,6509.0,464.95,100,1
F007147,Chandler,25-34,High-Value Fan,7,28,6496.0,231.99,60,1
F014843,Out of State,45-54,High-Value Fan,10,30,6493.0,216.43,60,1
F012380,Tempe,25-34,High-Value Fan,9,48,6490.0,135.22,80,1
F017714,Phoenix,35-44,High-Value Fan,13,32,6481.0,202.52,58,1
F058892,Gilbert,35-44,High-Value Fan,14,40,6475.0,161.89,92,1
F040253,Phoenix,45-54,High-Value Fan,8,50,6473.0,129.45,62,1
F007365,Gilbert,35-44,High-Value Fan,5,13,6467.0,497.49,60,1
F058671,Tucson,45-54,High-Value Fan,9,45,6467.0,143.72,76,1
F030806,Scottsdale,45-54,High-Value Fan,17,42,6449.0,153.56,56,1
F054558,Scottsdale,45-54,High-Value Fan,17,42,6441.0,153.36,54,1
F051427,Scottsdale,18-24,High-Value Fan,12,31,6440.0,207.73,94,1
F031339,Phoenix,35-44,High-Value Fan,12,38,6436.0,169.36,65,1
F071773,Gilbert,25-34,High-Value Fan,13,32,6434.0,201.05,92,1
F026154,Peoria,35-44,High-Value Fan,14,37,6432.0,173.84,98,1
F063259,Tucson,35-44,At-Risk Fan,13,33,6429.0,194.82,82,1
F066825,Phoenix,18-24,High-Value Fan,15,42,6429.0,153.07,73,1
F017446,Mesa,25-34,High-Value Fan,13,34,6427.0,189.02,48,1
F059695,Scottsdale,25-34,High-Value Fan,5,16,6415.0,400.91,96,1
F004607,Chandler,45-54,At-Risk Fan,9,30,6414.0,213.8,80,1
F065955,Scottsdale,25-34,High-Value Fan,17,43,6411.0,149.09,57,1
F035682,Mesa,35-44,High-Value Fan,13,33,6408.0,194.17,60,1
F011587,Scottsdale,18-24,High-Value Fan,14,38,6387.0,168.09,97,1
F047141,Phoenix,18-24,High-Value Fan,10,32,6380.0,199.38,54,1
F055091,Phoenix,35-44,High-Value Fan,12,30,6378.0,212.59,90,1
F057607,Peoria,35-44,High-Value Fan,38,129,6359.0,49.29,96,1
F068972,Peoria,18-24,At-Risk Fan,8,28,6338.0,226.36,98,1
F012640,Gilbert,35-44,High-Value Fan,9,52,6321.0,121.56,60,1
F016609,Tempe,35-44,High-Value Fan,10,30,6312.0,210.4,50,1
F024186,Tempe,35-44,High-Value Fan,18,40,6305.0,157.63,78,1
F063269,Mesa,45-54,High-Value Fan,19,39,6283.0,161.1,97,1
F066324,Mesa,35-44,High-Value Fan,6,13,6272.0,482.5,75,1
F019344,Tempe,35-44,High-Value Fan,10,37,6266.0,169.34,100,1
F024958,Gilbert,18-24,High-Value Fan,11,32,6266.0,195.8,98,1
F072888,Tempe,25-34,High-Value Fan,15,33,6263.0,189.78,98,1
F064355,Tempe,35-44,High-Value Fan,12,33,6244.0,189.22,58,1
F022311,Scottsdale,35-44,High-Value Fan,17,41,6244.0,152.3,56,1
F045978,Phoenix,25-34,High-Value Fan,6,15,6244.0,416.27,52,1
F003880,Scottsdale,35-44,High-Value Fan,5,12,6243.0,520.22,70,1
F016164,Phoenix,25-34,High-Value Fan,12,30,6240.0,207.99,52,1
F062281,Glendale,18-24,High-Value Fan,11,30,6228.0,207.59,94,1
F022310,Peoria,35-44,High-Value Fan,5,11,6219.0,565.37,89,1
F023763,Phoenix,25-34,High-Value Fan,12,32,6219.0,194.34,87,1
F046338,Out of State,45-54,High-Value Fan,13,29,6216.0,214.36,74,1
F003913,Phoenix,45-54,High-Value Fan,7,15,6206.0,413.73,88,1
F061636,Mesa,18-24,High-Value Fan,16,43,6205.0,144.3,94,1
F012197,Out of State,55-64,High-Value Fan,7,13,6205.0,477.27,60,1
F028829,Peoria,35-44,High-Value Fan,17,43,6198.0,144.14,79,1
F013217,Mesa,25-34,High-Value Fan,13,39,6198.0,158.92,94,1
F006178,Gilbert,35-44,High-Value Fan,8,48,6194.0,129.03,98,1
F034964,Phoenix,18-24,High-Value Fan,5,15,6192.0,412.8,60,1
F066742,Phoenix,25-34,High-Value Fan,9,29,6190.0,213.45,54,1
F020026,Gilbert,25-34,High-Value Fan,7,25,6189.0,247.56,100,1
F025554,Glendale,25-34,High-Value Fan,14,37,6178.0,166.97,55,1
F018533,Tucson,35-44,High-Value Fan,5,16,6178.0,386.1,80,1
F015045,Peoria,35-44,High-Value Fan,12,30,6176.0,205.87,78,1
F049417,Glendale,35-44,High-Value Fan,13,41,6166.0,150.4,79,1
F030675,Chandler,55-64,High-Value Fan,5,13,6161.0,473.94,71,1
F004035,Tucson,18-24,High-Value Fan,13,35,6161.0,176.02,97,1
F048889,Mesa,25-34,High-Value Fan,7,15,6157.0,410.46,60,1
F005779,Glendale,25-34,High-Value Fan,16,42,6155.0,146.54,76,1
F013707,Scottsdale,55-64,High-Value Fan,12,34,6149.0,180.85,100,1
F055304,Out of State,25-34,High-Value Fan,15,40,6147.0,153.68,90,1
F063301,Phoenix,18-24,High-Value Fan,7,14,6144.0,438.85,90,1
F009892,Phoenix,25-34,High-Value Fan,7,14,6142.0,438.7,56,1
F012562,Phoenix,55-64,High-Value Fan,16,41,6130.0,149.52,99,1
F018573,Peoria,25-34,At-Risk Fan,7,25,6104.0,244.17,80,1
F008004,Phoenix,18-24,High-Value Fan,11,27,6102.0,226.01,100,1
F026589,Tempe,25-34,High-Value Fan,11,31,6097.0,196.67,54,1
F004165,Scottsdale,18-24,At-Risk Fan,12,32,6084.0,190.12,85,1
F005247,Chandler,25-34,At-Risk Fan,11,30,6073.0,202.44,92,1
F026837,Scottsdale,35-44,High-Value Fan,18,33,6071.0,183.96,55,1
F032004,Out of State,18-24,High-Value Fan,12,37,6070.0,164.07,98,1
F014677,Gilbert,18-24,High-Value Fan,11,30,6052.0,201.75,98,1
F061179,Phoenix,35-44,High-Value Fan,14,37,6052.0,163.57,52,1
F048038,Chandler,25-34,High-Value Fan,10,30,6049.0,201.64,86,1
F042956,Phoenix,35-44,At-Risk Fan,6,15,6042.0,402.82,83,1
F006166,Mesa,35-44,High-Value Fan,12,37,6042.0,163.29,92,1
F069571,Phoenix,25-34,At-Risk Fan,5,15,6040.0,402.66,80,1
F016252,Phoenix,18-24,High-Value Fan,14,37,6037.0,163.16,57,1
F046755,Tempe,18-24,High-Value Fan,12,34,6020.0,177.06,60,1
F003689,Tempe,25-34,High-Value Fan,12,30,5987.0,199.55,100,1
F048166,Tucson,25-34,High-Value Fan,7,47,5985.0,127.35,60,1
F039607,Glendale,18-24,High-Value Fan,9,40,5983.0,149.58,57,1
F011784,Mesa,35-44,High-Value Fan,12,28,5974.0,213.36,85,1
F013515,Tempe,18-24,High-Value Fan,12,36,5961.0,165.59,50,1
F067803,Out of State,25-34,High-Value Fan,14,36,5961.0,165.57,73,1
F044466,Phoenix,25-34,High-Value Fan,6,15,5952.0,396.79,92,1
F010323,Out of State,18-24,At-Risk Fan,5,12,5949.0,495.79,58,1
F046481,Phoenix,45-54,High-Value Fan,5,13,5927.0,455.91,95,1
F072586,Scottsdale,35-44,High-Value Fan,13,40,5924.0,148.09,60,1
F051766,Scottsdale,18-24,High-Value Fan,15,37,5909.0,159.7,44,1
F041536,Tempe,35-44,High-Value Fan,18,39,5908.0,151.49,58,1
F007197,Tucson,25-34,High-Value Fan,11,27,5906.0,218.74,100,1
F032513,Phoenix,35-44,High-Value Fan,5,18,5903.0,327.97,100,1
F014103,Phoenix,45-54,High-Value Fan,5,15,5897.0,393.16,100,1
F023597,Phoenix,25-34,High-Value Fan,16,36,5896.0,163.79,57,1
F022917,Phoenix,35-44,High-Value Fan,9,31,5893.0,190.11,81,1
F013610,Phoenix,25-34,High-Value Fan,11,31,5878.0,189.63,46,1
F060522,Phoenix,25-34,High-Value Fan,13,28,5870.0,209.65,100,1
F052807,Chandler,35-44,High-Value Fan,13,38,5868.0,154.41,57,1
F024703,Phoenix,25-34,High-Value Fan,5,13,5849.0,449.95,73,1
F042867,Tempe,18-24,High-Value Fan,16,36,5847.0,162.41,93,1
F051581,Phoenix,45-54,High-Value Fan,5,13,5841.0,449.27,55,1
F039629,Phoenix,45-54,High-Value Fan,13,31,5838.0,188.33,60,1
F035153,Chandler,35-44,High-Value Fan,12,37,5838.0,157.79,92,1
F039627,Tucson,35-44,High-Value Fan,6,13,5835.0,448.85,60,1
F055164,Tempe,18-24,High-Value Fan,10,27,5823.0,215.67,98,1
F040988,Phoenix,35-44,High-Value Fan,12,26,5821.0,223.88,60,1
F038542,Phoenix,45-54,High-Value Fan,15,38,5813.0,152.97,94,1
F034912,Phoenix,45-54,High-Value Fan,16,38,5812.0,152.95,55,1
F007911,Scottsdale,25-34,High-Value Fan,16,43,5810.0,135.11,56,1
F029659,Glendale,35-44,High-Value Fan,14,29,5809.0,200.3,50,1
F042324,Phoenix,35-44,At-Risk Fan,11,29,5808.0,200.29,66,1
F011273,Tucson,35-44,At-Risk Fan,7,29,5802.0,200.05,68,1
F061001,Scottsdale,45-54,High-Value Fan,9,31,5797.0,187.0,66,1
F044732,Phoenix,25-34,At-Risk Fan,7,34,5775.0,169.86,60,1
F057388,Tempe,45-54,High-Value Fan,14,34,5770.0,169.71,58,1
F027981,Phoenix,45-54,High-Value Fan,11,37,5767.0,155.87,98,1
F006312,Phoenix,45-54,High-Value Fan,6,12,5766.0,480.52,60,1
F049699,Out of State,18-24,High-Value Fan,15,34,5765.0,169.57,70,1
F035083,Peoria,45-54,At-Risk Fan,6,15,5760.0,383.97,96,1
F048348,Gilbert,18-24,High-Value Fan,6,16,5756.0,359.75,60,1
F047903,Mesa,25-34,High-Value Fan,12,27,5755.0,213.13,56,1
F027198,Mesa,45-54,At-Risk Fan,13,34,5751.0,169.16,75,1
F021319,Chandler,18-24,High-Value Fan,13,29,5737.0,197.82,96,1
F051641,Chandler,18-24,High-Value Fan,16,33,5737.0,173.84,98,1
F035194,Scottsdale,25-34,High-Value Fan,13,26,5733.0,220.51,93,1
F020673,Phoenix,35-44,High-Value Fan,11,32,5730.0,179.08,71,1
F061162,Phoenix,35-44,High-Value Fan,8,31,5718.0,184.46,78,1
F037075,Tempe,55-64,High-Value Fan,10,24,5709.0,237.88,55,1
F029968,Glendale,18-24,High-Value Fan,13,35,5706.0,163.02,46,1
F009949,Phoenix,45-54,High-Value Fan,9,48,5705.0,118.86,78,1
F029613,Gilbert,25-34,High-Value Fan,5,12,5697.0,474.71,60,1
F052243,Tempe,18-24,High-Value Fan,16,37,5679.0,153.5,77,1
F043553,Gilbert,18-24,High-Value Fan,9,29,5669.0,195.48,60,1
F015245,Phoenix,25-34,High-Value Fan,10,29,5669.0,195.47,96,1
F030220,Out of State,25-34,High-Value Fan,17,37,5652.0,152.75,95,1
F062641,Phoenix,25-34,High-Value Fan,11,37,5652.0,152.75,94,1
F066177,Mesa,25-34,High-Value Fan,15,40,5650.0,141.24,97,1
F059156,Tempe,25-34,High-Value Fan,12,32,5639.0,176.21,94,1
F019652,Mesa,35-44,High-Value Fan,11,34,5633.0,165.67,100,1
F055966,Tempe,45-54,High-Value Fan,6,12,5623.0,468.58,87,1
F072091,Out of State,25-34,High-Value Fan,10,28,5617.0,200.62,78,1
F005274,Tempe,18-24,High-Value Fan,6,12,5617.0,468.1,87,1
F025018,Phoenix,18-24,High-Value Fan,12,29,5612.0,193.53,100,1
F068093,Phoenix,35-44,At-Risk Fan,11,28,5601.0,200.03,87,1
F016569,Phoenix,35-44,High-Value Fan,5,11,5589.0,508.05,89,1
F020531,Scottsdale,35-44,High-Value Fan,14,30,5588.0,186.28,50,1
F004429,Tucson,35-44,High-Value Fan,5,13,5587.0,429.74,100,1
F028188,Gilbert,18-24,At-Risk Fan,5,14,5582.0,398.74,80,1
F030995,Out of State,35-44,High-Value Fan,14,35,5581.0,159.45,58,1
F064495,Mesa,25-34,High-Value Fan,13,36,5581.0,155.02,80,1
F069513,Mesa,25-34,High-Value Fan,12,28,5576.0,199.15,47,1
F005323,Gilbert,25-34,At-Risk Fan,10,30,5573.0,185.78,74,1
F056237,Chandler,18-24,High-Value Fan,14,39,5570.0,142.81,71,1
F045477,Scottsdale,35-44,High-Value Fan,8,28,5555.0,198.38,100,1
F018377,Phoenix,18-24,High-Value Fan,12,33,5552.0,168.24,95,1
F028407,Glendale,55-64,High-Value Fan,5,14,5542.0,395.87,60,1
F072161,Phoenix,45-54,High-Value Fan,6,13,5542.0,426.28,82,2
F050353,Phoenix,45-54,High-Value Fan,12,35,5528.0,157.93,100,2
F018171,Tempe,45-54,High-Value Fan,13,39,5527.0,141.71,78,2
F046674,Phoenix,45-54,High-Value Fan,6,36,5516.0,153.22,98,2
F008634,Out of State,35-44,High-Value Fan,8,14,5510.0,393.61,51,2
F024081,Mesa,35-44,High-Value Fan,15,34,5504.0,161.88,89,2
F017047,Phoenix,35-44,High-Value Fan,5,13,5499.0,423.01,60,2
F015499,Scottsdale,55-64,At-Risk Fan,6,13,5498.0,422.89,60,2
F067172,Scottsdale,25-34,High-Value Fan,17,38,5494.0,144.58,57,2
F067991,Phoenix,45-54,High-Value Fan,5,15,5490.0,366.01,100,2
F006817,Tempe,35-44,High-Value Fan,16,38,5472.0,144.0,58,2
F069224,Mesa,25-34,High-Value Fan,9,31,5458.0,176.08,100,2
F034185,Out of State,25-34,High-Value Fan,8,15,5455.0,363.69,96,2
F056011,Phoenix,18-24,At-Risk Fan,12,28,5451.0,194.69,76,2
F027898,Phoenix,25-34,High-Value Fan,18,36,5446.0,151.27,95,2
F026306,Scottsdale,35-44,High-Value Fan,13,33,5445.0,165.01,76,2
F017943,Peoria,25-34,High-Value Fan,10,37,5443.0,147.12,90,2
F039270,Phoenix,35-44,High-Value Fan,16,36,5426.0,150.73,60,2
F020244,Phoenix,35-44,High-Value Fan,15,33,5421.0,164.26,78,2
F011429,Tempe,18-24,High-Value Fan,12,29,5418.0,186.83,98,2
F038088,Phoenix,45-54,High-Value Fan,13,34,5415.0,159.26,55,2
F031869,Tempe,18-24,High-Value Fan,13,35,5415.0,154.7,78,2
F067137,Scottsdale,25-34,High-Value Fan,8,26,5409.0,208.05,93,2
F042514,Out of State,65+,High-Value Fan,14,34,5402.0,158.88,68,2
F043530,Peoria,18-24,High-Value Fan,12,33,5399.0,163.61,47,2
F031762,Phoenix,25-34,At-Risk Fan,10,28,5393.0,192.62,79,2
F057853,Scottsdale,35-44,High-Value Fan,11,28,5385.0,192.32,80,2
F046256,Tempe,45-54,At-Risk Fan,10,27,5383.0,199.39,73,2
F022373,Mesa,45-54,High-Value Fan,12,34,5381.0,158.25,46,2
F059543,Gilbert,55-64,High-Value Fan,13,29,5376.0,185.36,78,2
F049152,Phoenix,25-34,High-Value Fan,13,32,5371.0,167.84,66,2
F049741,Phoenix,35-44,High-Value Fan,14,31,5357.0,172.82,54,2
F034351,Gilbert,18-24,High-Value Fan,13,36,5349.0,148.59,55,2
F006329,Mesa,35-44,High-Value Fan,13,37,5348.0,144.54,95,2
F066549,Phoenix,25-34,High-Value Fan,14,36,5336.0,148.23,100,2
F030755,Mesa,35-44,High-Value Fan,9,30,5336.0,177.87,60,2
F032442,Scottsdale,18-24,High-Value Fan,15,33,5335.0,161.66,69,2
F031089,Peoria,18-24,High-Value Fan,6,39,5329.0,136.64,97,2
F036570,Tempe,18-24,High-Value Fan,14,35,5326.0,152.18,58,2
F055549,Chandler,18-24,High-Value Fan,14,33,5320.0,161.21,100,2
F060209,Glendale,45-54,High-Value Fan,11,31,5319.0,171.57,98,2
F029681,Gilbert,18-24,High-Value Fan,14,34,5319.0,156.43,58,2
F060307,Glendale,35-44,High-Value Fan,9,29,5315.0,183.28,100,2
F063784,Phoenix,18-24,High-Value Fan,12,41,5314.0,129.62,99,2
F068592,Phoenix,18-24,High-Value Fan,18,36,5304.0,147.34,98,2
F049889,Glendale,18-24,High-Value Fan,9,26,5296.0,203.68,71,2
F054003,Mesa,18-24,High-Value Fan,5,12,5291.0,440.94,75,2
F021156,Tucson,18-24,High-Value Fan,13,34,5291.0,155.6,76,2
F016864,Phoenix,45-54,High-Value Fan,5,13,5290.0,406.89,32,2
F051171,Mesa,45-54,At-Risk Fan,14,32,5288.0,165.25,58,2
F015292,Phoenix,35-44,High-Value Fan,6,12,5280.0,440.02,45,2
F037196,Mesa,18-24,High-Value Fan,14,35,5280.0,150.85,72,2
F063376,Phoenix,35-44,At-Risk Fan,15,33,5273.0,159.78,56,2
F069028,Glendale,45-54,High-Value Fan,14,35,5268.0,150.51,95,2
F025172,Scottsdale,45-54,High-Value Fan,10,28,5266.0,188.07,98,2
F022907,Phoenix,25-34,High-Value Fan,14,34,5263.0,154.8,98,2
F068314,Gilbert,35-44,High-Value Fan,13,33,5255.0,159.24,87,2
F061930,Glendale,45-54,High-Value Fan,9,27,5249.0,194.41,60,2
F057494,Glendale,35-44,High-Value Fan,13,35,5249.0,149.97,57,2
F024476,Scottsdale,18-24,High-Value Fan,6,11,5244.0,476.69,80,2
F025080,Phoenix,25-34,High-Value Fan,12,26,5243.0,201.66,58,2
F025117,Tempe,45-54,High-Value Fan,13,34,5243.0,154.19,55,2
F028551,Peoria,25-34,High-Value Fan,12,32,5242.0,163.81,85,2
F013430,Peoria,18-24,High-Value Fan,15,36,5242.0,145.61,92,2
F045893,Phoenix,25-34,High-Value Fan,7,12,5240.0,436.63,55,2
F046781,Phoenix,18-24,High-Value Fan,11,30,5234.0,174.47,85,2
F020218,Phoenix,18-24,High-Value Fan,12,31,5229.0,168.67,60,2
F008688,Scottsdale,35-44,High-Value Fan,11,31,5227.0,168.6,73,2
F024528,Chandler,45-54,High-Value Fan,12,35,5202.0,148.63,98,2
F041285,Phoenix,35-44,High-Value Fan,15,36,5198.0,144.38,57,2
F005372,Glendale,35-44,At-Risk Fan,10,33,5187.0,157.18,61,2
F059259,Chandler,25-34,High-Value Fan,41,109,5171.0,47.44,99,2
F037848,Glendale,45-54,At-Risk Fan,8,31,5169.0,166.74,98,2
F034537,Phoenix,25-34,High-Value Fan,12,33,5168.0,156.59,85,2
F020078,Tempe,25-34,High-Value Fan,14,32,5167.0,161.46,54,2
F021469,Phoenix,45-54,High-Value Fan,12,28,5133.0,183.31,56,2
F066467,Phoenix,25-34,High-Value Fan,7,33,5128.0,155.38,60,2
F070278,Phoenix,18-24,High-Value Fan,13,27,5125.0,189.82,71,2
F031429,Phoenix,45-54,At-Risk Fan,8,24,5125.0,213.54,98,2
F023927,Scottsdale,35-44,High-Value Fan,8,29,5124.0,176.69,60,2
F057136,Phoenix,35-44,High-Value Fan,6,10,5120.0,512.0,56,2
F006087,Phoenix,18-24,High-Value Fan,11,31,5105.0,164.67,58,2
F061796,Gilbert,45-54,High-Value Fan,11,29,5102.0,175.94,100,2
F063794,Phoenix,25-34,At-Risk Fan,11,27,5097.0,188.78,56,2
F039203,Phoenix,35-44,At-Risk Fan,5,11,5096.0,463.27,100,2
F060573,Peoria,45-54,High-Value Fan,11,31,5096.0,164.38,76,2
F021825,Tucson,35-44,High-Value Fan,5,11,5092.0,462.93,87,2
F060614,Glendale,25-34,High-Value Fan,12,29,5080.0,175.16,56,2
F049536,Phoenix,45-54,High-Value Fan,10,28,5073.0,181.17,54,2
F063247,Phoenix,35-44,High-Value Fan,6,12,5061.0,421.72,73,2
F049730,Phoenix,25-34,High-Value Fan,12,31,5058.0,163.17,78,2
F054776,Phoenix,25-34,High-Value Fan,12,30,5056.0,168.52,80,2
F059632,Phoenix,25-34,High-Value Fan,12,30,5047.0,168.24,56,2
F029972,Tempe,35-44,High-Value Fan,13,34,5046.0,148.4,78,2
F063699,Tempe,25-34,High-Value Fan,11,27,5044.0,186.83,47,2
F035152,Phoenix,35-44,High-Value Fan,12,30,5036.0,167.85,87,2
F007311,Mesa,18-24,High-Value Fan,7,25,5032.0,201.29,88,2
F028504,Phoenix,25-34,High-Value Fan,10,26,5031.0,193.51,60,2
F058504,Phoenix,35-44,High-Value Fan,7,35,5022.0,143.5,77,2
F033129,Glendale,55-64,High-Value Fan,8,23,5020.0,218.25,100,2
F024837,Peoria,18-24,High-Value Fan,5,11,5011.0,455.58,60,2
F045086,Phoenix,35-44,High-Value Fan,9,21,5009.0,238.55,100,2
F039578,Scottsdale,35-44,At-Risk Fan,11,30,5007.0,166.91,76,2
F065273,Scottsdale,55-64,High-Value Fan,9,41,5005.0,122.08,57,2
F039778,Tucson,45-54,High-Value Fan,13,32,5001.0,156.28,58,2
F016430,Phoenix,25-34,High-Value Fan,5,11,4998.0,454.37,80,2
F062014,Peoria,18-24,High-Value Fan,15,34,4997.0,146.96,96,2
F059732,Phoenix,25-34,High-Value Fan,6,11,4995.0,454.11,87,2
F048214,Phoenix,35-44,High-Value Fan,9,25,4993.0,199.7,100,2
F027848,Phoenix,18-24,High-Value Fan,11,33,4987.0,151.11,96,2
F018930,Phoenix,35-44,High-Value Fan,10,24,4985.0,207.7,60,2
F018095,Phoenix,45-54,High-Value Fan,14,35,4984.0,142.41,98,2
F053686,Glendale,45-54,High-Value Fan,12,32,4980.0,155.61,100,2
F033989,Phoenix,18-24,High-Value Fan,12,27,4972.0,184.16,100,2
F033630,Out of State,25-34,High-Value Fan,12,29,4965.0,171.21,58,2
F033935,Scottsdale,25-34,High-Value Fan,9,30,4964.0,165.47,60,2
F027444,Phoenix,25-34,High-Value Fan,9,25,4964.0,198.55,98,2
F035049,Peoria,55-64,High-Value Fan,10,24,4955.0,206.47,80,2
F032000,Out of State,18-24,High-Value Fan,12,28,4943.0,176.55,54,2
F023794,Phoenix,25-34,At-Risk Fan,12,32,4940.0,154.39,88,2
F067559,Gilbert,18-24,High-Value Fan,5,10,4940.0,493.96,36,2
F063353,Tucson,35-44,High-Value Fan,11,29,4932.0,170.07,100,2
F071383,Phoenix,45-54,High-Value Fan,13,31,4931.0,159.06,94,2
F018946,Scottsdale,45-54,High-Value Fan,6,44,4931.0,112.06,84,2
F043524,Peoria,45-54,High-Value Fan,15,35,4930.0,140.86,60,2
F055964,Phoenix,35-44,High-Value Fan,5,14,4928.0,351.99,60,2
F026525,Chandler,25-34,High-Value Fan,9,22,4926.0,223.91,52,2
F022534,Chandler,25-34,At-Risk Fan,5,12,4920.0,409.98,87,2
F003377,Peoria,25-34,High-Value Fan,10,22,4918.0,223.56,57,2
F060542,Phoenix,55-64,High-Value Fan,13,35,4917.0,140.48,93,2
F006038,Phoenix,35-44,High-Value Fan,11,28,4915.0,175.53,96,2
F071491,Mesa,45-54,High-Value Fan,14,35,4914.0,140.41,57,2
F024727,Phoenix,35-44,High-Value Fan,6,13,4909.0,377.64,60,2
F059400,Phoenix,25-34,High-Value Fan,36,100,4907.0,49.07,93,2
F029400,Phoenix,18-24,High-Value Fan,6,9,4903.0,544.81,100,2
F053480,Mesa,25-34,High-Value Fan,13,32,4895.0,152.97,54,2
F020446,Phoenix,18-24,High-Value Fan,10,26,4893.0,188.17,73,2
F044696,Phoenix,55-64,At-Risk Fan,11,32,4884.0,152.62,58,2
F072597,Phoenix,18-24,High-Value Fan,13,34,4883.0,143.62,100,2
F024869,Phoenix,35-44,High-Value Fan,12,30,4879.0,162.62,79,2
F027403,Phoenix,35-44,High-Value Fan,6,24,4876.0,203.15,60,2
F044539,Tempe,18-24,High-Value Fan,13,32,4860.0,151.87,100,2
F013984,Phoenix,25-34,High-Value Fan,10,31,4852.0,156.5,100,2
F038382,Phoenix,25-34,High-Value Fan,13,32,4851.0,151.59,96,2
F015512,Phoenix,18-24,High-Value Fan,7,26,4847.0,186.41,60,2
F029806,Peoria,55-64,At-Risk Fan,5,10,4845.0,484.46,87,2
F031821,Mesa,18-24,High-Value Fan,11,28,4843.0,172.97,98,2
F054852,Scottsdale,18-24,High-Value Fan,11,32,4839.0,151.21,78,2
F068387,Phoenix,18-24,High-Value Fan,15,32,4836.0,151.11,56,2
F048907,Phoenix,18-24,High-Value Fan,12,31,4836.0,155.99,75,2
F053038,Scottsdale,25-34,High-Value Fan,9,23,4832.0,210.09,80,2
F003077,Phoenix,55-64,High-Value Fan,11,24,4826.0,201.1,84,2
F010702,Scottsdale,35-44,High-Value Fan,11,27,4826.0,178.75,69,2
F067128,Scottsdale,55-64,High-Value Fan,11,25,4825.0,193.02,73,2
F033415,Phoenix,35-44,High-Value Fan,9,29,4821.0,166.25,87,2
F011941,Peoria,35-44,High-Value Fan,15,35,4817.0,137.62,53,2
F035695,Scottsdale,18-24,High-Value Fan,9,22,4812.0,218.71,60,2
F015493,Scottsdale,25-34,High-Value Fan,9,26,4805.0,184.82,60,2
F061282,Mesa,25-34,High-Value Fan,16,33,4799.0,145.44,62,2
F009880,Chandler,35-44,High-Value Fan,11,32,4794.0,149.8,89,2
F007754,Mesa,18-24,High-Value Fan,15,31,4791.0,154.56,58,2
F031079,Phoenix,35-44,High-Value Fan,11,33,4790.0,145.14,60,2
F018062,Mesa,18-24,High-Value Fan,7,20,4789.0,239.45,73,2
F007845,Tempe,35-44,High-Value Fan,12,30,4785.0,159.5,77,2
F047922,Phoenix,25-34,High-Value Fan,12,33,4784.0,144.95,60,2
F060150,Peoria,18-24,High-Value Fan,6,12,4782.0,398.5,75,2
F047088,Chandler,18-24,High-Value Fan,10,27,4777.0,176.94,78,2
F066832,Phoenix,25-34,At-Risk Fan,5,11,4777.0,434.29,95,2
F046865,Glendale,25-34,High-Value Fan,11,33,4769.0,144.52,89,2
F013795,Scottsdale,25-34,High-Value Fan,10,23,4766.0,207.22,97,2
F072475,Gilbert,35-44,High-Value Fan,13,35,4752.0,135.77,97,2
F048545,Tucson,18-24,High-Value Fan,9,24,4742.0,197.6,80,2
F070915,Phoenix,18-24,High-Value Fan,8,22,4742.0,215.53,52,2
F017839,Chandler,55-64,High-Value Fan,5,10,4741.0,474.12,82,2
F024933,Gilbert,18-24,High-Value Fan,11,27,4737.0,175.45,91,2
F028137,Mesa,25-34,High-Value Fan,9,33,4736.0,143.52,98,2
F004827,Out of State,18-24,High-Value Fan,12,28,4734.0,169.08,91,2
F060709,Chandler,25-34,High-Value Fan,8,28,4734.0,169.06,94,2
F019067,Phoenix,18-24,High-Value Fan,9,21,4730.0,225.24,97,2
F055032,Phoenix,35-44,At-Risk Fan,9,25,4730.0,189.19,77,2
F047153,Scottsdale,45-54,High-Value Fan,9,29,4726.0,162.97,71,2
F028876,Out of State,35-44,High-Value Fan,7,20,4726.0,236.29,54,2
F025629,Mesa,35-44,High-Value Fan,34,94,4724.0,50.25,56,2
F005561,Phoenix,18-24,High-Value Fan,10,22,4721.0,214.58,84,2
F034640,Phoenix,45-54,High-Value Fan,15,31,4718.0,152.2,94,2
F033810,Scottsdale,25-34,High-Value Fan,8,28,4716.0,168.41,80,2
F064213,Scottsdale,35-44,High-Value Fan,13,32,4713.0,147.28,98,2
F024612,Scottsdale,25-34,High-Value Fan,7,22,4707.0,213.97,72,2
F060643,Chandler,35-44,High-Value Fan,13,31,4707.0,151.83,56,2
F050706,Tempe,45-54,High-Value Fan,5,11,4704.0,427.63,100,2
F024953,Scottsdale,25-34,High-Value Fan,5,13,4695.0,361.18,80,2
F037584,Phoenix,35-44,High-Value Fan,6,23,4694.0,204.07,60,2
F031305,Tempe,25-34,High-Value Fan,10,27,4693.0,173.82,96,2
F065281,Mesa,35-44,High-Value Fan,6,42,4693.0,111.74,41,2
F025815,Out of State,45-54,High-Value Fan,5,10,4685.0,468.52,100,2
F037068,Mesa,35-44,High-Value Fan,6,24,4676.0,194.83,87,2
F030762,Peoria,18-24,High-Value Fan,11,25,4656.0,186.25,53,2
F050443,Chandler,18-24,High-Value Fan,5,13,4656.0,358.13,65,2
F008596,Scottsdale,18-24,High-Value Fan,38,97,4653.0,47.97,50,2
F010312,Phoenix,35-44,High-Value Fan,5,11,4646.0,422.36,49,2
F059407,Phoenix,18-24,High-Value Fan,11,23,4645.0,201.94,60,2
F062040,Chandler,25-34,High-Value Fan,9,22,4644.0,211.07,80,2
F031451,Phoenix,25-34,High-Value Fan,13,24,4633.0,193.06,100,2
F052888,Gilbert,25-34,High-Value Fan,11,27,4633.0,171.59,67,2
F006033,Glendale,35-44,High-Value Fan,10,24,4623.0,192.63,58,2
F045486,Mesa,35-44,High-Value Fan,9,31,4608.0,148.65,85,2
F046522,Out of State,18-24,High-Value Fan,9,23,4608.0,200.35,60,2
F072479,Phoenix,35-44,High-Value Fan,8,22,4607.0,209.4,80,2
F048992,Phoenix,45-54,High-Value Fan,8,26,4603.0,177.06,98,2
F056783,Out of State,18-24,High-Value Fan,9,20,4599.0,229.97,94,2
F070612,Glendale,35-44,High-Value Fan,10,27,4598.0,170.31,96,2
F007206,Mesa,35-44,High-Value Fan,10,27,4597.0,170.26,100,2
F057284,Tempe,18-24,High-Value Fan,5,11,4594.0,417.68,55,2
F031587,Scottsdale,18-24,High-Value Fan,12,30,4593.0,153.1,88,2
F031535,Phoenix,18-24,High-Value Fan,10,27,4590.0,170.0,78,2
F022987,Gilbert,25-34,High-Value Fan,11,29,4586.0,158.15,80,2
F033730,Mesa,35-44,High-Value Fan,10,25,4586.0,183.43,84,2
F043063,Scottsdale,25-34,High-Value Fan,5,10,4583.0,458.25,87,2
F017462,Peoria,45-54,At-Risk Fan,5,11,4581.0,416.49,55,2
F030395,Tempe,35-44,High-Value Fan,5,11,4580.0,416.37,87,2
F065904,Phoenix,35-44,High-Value Fan,9,27,4574.0,169.4,78,2
F050634,Chandler,18-24,High-Value Fan,7,22,4570.0,207.71,100,2
F049933,Phoenix,25-34,High-Value Fan,8,21,4568.0,217.52,77,2
F014432,Tucson,18-24,High-Value Fan,14,31,4567.0,147.32,74,2
F032919,Phoenix,35-44,High-Value Fan,9,23,4565.0,198.49,52,2
F071433,Chandler,55-64,High-Value Fan,6,24,4562.0,190.07,55,2
F023048,Glendale,18-24,High-Value Fan,13,31,4560.0,147.08,60,2
F031808,Mesa,35-44,High-Value Fan,12,30,4557.0,151.91,74,2
F054211,Tempe,45-54,High-Value Fan,5,11,4555.0,414.06,60,2
F006691,Phoenix,35-44,High-Value Fan,11,36,4552.0,126.44,60,2
F034203,Scottsdale,25-34,High-Value Fan,10,30,4551.0,151.7,63,2
F030715,Peoria,18-24,High-Value Fan,8,22,4551.0,206.85,97,2
F040077,Chandler,25-34,High-Value Fan,11,24,4550.0,189.6,72,2
F050396,Mesa,18-24,High-Value Fan,11,29,4548.0,156.82,56,2
F022178,Tucson,35-44,High-Value Fan,11,25,4546.0,181.84,58,2
F047023,Chandler,25-34,High-Value Fan,8,21,4544.0,216.38,71,2
F069305,Peoria,35-44,At-Risk Fan,7,23,4539.0,197.33,100,2
F070477,Glendale,35-44,High-Value Fan,8,21,4538.0,216.1,57,2
F027180,Mesa,35-44,High-Value Fan,10,24,4528.0,188.65,80,2
F022045,Phoenix,25-34,High-Value Fan,33,89,4527.0,50.86,98,2
F025422,Phoenix,35-44,High-Value Fan,7,23,4518.0,196.43,100,2
F008227,Phoenix,25-34,High-Value Fan,13,28,4515.0,161.25,56,2
F040530,Tucson,35-44,High-Value Fan,6,12,4513.0,376.12,60,2
F057451,Scottsdale,45-54,High-Value Fan,10,21,4508.0,214.69,57,2
F020108,Tempe,25-34,High-Value Fan,7,19,4506.0,237.16,64,2
F057361,Chandler,25-34,At-Risk Fan,5,9,4505.0,500.56,90,2
F013904,Phoenix,18-24,At-Risk Fan,11,29,4505.0,155.34,100,2
F021733,Phoenix,35-44,High-Value Fan,10,26,4498.0,172.99,60,2
F019024,Phoenix,35-44,High-Value Fan,10,26,4498.0,172.99,58,2
F071097,Tempe,25-34,High-Value Fan,12,30,4497.0,149.91,100,2
F035670,Phoenix,35-44,High-Value Fan,6,22,4494.0,204.26,72,2
F050374,Tempe,25-34,High-Value Fan,10,26,4493.0,172.82,87,2
F059131,Peoria,35-44,High-Value Fan,10,29,4487.0,154.74,54,2
F052554,Phoenix,45-54,High-Value Fan,13,27,4485.0,166.12,60,2
F015936,Scottsdale,25-34,High-Value Fan,8,23,4480.0,194.77,97,2
F062727,Phoenix,35-44,High-Value Fan,5,11,4479.0,407.22,100,2
F047652,Glendale,65+,High-Value Fan,5,26,4478.0,172.23,60,2
F058544,Phoenix,35-44,High-Value Fan,11,28,4474.0,159.78,96,2
F063652,Mesa,35-44,High-Value Fan,16,31,4473.0,144.3,54,2
F007520,Scottsdale,25-34,High-Value Fan,12,29,4471.0,154.16,50,2
F071387,Mesa,18-24,High-Value Fan,6,21,4468.0,212.75,94,2
F051107,Phoenix,35-44,High-Value Fan,13,28,4467.0,159.53,60,2
F028520,Phoenix,25-34,High-Value Fan,10,28,4464.0,159.45,58,2
F052591,Scottsdale,25-34,High-Value Fan,7,22,4464.0,202.92,97,2
F065028,Phoenix,25-34,High-Value Fan,9,22,4462.0,202.81,84,2
F015790,Phoenix,45-54,High-Value Fan,9,23,4456.0,193.76,81,2
F043745,Phoenix,45-54,High-Value Fan,11,30,4455.0,148.48,87,2
F021338,Out of State,45-54,High-Value Fan,5,11,4454.0,404.88,80,2
F071922,Phoenix,25-34,High-Value Fan,12,29,4454.0,153.57,54,2
F006519,Glendale,18-24,High-Value Fan,9,25,4451.0,178.02,82,2
F062497,Tucson,18-24,High-Value Fan,9,23,4446.0,193.3,70,2
F033382,Phoenix,25-34,High-Value Fan,9,27,4443.0,164.56,60,2
F019980,Tempe,25-34,High-Value Fan,11,28,4441.0,158.62,94,2
F050146,Phoenix,35-44,High-Value Fan,15,28,4439.0,158.55,56,2
F072410,Phoenix,18-24,High-Value Fan,5,11,4437.0,403.33,87,2
F048953,Mesa,18-24,At-Risk Fan,13,29,4434.0,152.9,80,2
F018408,Scottsdale,25-34,High-Value Fan,6,11,4429.0,402.62,73,2
F014766,Phoenix,18-24,High-Value Fan,11,24,4427.0,184.46,92,2
F017892,Phoenix,25-34,High-Value Fan,11,31,4421.0,142.6,100,2
F042856,Scottsdale,25-34,High-Value Fan,7,19,4417.0,232.48,57,2
F029237,Tucson,35-44,At-Risk Fan,7,22,4415.0,200.67,90,2
F030097,Out of State,35-44,High-Value Fan,5,11,4414.0,401.27,60,2
F063502,Glendale,25-34,High-Value Fan,8,23,4412.0,191.81,60,2
F008132,Phoenix,18-24,At-Risk Fan,6,12,4409.0,367.44,90,2
F072659,Peoria,45-54,High-Value Fan,9,25,4402.0,176.09,60,2
F021248,Phoenix,25-34,High-Value Fan,9,30,4400.0,146.66,46,2
F050732,Mesa,35-44,High-Value Fan,9,31,4398.0,141.86,58,2
F008411,Gilbert,25-34,High-Value Fan,8,27,4393.0,162.71,69,2
F012440,Tucson,25-34,High-Value Fan,9,25,4389.0,175.57,79,2
F005514,Scottsdale,35-44,High-Value Fan,11,28,4389.0,156.75,71,2
F054102,Phoenix,35-44,High-Value Fan,30,85,4388.0,51.62,56,2
F046745,Tempe,25-34,At-Risk Fan,6,18,4378.0,243.2,80,2
F038249,Tucson,55-64,High-Value Fan,12,30,4377.0,145.91,78,2
F052576,Tempe,18-24,High-Value Fan,14,30,4375.0,145.84,100,2
F034425,Phoenix,35-44,At-Risk Fan,10,26,4368.0,168.0,66,2
F062618,Peoria,18-24,High-Value Fan,10,25,4363.0,174.53,87,2
F011479,Mesa,25-34,High-Value Fan,10,23,4363.0,189.7,95,2
F069744,Phoenix,35-44,High-Value Fan,12,29,4363.0,150.44,56,2
F020777,Scottsdale,35-44,High-Value Fan,8,28,4360.0,155.72,100,2
F054229,Gilbert,45-54,High-Value Fan,11,27,4358.0,161.43,56,2
F065354,Glendale,35-44,High-Value Fan,7,36,4353.0,120.92,62,2
F030039,Scottsdale,45-54,At-Risk Fan,7,20,4352.0,217.6,80,2
F048644,Scottsdale,18-24,High-Value Fan,5,20,4350.0,217.52,60,2
F009463,Glendale,25-34,High-Value Fan,9,30,4350.0,144.99,100,2
F008373,Phoenix,18-24,High-Value Fan,9,23,4349.0,189.09,60,2
F070048,Scottsdale,45-54,High-Value Fan,5,9,4347.0,482.96,60,2
F028565,Glendale,25-34,High-Value Fan,13,30,4341.0,144.69,60,2
F006583,Peoria,35-44,High-Value Fan,7,26,4337.0,166.82,100,2
F042577,Scottsdale,35-44,High-Value Fan,5,9,4332.0,481.35,73,2
F030160,Phoenix,45-54,High-Value Fan,8,21,4330.0,206.17,49,2
F027386,Phoenix,45-54,High-Value Fan,11,26,4328.0,166.48,93,2
F032597,Out of State,25-34,High-Value Fan,9,22,4321.0,196.42,97,2
F030499,Phoenix,65+,High-Value Fan,8,23,4319.0,187.77,95,2
F012188,Phoenix,25-34,High-Value Fan,11,29,4313.0,148.72,60,2
F062268,Phoenix,35-44,At-Risk Fan,8,24,4313.0,179.7,71,2
F058028,Gilbert,18-24,High-Value Fan,11,30,4301.0,143.38,92,2
F026422,Glendale,25-34,High-Value Fan,7,24,4300.0,179.19,87,2
F065746,Chandler,25-34,At-Risk Fan,7,23,4297.0,186.85,80,2
F061551,Out of State,45-54,At-Risk Fan,5,10,4295.0,429.52,100,2
F043312,Phoenix,35-44,At-Risk Fan,7,21,4294.0,204.46,89,2
F051434,Chandler,18-24,High-Value Fan,7,27,4293.0,159.0,87,2
F014610,Phoenix,35-44,High-Value Fan,8,20,4290.0,214.51,100,2
F052437,Phoenix,25-34,High-Value Fan,14,30,4286.0,142.87,96,2
F058897,Phoenix,25-34,High-Value Fan,10,26,4283.0,164.75,81,2
F025747,Tucson,65+,High-Value Fan,7,21,4276.0,203.61,77,2
F063910,Chandler,25-34,High-Value Fan,11,31,4274.0,137.88,78,2
F048871,Phoenix,18-24,High-Value Fan,15,29,4273.0,147.35,58,2
F070302,Phoenix,18-24,High-Value Fan,12,30,4272.0,142.38,90,2
F071021,Tempe,35-44,High-Value Fan,10,29,4268.0,147.18,92,2
F013762,Glendale,35-44,High-Value Fan,5,33,4267.0,129.3,58,2
F008689,Phoenix,45-54,High-Value Fan,10,31,4260.0,137.43,100,2
F059890,Chandler,35-44,High-Value Fan,12,25,4259.0,170.38,100,2
F053409,Gilbert,25-34,At-Risk Fan,6,23,4254.0,184.98,90,2
F055178,Mesa,35-44,High-Value Fan,7,21,4253.0,202.53,60,2
F063229,Glendale,45-54,High-Value Fan,9,22,4252.0,193.26,100,2
F067452,Phoenix,45-54,High-Value Fan,6,25,4249.0,169.98,98,2
F015607,Phoenix,35-44,High-Value Fan,9,19,4246.0,223.49,60,2
F063116,Glendale,45-54,High-Value Fan,10,26,4246.0,163.29,87,2
F039859,Mesa,35-44,High-Value Fan,12,29,4246.0,146.4,58,2
F025559,Mesa,45-54,High-Value Fan,9,28,4244.0,151.56,58,2
F071539,Phoenix,45-54,High-Value Fan,7,22,4240.0,192.71,97,2
F045404,Mesa,18-24,High-Value Fan,6,20,4238.0,211.92,51,2
F028868,Out of State,18-24,High-Value Fan,11,25,4236.0,169.43,53,2
F023684,Tucson,35-44,High-Value Fan,10,26,4232.0,162.78,80,2
F035565,Phoenix,45-54,High-Value Fan,9,26,4232.0,162.75,55,2
F054606,Phoenix,35-44,High-Value Fan,13,26,4230.0,162.7,82,2
F017603,Tempe,25-34,High-Value Fan,10,27,4228.0,156.59,98,2
F030125,Phoenix,18-24,At-Risk Fan,8,23,4221.0,183.53,100,2
F067561,Scottsdale,25-34,High-Value Fan,7,20,4221.0,211.04,80,2
F018437,Phoenix,18-24,High-Value Fan,10,21,4213.0,200.63,91,2
F027675,Mesa,18-24,High-Value Fan,8,39,4213.0,108.03,57,2
F061249,Tempe,25-34,High-Value Fan,7,22,4210.0,191.38,100,2
F052960,Gilbert,55-64,High-Value Fan,10,26,4210.0,161.91,55,2
F028156,Phoenix,25-34,High-Value Fan,14,31,4208.0,135.75,76,2
F061174,Scottsdale,25-34,High-Value Fan,7,19,4208.0,221.47,100,2
F031011,Glendale,18-24,High-Value Fan,7,20,4207.0,210.33,84,2
F070690,Tempe,55-64,High-Value Fan,34,86,4198.0,48.81,56,2
F061116,Chandler,45-54,High-Value Fan,7,22,4194.0,190.63,97,2
F060367,Glendale,45-54,High-Value Fan,10,27,4186.0,155.05,91,2
F053972,Phoenix,45-54,High-Value Fan,5,20,4182.0,209.09,70,2
F011822,Tempe,18-24,High-Value Fan,5,11,4174.0,379.43,73,2
F016193,Mesa,25-34,High-Value Fan,13,27,4172.0,154.52,49,2
F036911,Mesa,35-44,High-Value Fan,37,88,4172.0,47.41,54,2
F056911,Glendale,35-44,High-Value Fan,5,24,4170.0,173.74,60,2
F044029,Out of State,18-24,High-Value Fan,8,22,4168.0,189.47,100,2
F020029,Peoria,55-64,High-Value Fan,11,22,4167.0,189.43,55,2
F012714,Glendale,35-44,High-Value Fan,12,27,4167.0,154.34,83,2
F014587,Gilbert,25-34,High-Value Fan,8,27,4164.0,154.22,58,2
F034035,Mesa,25-34,High-Value Fan,11,26,4163.0,160.1,58,2
F028611,Phoenix,25-34,High-Value Fan,8,24,4162.0,173.41,45,2
F043380,Chandler,55-64,High-Value Fan,6,17,4152.0,244.25,73,2
F058548,Chandler,25-34,High-Value Fan,9,27,4148.0,153.61,100,2
F015378,Glendale,25-34,High-Value Fan,11,25,4147.0,165.88,55,2
F005617,Mesa,55-64,High-Value Fan,12,26,4145.0,159.42,95,2
F045123,Glendale,25-34,High-Value Fan,10,27,4143.0,153.46,78,2
F012717,Out of State,25-34,High-Value Fan,9,24,4143.0,172.63,45,2
F067828,Phoenix,25-34,High-Value Fan,9,25,4140.0,165.62,95,2
F071259,Out of State,25-34,High-Value Fan,9,29,4137.0,142.65,80,2
F070526,Out of State,45-54,High-Value Fan,7,20,4131.0,206.55,57,2
F060419,Phoenix,25-34,High-Value Fan,6,19,4129.0,217.34,60,2
F025632,Phoenix,35-44,High-Value Fan,9,24,4123.0,171.81,98,2
F063203,Tucson,18-24,High-Value Fan,12,27,4122.0,152.66,58,2
F004971,Phoenix,35-44,High-Value Fan,8,19,4116.0,216.65,100,2
F040828,Tucson,35-44,High-Value Fan,5,10,4116.0,411.59,100,2
F012308,Mesa,35-44,High-Value Fan,30,83,4113.0,49.56,59,2
F069544,Scottsdale,25-34,High-Value Fan,10,29,4110.0,141.74,73,2
F062581,Scottsdale,25-34,High-Value Fan,8,25,4106.0,164.22,87,2
F033646,Phoenix,18-24,High-Value Fan,9,23,4105.0,178.47,71,2
F052675,Phoenix,35-44,High-Value Fan,8,23,4104.0,178.45,64,2
F065325,Phoenix,25-34,High-Value Fan,9,26,4099.0,157.65,88,2
F013720,Phoenix,45-54,High-Value Fan,7,23,4092.0,177.93,73,2
F039141,Scottsdale,25-34,High-Value Fan,8,21,4089.0,194.71,46,2
F003411,Tempe,35-44,High-Value Fan,15,28,4085.0,145.88,91,2
F039795,Tucson,35-44,At-Risk Fan,6,24,4084.0,170.15,57,2
F027479,Phoenix,35-44,At-Risk Fan,7,25,4083.0,163.33,100,2
F025005,Mesa,25-34,High-Value Fan,6,22,4082.0,185.53,100,2
F061231,Scottsdale,35-44,High-Value Fan,11,27,4076.0,150.98,56,2
F025826,Phoenix,45-54,High-Value Fan,8,21,4071.0,193.84,84,2
F010998,Tempe,45-54,High-Value Fan,8,20,4070.0,203.49,97,2
F005599,Phoenix,18-24,High-Value Fan,9,20,4067.0,203.37,57,2
F057999,Glendale,55-64,High-Value Fan,7,15,4057.0,270.47,90,2
F068732,Phoenix,18-24,High-Value Fan,9,20,4055.0,202.73,54,2
F039722,Glendale,18-24,High-Value Fan,11,27,4054.0,150.15,71,2
F070204,Scottsdale,18-24,High-Value Fan,7,21,4052.0,192.96,51,2
F058321,Phoenix,18-24,High-Value Fan,8,19,4052.0,213.24,78,2
F030154,Out of State,18-24,High-Value Fan,8,20,4051.0,202.56,81,2
F020552,Gilbert,25-34,At-Risk Fan,5,30,4049.0,134.98,84,2
F016366,Scottsdale,25-34,High-Value Fan,33,82,4049.0,49.37,93,2
F050699,Peoria,55-64,High-Value Fan,10,21,4047.0,192.71,97,2
F018015,Phoenix,35-44,High-Value Fan,10,21,4044.0,192.55,57,2
F031807,Scottsdale,18-24,High-Value Fan,10,28,4039.0,144.25,91,2
F034047,Tempe,35-44,High-Value Fan,7,23,4039.0,175.6,50,2
F037677,Gilbert,35-44,High-Value Fan,10,24,4029.0,167.89,60,2
F020322,Scottsdale,35-44,At-Risk Fan,10,25,4026.0,161.03,98,2
F020938,Tucson,45-54,High-Value Fan,10,24,4023.0,167.64,100,2
F016250,Chandler,25-34,High-Value Fan,7,20,4023.0,201.16,61,2
F012789,Phoenix,45-54,High-Value Fan,9,24,4021.0,167.53,50,2
F055187,Phoenix,35-44,High-Value Fan,10,25,4019.0,160.78,55,2
F003303,Glendale,25-34,High-Value Fan,8,20,4016.0,200.79,60,2
F022197,Gilbert,25-34,High-Value Fan,18,71,4015.0,56.55,93,2
F024797,Phoenix,45-54,High-Value Fan,13,25,4014.0,160.54,55,2
F030382,Phoenix,35-44,High-Value Fan,9,24,4013.0,167.21,48,2
F047241,Out of State,25-34,High-Value Fan,12,23,4012.0,174.45,52,2
F049939,Chandler,25-34,High-Value Fan,11,27,4012.0,148.58,73,2
F046753,Gilbert,35-44,At-Risk Fan,8,24,4006.0,166.93,100,2
F008116,Chandler,35-44,High-Value Fan,7,24,4006.0,166.91,80,2
F039206,Tempe,18-24,High-Value Fan,11,28,4005.0,143.03,96,2
F003687,Mesa,35-44,High-Value Fan,11,26,4003.0,153.96,80,2
F044571,Phoenix,25-34,High-Value Fan,6,22,4001.0,181.86,60,2
F051400,Chandler,45-54,High-Value Fan,12,28,3997.0,142.76,60,2
F006456,Gilbert,45-54,High-Value Fan,10,30,3995.0,133.17,54,2
F019167,Chandler,18-24,High-Value Fan,9,21,3995.0,190.24,57,2
F069057,Phoenix,25-34,High-Value Fan,7,19,3984.0,209.66,100,2
F025633,Phoenix,45-54,High-Value Fan,8,18,3980.0,221.13,73,2
F068414,Tempe,18-24,High-Value Fan,6,17,3980.0,234.14,100,2
F029799,Scottsdale,25-34,High-Value Fan,8,22,3976.0,180.74,75,2
F067200,Phoenix,25-34,High-Value Fan,11,29,3975.0,137.07,87,2
F032993,Tempe,35-44,High-Value Fan,8,24,3975.0,165.62,95,2
F015381,Scottsdale,45-54,High-Value Fan,7,18,3972.0,220.69,80,2
F066500,Chandler,18-24,At-Risk Fan,9,24,3972.0,165.49,68,2
F032841,Peoria,25-34,High-Value Fan,7,17,3972.0,233.63,100,2
F019357,Tempe,45-54,High-Value Fan,6,20,3968.0,198.41,70,2
F056251,Phoenix,55-64,High-Value Fan,10,22,3968.0,180.36,75,2
F032042,Scottsdale,25-34,High-Value Fan,9,24,3965.0,165.2,80,2
F034726,Chandler,18-24,At-Risk Fan,5,9,3962.0,440.25,100,2
F043122,Phoenix,45-54,High-Value Fan,11,25,3962.0,158.47,53,2
F045578,Peoria,35-44,At-Risk Fan,8,22,3960.0,180.02,77,2
F068054,Glendale,45-54,High-Value Fan,9,22,3959.0,179.96,95,2
F043332,Phoenix,35-44,High-Value Fan,8,27,3956.0,146.51,58,2
F049420,Scottsdale,25-34,High-Value Fan,9,26,3955.0,152.13,93,2
F025076,Mesa,25-34,High-Value Fan,8,23,3946.0,171.55,70,2
F038219,Scottsdale,25-34,At-Risk Fan,8,21,3944.0,187.79,54,2
F030673,Phoenix,35-44,At-Risk Fan,7,20,3943.0,197.17,60,2
F054950,Phoenix,18-24,High-Value Fan,10,24,3941.0,164.22,80,2
F064142,Gilbert,25-34,High-Value Fan,11,25,3939.0,157.55,50,2
F068685,Scottsdale,45-54,High-Value Fan,8,27,3937.0,145.82,60,2
F003949,Glendale,65+,High-Value Fan,11,21,3934.0,187.32,51,2
F066964,Phoenix,25-34,High-Value Fan,31,82,3933.0,47.96,97,2
F059802,Tucson,55-64,High-Value Fan,6,17,3933.0,231.33,55,2
F035688,Chandler,45-54,High-Value Fan,10,23,3932.0,170.94,100,2
F040290,Phoenix,35-44,High-Value Fan,5,24,3926.0,163.57,52,2
F038900,Scottsdale,18-24,High-Value Fan,7,22,3916.0,178.0,60,2
F015862,Glendale,35-44,High-Value Fan,7,18,3914.0,217.44,93,2
F067331,Gilbert,25-34,High-Value Fan,8,25,3911.0,156.46,84,2
F072142,Phoenix,18-24,High-Value Fan,9,25,3911.0,156.46,69,2
F068881,Mesa,18-24,High-Value Fan,12,28,3905.0,139.46,94,2
F071811,Phoenix,45-54,At-Risk Fan,6,25,3904.0,156.18,60,2
F042171,Phoenix,45-54,High-Value Fan,9,27,3902.0,144.52,60,2
F068316,Mesa,35-44,High-Value Fan,6,17,3901.0,229.49,60,2
F054139,Out of State,35-44,High-Value Fan,10,24,3894.0,162.25,60,2
F036620,Mesa,45-54,At-Risk Fan,12,26,3893.0,149.73,77,2
F007812,Gilbert,45-54,High-Value Fan,33,81,3890.0,48.02,99,2
F015468,Mesa,45-54,High-Value Fan,7,20,3887.0,194.37,87,2
F028573,Mesa,35-44,High-Value Fan,10,26,3885.0,149.44,100,2
F043168,Phoenix,35-44,High-Value Fan,9,19,3882.0,204.32,97,2
F072843,Scottsdale,45-54,High-Value Fan,10,28,3881.0,138.62,51,2
F026299,Chandler,35-44,High-Value Fan,10,24,3881.0,161.69,87,2
F047062,Phoenix,45-54,High-Value Fan,9,24,3878.0,161.58,55,2
F017210,Scottsdale,45-54,High-Value Fan,6,20,3875.0,193.77,80,2
F046916,Mesa,25-34,High-Value Fan,5,16,3875.0,242.2,90,2
F054547,Phoenix,25-34,High-Value Fan,7,19,3872.0,203.77,60,2
F067034,Phoenix,55-64,At-Risk Fan,8,19,3869.0,203.61,87,2
F062124,Chandler,35-44,High-Value Fan,10,19,3866.0,203.5,100,2
F041134,Scottsdale,45-54,High-Value Fan,9,19,3863.0,203.33,51,2
F018556,Mesa,35-44,High-Value Fan,11,25,3862.0,154.47,98,2
F025454,Out of State,25-34,High-Value Fan,8,24,3857.0,160.69,100,2
F040422,Tempe,45-54,At-Risk Fan,10,22,3851.0,175.05,92,2
F048446,Tempe,55-64,High-Value Fan,8,20,3851.0,192.55,60,2
F060655,Out of State,25-34,High-Value Fan,28,79,3850.0,48.74,54,2
F035456,Tempe,25-34,High-Value Fan,11,26,3848.0,147.99,75,2
F005011,Peoria,45-54,High-Value Fan,11,25,3844.0,153.75,79,2
F059235,Out of State,18-24,High-Value Fan,9,27,3840.0,142.21,69,2
F061113,Phoenix,18-24,High-Value Fan,6,18,3834.0,213.02,60,2
F014410,Chandler,25-34,High-Value Fan,8,24,3834.0,159.76,73,2
F009910,Phoenix,35-44,High-Value Fan,12,25,3832.0,153.28,75,2
F070963,Tucson,35-44,At-Risk Fan,8,22,3828.0,174.02,60,2
F009612,Scottsdale,45-54,High-Value Fan,8,25,3825.0,152.99,60,2
F021585,Mesa,25-34,High-Value Fan,9,23,3824.0,166.27,77,2
F067663,Scottsdale,45-54,High-Value Fan,9,25,3823.0,152.92,80,2
F013288,Mesa,35-44,High-Value Fan,7,21,3823.0,182.05,49,2
F051608,Phoenix,35-44,At-Risk Fan,9,23,3822.0,166.17,60,2
F029529,Gilbert,45-54,At-Risk Fan,6,20,3821.0,191.04,51,2
F032325,Mesa,35-44,High-Value Fan,10,24,3815.0,158.98,77,2
F068421,Phoenix,18-24,High-Value Fan,11,25,3810.0,152.41,58,2
F010145,Phoenix,18-24,High-Value Fan,9,22,3807.0,173.05,95,2
F044377,Phoenix,35-44,High-Value Fan,11,26,3807.0,146.42,100,2
F055571,Phoenix,45-54,High-Value Fan,10,26,3805.0,146.35,84,2
F056863,Tempe,18-24,At-Risk Fan,6,18,3803.0,211.3,57,2
F045120,Phoenix,35-44,High-Value Fan,10,23,3798.0,165.15,92,2
F067162,Tucson,45-54,High-Value Fan,6,18,3798.0,210.99,100,2
F005157,Phoenix,35-44,High-Value Fan,11,29,3797.0,130.93,96,2
F015935,Peoria,35-44,High-Value Fan,11,23,3797.0,165.07,97,2
F042463,Phoenix,35-44,High-Value Fan,9,26,3796.0,146.0,58,2
F069551,Phoenix,18-24,High-Value Fan,6,20,3788.0,189.38,82,2
F027633,Tempe,35-44,High-Value Fan,9,19,3783.0,199.09,97,2
F020135,Out of State,18-24,High-Value Fan,8,26,3778.0,145.32,98,2
F007470,Scottsdale,18-24,High-Value Fan,7,21,3777.0,179.84,57,2
F014039,Phoenix,45-54,High-Value Fan,8,20,3774.0,188.68,100,2
F010276,Phoenix,35-44,High-Value Fan,10,27,3774.0,139.76,80,2
F068176,Chandler,45-54,High-Value Fan,10,27,3769.0,139.6,51,2
F056131,Phoenix,25-34,High-Value Fan,7,18,3765.0,209.17,60,2
F008346,Phoenix,35-44,High-Value Fan,7,16,3764.0,235.28,65,2
F020939,Scottsdale,55-64,High-Value Fan,9,26,3764.0,144.77,58,2
F036326,Gilbert,65+,High-Value Fan,9,23,3762.0,163.58,90,2
F045937,Scottsdale,35-44,High-Value Fan,10,23,3762.0,163.55,60,2
F026310,Chandler,35-44,High-Value Fan,8,17,3761.0,221.23,80,2
F019714,Peoria,35-44,High-Value Fan,9,21,3761.0,179.09,57,2
F064628,Mesa,45-54,High-Value Fan,5,24,3758.0,156.56,77,2
F021210,Tempe,25-34,High-Value Fan,7,16,3752.0,234.53,100,2
F032369,Tempe,45-54,High-Value Fan,9,20,3747.0,187.36,100,2
F021099,Glendale,18-24,High-Value Fan,7,18,3744.0,208.02,93,2
F021553,Mesa,18-24,High-Value Fan,6,18,3744.0,208.0,97,2
F045669,Phoenix,35-44,High-Value Fan,8,23,3743.0,162.75,92,2
F020792,Peoria,18-24,High-Value Fan,9,20,3743.0,187.15,77,2
F069509,Out of State,35-44,High-Value Fan,6,19,3743.0,196.98,57,2
F038980,Glendale,45-54,High-Value Fan,33,77,3741.0,48.58,57,2
F008673,Phoenix,35-44,High-Value Fan,9,25,3738.0,149.53,98,2
F027814,Tempe,45-54,High-Value Fan,9,18,3738.0,207.67,90,2
F037750,Tempe,45-54,High-Value Fan,5,15,3738.0,249.19,96,2
F053614,Tempe,18-24,High-Value Fan,6,19,3736.0,196.64,100,2
F065829,Chandler,18-24,High-Value Fan,9,27,3734.0,138.29,87,2
F019198,Chandler,45-54,At-Risk Fan,6,16,3733.0,233.34,76,2
F059715,Out of State,35-44,High-Value Fan,8,20,3733.0,186.66,73,2
F048505,Gilbert,35-44,High-Value Fan,11,23,3733.0,162.28,39,2
F042567,Gilbert,25-34,High-Value Fan,12,26,3728.0,143.39,84,2
F035740,Phoenix,55-64,High-Value Fan,11,23,3727.0,162.04,95,2
F062016,Tempe,18-24,High-Value Fan,5,17,3726.0,219.16,60,2
F031283,Gilbert,18-24,High-Value Fan,7,18,3721.0,206.72,100,2
F011699,Out of State,45-54,High-Value Fan,8,24,3719.0,154.95,60,2
F025805,Phoenix,25-34,High-Value Fan,10,25,3717.0,148.69,58,2
F048147,Phoenix,45-54,High-Value Fan,7,21,3717.0,177.01,57,2
F025593,Scottsdale,25-34,High-Value Fan,5,16,3715.0,232.2,38,2
F068697,Tempe,35-44,High-Value Fan,5,16,3715.0,232.16,73,2
F015622,Glendale,55-64,At-Risk Fan,7,23,3708.0,161.24,81,2
F054753,Phoenix,35-44,High-Value Fan,10,19,3708.0,195.13,60,2
F018233,Gilbert,25-34,High-Value Fan,9,22,3707.0,168.49,86,2
F070331,Phoenix,45-54,High-Value Fan,10,25,3702.0,148.08,88,2
F024417,Gilbert,45-54,High-Value Fan,5,17,3702.0,217.74,73,2
F049669,Mesa,25-34,High-Value Fan,10,28,3686.0,131.65,67,2
F017236,Phoenix,35-44,High-Value Fan,8,24,3681.0,153.36,68,2
F066992,Glendale,35-44,High-Value Fan,11,21,3679.0,175.2,80,2
F026935,Phoenix,25-34,High-Value Fan,8,20,3676.0,183.78,60,2
F028280,Phoenix,35-44,High-Value Fan,7,16,3674.0,229.64,87,2
F030116,Gilbert,25-34,High-Value Fan,8,20,3667.0,183.36,77,2
F038817,Scottsdale,18-24,High-Value Fan,8,21,3661.0,174.36,97,2
F051995,Phoenix,35-44,High-Value Fan,10,25,3659.0,146.35,90,2
F060526,Chandler,18-24,High-Value Fan,8,24,3658.0,152.41,73,2
F036909,Phoenix,45-54,At-Risk Fan,7,18,3656.0,203.12,77,2
F050434,Phoenix,25-34,High-Value Fan,6,16,3652.0,228.28,60,2
F059612,Glendale,45-54,High-Value Fan,7,18,3651.0,202.85,80,2
F070706,Phoenix,35-44,High-Value Fan,8,20,3650.0,182.52,82,2
F025786,Scottsdale,25-34,High-Value Fan,8,22,3650.0,165.89,60,2
F031515,Phoenix,18-24,High-Value Fan,7,21,3647.0,173.67,60,2
F059831,Mesa,18-24,High-Value Fan,8,22,3647.0,165.77,55,2
F010979,Chandler,25-34,High-Value Fan,5,18,3645.0,202.49,67,2
F045157,Out of State,55-64,High-Value Fan,9,23,3644.0,158.45,57,2
F070734,Phoenix,25-34,High-Value Fan,8,19,3639.0,191.5,100,2
F065308,Mesa,45-54,High-Value Fan,11,24,3636.0,151.49,100,2
F060703,Phoenix,25-34,High-Value Fan,9,25,3635.0,145.4,46,2
F059095,Phoenix,45-54,High-Value Fan,8,22,3632.0,165.1,84,2
F024736,Phoenix,18-24,High-Value Fan,5,18,3626.0,201.47,73,3
F045256,Phoenix,25-34,High-Value Fan,5,16,3625.0,226.57,89,3
F054605,Out of State,35-44,High-Value Fan,5,8,3624.0,453.05,70,3
F047084,Chandler,25-34,High-Value Fan,9,21,3623.0,172.54,87,3
F045713,Gilbert,45-54,High-Value Fan,10,22,3623.0,164.67,95,3
F064763,Phoenix,35-44,High-Value Fan,9,25,3618.0,144.72,100,3
F062605,Tempe,25-34,High-Value Fan,23,72,3607.0,50.1,94,3
F052577,Phoenix,45-54,High-Value Fan,36,73,3605.0,49.38,92,3
F048473,Phoenix,25-34,High-Value Fan,6,19,3599.0,189.41,77,3
F042216,Chandler,35-44,High-Value Fan,5,18,3598.0,199.91,57,3
F052943,Gilbert,18-24,High-Value Fan,6,19,3597.0,189.3,100,3
F014867,Out of State,35-44,High-Value Fan,7,22,3593.0,163.31,80,3
F039434,Peoria,55-64,At-Risk Fan,8,18,3592.0,199.55,70,3
F014715,Glendale,18-24,High-Value Fan,8,23,3591.0,156.12,60,3
F033759,Chandler,45-54,High-Value Fan,8,22,3591.0,163.21,97,3
F055642,Phoenix,25-34,At-Risk Fan,10,25,3589.0,143.55,90,3
F052273,Phoenix,25-34,High-Value Fan,9,23,3585.0,155.87,57,3
F038713,Mesa,18-24,High-Value Fan,9,22,3585.0,162.94,64,3
F039748,Phoenix,18-24,High-Value Fan,7,18,3583.0,199.04,70,3
F063349,Chandler,18-24,High-Value Fan,11,25,3582.0,143.27,98,3
F071240,Peoria,25-34,High-Value Fan,27,71,3581.0,50.44,96,3
F032703,Peoria,25-34,High-Value Fan,13,69,3579.0,51.88,59,3
F028779,Phoenix,25-34,High-Value Fan,9,21,3576.0,170.29,91,3
F060321,Tucson,55-64,High-Value Fan,7,21,3570.0,170.02,54,3
F016126,Phoenix,25-34,High-Value Fan,6,17,3570.0,210.03,100,3
F032423,Phoenix,25-34,High-Value Fan,7,18,3570.0,198.33,80,3
F049070,Phoenix,25-34,High-Value Fan,9,23,3570.0,155.2,90,3
F016791,Tucson,25-34,High-Value Fan,7,22,3570.0,162.25,60,3
F033946,Peoria,55-64,High-Value Fan,8,20,3567.0,178.34,97,3
F067350,Peoria,35-44,At-Risk Fan,8,21,3566.0,169.79,72,3
F016322,Mesa,25-34,High-Value Fan,6,20,3565.0,178.25,51,3
F021395,Phoenix,45-54,High-Value Fan,7,17,3564.0,209.67,83,3
F010205,Phoenix,45-54,High-Value Fan,6,27,3564.0,132.01,80,3
F015070,Peoria,25-34,High-Value Fan,7,18,3560.0,197.79,73,3
F047967,Phoenix,55-64,High-Value Fan,7,24,3558.0,148.26,70,3
F028093,Chandler,25-34,High-Value Fan,9,18,3558.0,197.67,80,3
F057896,Phoenix,35-44,High-Value Fan,7,16,3553.0,222.04,100,3
F064207,Phoenix,25-34,High-Value Fan,8,24,3551.0,147.96,90,3
F047314,Phoenix,55-64,High-Value Fan,7,21,3548.0,168.95,60,3
F069082,Phoenix,25-34,High-Value Fan,7,17,3548.0,208.69,60,3
F034845,Scottsdale,25-34,High-Value Fan,5,18,3546.0,197.01,47,3
F032075,Phoenix,25-34,High-Value Fan,11,26,3544.0,136.29,53,3
F028143,Mesa,45-54,At-Risk Fan,8,17,3538.0,208.13,100,3
F029874,Phoenix,35-44,High-Value Fan,7,23,3530.0,153.47,100,3
F046807,Tempe,25-34,High-Value Fan,6,20,3529.0,176.46,90,3
F042093,Out of State,25-34,High-Value Fan,7,15,3529.0,235.25,65,3
F047097,Peoria,35-44,High-Value Fan,9,24,3528.0,147.01,73,3
F008114,Scottsdale,55-64,At-Risk Fan,9,22,3525.0,160.21,89,3
F071791,Out of State,18-24,At-Risk Fan,10,21,3524.0,167.82,54,3
F028069,Tempe,25-34,High-Value Fan,9,23,3523.0,153.18,67,3
F013598,Out of State,35-44,High-Value Fan,7,22,3523.0,160.15,87,3
F066696,Gilbert,35-44,High-Value Fan,9,18,3522.0,195.67,77,3
F023980,Phoenix,25-34,High-Value Fan,7,22,3521.0,160.06,87,3
F029402,Glendale,35-44,High-Value Fan,14,63,3519.0,55.86,56,3
F016356,Glendale,45-54,High-Value Fan,12,24,3518.0,146.6,57,3
F049534,Scottsdale,45-54,High-Value Fan,5,14,3518.0,251.28,60,3
F067761,Phoenix,55-64,At-Risk Fan,8,24,3517.0,146.53,90,3
F059440,Phoenix,25-34,At-Risk Fan,6,16,3515.0,219.67,80,3
F003862,Phoenix,45-54,High-Value Fan,10,26,3513.0,135.1,53,3
F027366,Phoenix,25-34,High-Value Fan,5,16,3508.0,219.23,60,3
F010054,Phoenix,18-24,High-Value Fan,8,18,3504.0,194.66,97,3
F030427,Out of State,25-34,High-Value Fan,7,23,3502.0,152.28,87,3
F018188,Phoenix,18-24,High-Value Fan,6,17,3499.0,205.83,80,3
F039426,Phoenix,45-54,High-Value Fan,9,26,3499.0,134.57,82,3
F060295,Out of State,18-24,High-Value Fan,8,22,3498.0,159.01,52,3
F069078,Tempe,25-34,High-Value Fan,7,22,3497.0,158.96,55,3
F053963,Tucson,25-34,At-Risk Fan,7,18,3495.0,194.18,80,3
F009883,Gilbert,25-34,High-Value Fan,8,19,3490.0,183.67,44,3
F067100,Tempe,45-54,High-Value Fan,9,25,3488.0,139.53,87,3
F034482,Mesa,35-44,High-Value Fan,9,27,3488.0,129.18,100,3
F066490,Phoenix,18-24,High-Value Fan,9,23,3486.0,151.58,60,3
F056239,Phoenix,35-44,High-Value Fan,9,24,3486.0,145.24,52,3
F007497,Chandler,25-34,High-Value Fan,9,24,3483.0,145.14,90,3
F033187,Scottsdale,18-24,High-Value Fan,7,16,3482.0,217.62,73,3
F014930,Phoenix,25-34,High-Value Fan,8,24,3479.0,144.97,60,3
F010415,Tucson,25-34,High-Value Fan,8,23,3478.0,151.2,73,3
F006521,Phoenix,25-34,High-Value Fan,9,20,3476.0,173.81,80,3
F058025,Mesa,35-44,High-Value Fan,10,26,3476.0,133.69,98,3
F071458,Phoenix,35-44,High-Value Fan,8,21,3476.0,165.52,54,3
F051236,Phoenix,25-34,High-Value Fan,8,24,3474.0,144.76,95,3
F044222,Tempe,35-44,High-Value Fan,7,22,3473.0,157.85,57,3
F067739,Gilbert,25-34,High-Value Fan,9,25,3472.0,138.87,60,3
F005788,Tucson,45-54,High-Value Fan,7,23,3470.0,150.87,60,3
F047910,Phoenix,25-34,High-Value Fan,10,24,3470.0,144.58,80,3
F041875,Glendale,45-54,High-Value Fan,5,19,3469.0,182.6,60,3
F037912,Phoenix,18-24,High-Value Fan,6,19,3469.0,182.59,64,3
F045878,Scottsdale,25-34,High-Value Fan,9,19,3468.0,182.52,51,3
F043747,Gilbert,25-34,High-Value Fan,8,21,3466.0,165.03,97,3
F035892,Tucson,45-54,At-Risk Fan,9,22,3465.0,157.5,87,3
F029121,Phoenix,25-34,High-Value Fan,6,20,3460.0,173.02,97,3
F031721,Out of State,18-24,High-Value Fan,9,19,3460.0,182.1,100,3
F055955,Tempe,25-34,At-Risk Fan,9,23,3458.0,150.35,100,3
F059696,Chandler,25-34,High-Value Fan,7,15,3457.0,230.45,92,3
F025197,Chandler,18-24,High-Value Fan,7,19,3455.0,181.82,73,3
F018052,Mesa,25-34,At-Risk Fan,8,25,3452.0,138.07,63,3
F011450,Tempe,25-34,High-Value Fan,9,24,3450.0,143.74,77,3
F010706,Scottsdale,18-24,High-Value Fan,6,26,3449.0,132.64,73,3
F016352,Scottsdale,25-34,At-Risk Fan,10,23,3447.0,149.89,50,3
F068080,Gilbert,45-54,High-Value Fan,8,21,3447.0,164.13,60,3
F009947,Tempe,35-44,High-Value Fan,10,24,3446.0,143.59,80,3
F009540,Out of State,35-44,High-Value Fan,6,20,3445.0,172.27,100,3
F032856,Tempe,45-54,High-Value Fan,6,21,3444.0,163.99,57,3
F064432,Tucson,25-34,High-Value Fan,9,22,3444.0,156.53,92,3
F055758,Phoenix,45-54,High-Value Fan,6,19,3441.0,181.11,77,3
F072026,Peoria,45-54,High-Value Fan,7,20,3440.0,172.0,43,3
F004535,Phoenix,45-54,High-Value Fan,5,9,3439.0,382.15,80,3
F014927,Phoenix,35-44,High-Value Fan,9,24,3439.0,143.3,48,3
F012070,Scottsdale,18-24,High-Value Fan,6,20,3438.0,171.88,97,3
F024090,Phoenix,25-34,At-Risk Fan,5,21,3435.0,163.59,84,3
F072663,Chandler,35-44,At-Risk Fan,9,22,3433.0,156.04,84,3
F027985,Out of State,55-64,High-Value Fan,8,22,3432.0,156.0,49,3
F033755,Mesa,25-34,High-Value Fan,20,65,3431.0,52.79,94,3
F025789,Out of State,35-44,High-Value Fan,6,14,3431.0,245.09,73,3
F017382,Phoenix,25-34,High-Value Fan,8,16,3430.0,214.4,69,3
F007496,Chandler,18-24,High-Value Fan,5,18,3430.0,190.55,60,3
F071687,Phoenix,35-44,High-Value Fan,7,20,3429.0,171.43,97,3
F027284,Phoenix,18-24,At-Risk Fan,6,21,3426.0,163.16,97,3
F011820,Peoria,35-44,High-Value Fan,7,18,3426.0,190.34,53,3
F007481,Phoenix,35-44,High-Value Fan,5,15,3425.0,228.33,60,3
F043511,Phoenix,35-44,High-Value Fan,9,21,3422.0,162.98,80,3
F068809,Phoenix,18-24,High-Value Fan,6,16,3420.0,213.76,76,3
F040563,Mesa,25-34,High-Value Fan,8,22,3419.0,155.4,87,3
F070575,Glendale,25-34,High-Value Fan,9,20,3419.0,170.93,87,3
F020098,Scottsdale,35-44,High-Value Fan,25,64,3418.0,53.4,59,3
F060483,Scottsdale,25-34,High-Value Fan,8,23,3416.0,148.54,52,3
F014745,Chandler,35-44,High-Value Fan,6,21,3415.0,162.61,70,3
F057879,Scottsdale,45-54,High-Value Fan,8,22,3414.0,155.17,60,3
F059681,Gilbert,25-34,High-Value Fan,10,24,3412.0,142.16,98,3
F045358,Phoenix,25-34,High-Value Fan,8,18,3412.0,189.53,60,3
F024678,Phoenix,55-64,High-Value Fan,5,15,3406.0,227.05,56,3
F027317,Out of State,25-34,High-Value Fan,9,22,3404.0,154.73,92,3
F011112,Phoenix,25-34,High-Value Fan,28,70,3401.0,48.59,95,3
F028145,Mesa,35-44,High-Value Fan,5,16,3398.0,212.35,80,3
F023184,Phoenix,55-64,High-Value Fan,9,24,3393.0,141.37,57,3
F040639,Tempe,35-44,High-Value Fan,6,19,3389.0,178.39,35,3
F032938,Phoenix,45-54,High-Value Fan,7,21,3387.0,161.29,68,3
F045855,Phoenix,18-24,High-Value Fan,10,22,3387.0,153.93,100,3
F040161,Scottsdale,45-54,High-Value Fan,7,15,3385.0,225.7,69,3
F017199,Phoenix,35-44,High-Value Fan,8,22,3384.0,153.81,100,3
F071342,Out of State,35-44,High-Value Fan,5,17,3383.0,198.99,73,3
F063805,Phoenix,25-34,At-Risk Fan,7,21,3382.0,161.07,81,3
F017303,Scottsdale,35-44,High-Value Fan,7,20,3381.0,169.05,84,3
F064770,Mesa,18-24,High-Value Fan,6,19,3381.0,177.93,54,3
F061173,Phoenix,55-64,High-Value Fan,9,27,3380.0,125.18,96,3
F011696,Mesa,35-44,High-Value Fan,8,19,3378.0,177.8,74,3
F027310,Out of State,45-54,High-Value Fan,7,24,3378.0,140.75,80,3
F041838,Mesa,25-34,High-Value Fan,9,21,3377.0,160.82,80,3
F009523,Phoenix,25-34,High-Value Fan,8,21,3375.0,160.74,74,3
F034885,Scottsdale,45-54,High-Value Fan,8,23,3374.0,146.71,55,3
F060422,Peoria,25-34,At-Risk Fan,6,20,3374.0,168.69,80,3
F069170,Phoenix,25-34,High-Value Fan,30,70,3373.0,48.18,92,3
F058181,Tempe,35-44,High-Value Fan,9,22,3372.0,153.28,71,3
F021293,Phoenix,18-24,High-Value Fan,6,18,3370.0,187.23,53,3
F035274,Phoenix,18-24,At-Risk Fan,6,15,3368.0,224.56,76,3
F015535,Gilbert,18-24,High-Value Fan,9,25,3367.0,134.68,60,3
F011512,Mesa,18-24,High-Value Fan,8,19,3367.0,177.18,70,3
F015680,Phoenix,25-34,High-Value Fan,8,21,3363.0,160.14,65,3
F057036,Mesa,35-44,High-Value Fan,7,20,3362.0,168.12,60,3
F056688,Peoria,35-44,High-Value Fan,7,17,3361.0,197.72,84,3
F009544,Phoenix,35-44,High-Value Fan,24,84,3361.0,40.01,76,3
F037738,Gilbert,25-34,High-Value Fan,6,19,3360.0,176.86,100,3
F072582,Phoenix,35-44,High-Value Fan,6,20,3357.0,167.85,100,3
F017557,Mesa,35-44,High-Value Fan,8,24,3355.0,139.8,100,3
F025248,Phoenix,18-24,High-Value Fan,9,23,3353.0,145.8,97,3
F012493,Tempe,25-34,High-Value Fan,9,20,3353.0,167.65,51,3
F070782,Phoenix,18-24,At-Risk Fan,7,17,3352.0,197.19,72,3
F053782,Scottsdale,25-34,High-Value Fan,10,22,3351.0,152.33,100,3
F037563,Chandler,35-44,High-Value Fan,7,16,3351.0,209.44,100,3
F010208,Chandler,25-34,At-Risk Fan,8,16,3350.0,209.38,90,3
F038390,Glendale,35-44,High-Value Fan,9,21,3347.0,159.38,43,3
F025640,Mesa,18-24,High-Value Fan,7,19,3346.0,176.12,38,3
F069855,Gilbert,35-44,High-Value Fan,6,19,3346.0,176.11,61,3
F040301,Mesa,35-44,High-Value Fan,7,18,3345.0,185.86,87,3
F017961,Phoenix,45-54,At-Risk Fan,6,16,3342.0,208.86,60,3
F018181,Tempe,25-34,High-Value Fan,7,22,3340.0,151.84,80,3
F022978,Tempe,25-34,High-Value Fan,7,22,3337.0,151.68,77,3
F067007,Chandler,25-34,High-Value Fan,8,18,3335.0,185.26,77,3
F032769,Chandler,25-34,At-Risk Fan,9,21,3332.0,158.66,89,3
F005902,Glendale,35-44,High-Value Fan,5,17,3331.0,195.94,62,3
F064204,Tempe,45-54,At-Risk Fan,7,16,3330.0,208.12,56,3
F070636,Phoenix,45-54,High-Value Fan,9,22,3330.0,151.35,61,3
F046108,Chandler,45-54,High-Value Fan,6,19,3329.0,175.23,87,3
F065368,Mesa,35-44,High-Value Fan,28,72,3327.0,46.21,56,3
F070237,Chandler,35-44,High-Value Fan,10,22,3326.0,151.17,60,3
F011548,Phoenix,45-54,High-Value Fan,10,22,3325.0,151.14,46,3
F035942,Phoenix,25-34,High-Value Fan,9,25,3325.0,132.98,100,3
F037533,Phoenix,55-64,High-Value Fan,6,18,3323.0,184.62,71,3
F030919,Tempe,25-34,High-Value Fan,10,24,3322.0,138.42,92,3
F027629,Phoenix,25-34,High-Value Fan,10,27,3321.0,123.01,93,3
F028780,Phoenix,25-34,High-Value Fan,24,64,3321.0,51.89,97,3
F049571,Chandler,35-44,High-Value Fan,6,19,3320.0,174.76,60,3
F020518,Chandler,45-54,At-Risk Fan,6,20,3320.0,166.0,57,3
F041005,Phoenix,25-34,High-Value Fan,5,25,3319.0,132.78,60,3
F038834,Phoenix,35-44,High-Value Fan,23,70,3319.0,47.42,79,3
F039325,Phoenix,25-34,High-Value Fan,8,17,3319.0,195.21,70,3
F061347,Phoenix,35-44,High-Value Fan,29,68,3318.0,48.8,54,3
F049344,Phoenix,18-24,High-Value Fan,8,22,3316.0,150.74,100,3
F061549,Phoenix,18-24,High-Value Fan,7,19,3314.0,174.44,61,3
F035743,Gilbert,18-24,At-Risk Fan,9,19,3314.0,174.44,64,3
F072370,Tempe,55-64,High-Value Fan,6,15,3312.0,220.82,79,3
F051127,Chandler,35-44,High-Value Fan,9,24,3310.0,137.93,95,3
F054242,Phoenix,35-44,High-Value Fan,6,17,3310.0,194.72,60,3
F060874,Scottsdale,25-34,High-Value Fan,7,21,3309.0,157.55,60,3
F059825,Phoenix,35-44,High-Value Fan,5,13,3308.0,254.48,60,3
F019527,Glendale,45-54,High-Value Fan,6,18,3307.0,183.7,97,3
F064021,Phoenix,18-24,High-Value Fan,10,20,3305.0,165.23,57,3
F042698,Mesa,25-34,High-Value Fan,8,20,3303.0,165.17,60,3
F016713,Peoria,35-44,High-Value Fan,9,25,3302.0,132.08,82,3
F054058,Scottsdale,18-24,High-Value Fan,6,24,3302.0,137.58,50,3
F033402,Tucson,25-34,High-Value Fan,8,18,3302.0,183.42,90,3
F071131,Phoenix,18-24,High-Value Fan,8,23,3301.0,143.54,81,3
F021261,Glendale,35-44,High-Value Fan,23,69,3300.0,47.82,97,3
F047788,Out of State,35-44,High-Value Fan,6,15,3298.0,219.89,100,3
F053565,Gilbert,35-44,High-Value Fan,6,16,3293.0,205.84,60,3
F053961,Phoenix,25-34,High-Value Fan,23,68,3293.0,48.43,59,3
F033316,Scottsdale,35-44,High-Value Fan,5,14,3291.0,235.07,80,3
F047870,Gilbert,45-54,High-Value Fan,5,15,3290.0,219.31,48,3
F010001,Tempe,55-64,High-Value Fan,7,20,3289.0,164.46,60,3
F026537,Phoenix,25-34,At-Risk Fan,8,21,3289.0,156.61,87,3
F038545,Tempe,35-44,High-Value Fan,5,15,3288.0,219.2,56,3
F004563,Phoenix,35-44,High-Value Fan,7,17,3288.0,193.4,89,3
F024613,Phoenix,18-24,High-Value Fan,9,21,3287.0,156.54,77,3
F016518,Gilbert,35-44,High-Value Fan,6,19,3287.0,172.99,73,3
F017035,Tucson,25-34,High-Value Fan,24,64,3287.0,51.35,60,3
F050294,Scottsdale,18-24,High-Value Fan,5,18,3286.0,182.55,63,3
F036896,Scottsdale,25-34,High-Value Fan,23,61,3284.0,53.83,57,3
F056974,Out of State,18-24,High-Value Fan,8,22,3283.0,149.25,97,3
F019725,Out of State,25-34,High-Value Fan,10,22,3283.0,149.23,100,3
F062566,Phoenix,25-34,High-Value Fan,8,19,3281.0,172.66,73,3
F007765,Phoenix,18-24,High-Value Fan,6,16,3277.0,204.79,87,3
F069557,Glendale,45-54,High-Value Fan,5,15,3276.0,218.38,57,3
F051779,Mesa,18-24,High-Value Fan,9,22,3274.0,148.8,100,3
F059611,Chandler,18-24,High-Value Fan,5,14,3272.0,233.69,47,3
F046838,Gilbert,25-34,High-Value Fan,5,26,3269.0,125.74,60,3
F036094,Phoenix,18-24,High-Value Fan,5,17,3268.0,192.26,60,3
F063245,Mesa,35-44,High-Value Fan,6,21,3268.0,155.63,80,3
F034031,Mesa,18-24,High-Value Fan,7,20,3266.0,163.3,67,3
F015526,Phoenix,45-54,High-Value Fan,7,22,3264.0,148.36,49,3
F006854,Out of State,25-34,High-Value Fan,8,20,3263.0,163.17,91,3
F050891,Scottsdale,25-34,High-Value Fan,7,15,3260.0,217.33,80,3
F035871,Scottsdale,25-34,High-Value Fan,10,22,3259.0,148.11,100,3
F050048,Scottsdale,45-54,High-Value Fan,10,23,3257.0,141.59,77,3
F017276,Tempe,25-34,High-Value Fan,8,17,3256.0,191.51,60,3
F054457,Tempe,18-24,High-Value Fan,8,19,3254.0,171.25,91,3
F063135,Phoenix,45-54,At-Risk Fan,7,22,3253.0,147.86,90,3
F061626,Phoenix,35-44,At-Risk Fan,5,16,3251.0,203.2,76,3
F028193,Phoenix,35-44,High-Value Fan,7,19,3251.0,171.1,100,3
F045341,Peoria,25-34,High-Value Fan,10,22,3251.0,147.76,92,3
F028480,Out of State,45-54,At-Risk Fan,8,20,3251.0,162.54,70,3
F029574,Out of State,45-54,High-Value Fan,9,23,3250.0,141.29,60,3
F017012,Tempe,55-64,High-Value Fan,6,18,3248.0,180.44,80,3
F061204,Scottsdale,35-44,High-Value Fan,7,19,3244.0,170.74,80,3
F037269,Phoenix,35-44,High-Value Fan,7,17,3244.0,190.8,80,3
F047195,Phoenix,25-34,High-Value Fan,6,20,3243.0,162.17,100,3
F021474,Chandler,25-34,At-Risk Fan,7,15,3243.0,216.2,60,3
F068901,Phoenix,18-24,High-Value Fan,7,15,3243.0,216.19,60,3
F032941,Tempe,55-64,High-Value Fan,9,17,3243.0,190.74,86,3
F054869,Peoria,25-34,High-Value Fan,5,17,3239.0,190.51,39,3
F062013,Phoenix,25-34,High-Value Fan,6,20,3238.0,161.88,80,3
F014031,Scottsdale,25-34,High-Value Fan,9,20,3236.0,161.81,100,3
F067081,Tucson,18-24,High-Value Fan,5,15,3231.0,215.38,71,3
F058107,Mesa,35-44,High-Value Fan,10,23,3227.0,140.29,95,3
F010703,Phoenix,18-24,High-Value Fan,23,66,3225.0,48.86,58,3
F051119,Tempe,45-54,High-Value Fan,5,17,3223.0,189.6,60,3
F053307,Phoenix,25-34,High-Value Fan,7,19,3219.0,169.43,97,3
F054053,Phoenix,45-54,High-Value Fan,6,22,3218.0,146.26,64,3
F003323,Phoenix,45-54,High-Value Fan,5,18,3218.0,178.75,80,3
F033530,Glendale,35-44,High-Value Fan,10,21,3215.0,153.12,54,3
F040664,Gilbert,45-54,High-Value Fan,31,67,3215.0,47.98,56,3
F028463,Scottsdale,35-44,High-Value Fan,29,70,3213.0,45.9,94,3
F022775,Tempe,35-44,High-Value Fan,27,66,3213.0,48.68,94,3
F061172,Tempe,25-34,High-Value Fan,7,15,3212.0,214.12,60,3
F050766,Phoenix,35-44,At-Risk Fan,6,21,3212.0,152.94,87,3
F019922,Scottsdale,35-44,High-Value Fan,7,19,3211.0,169.0,84,3
F059864,Phoenix,35-44,High-Value Fan,6,20,3209.0,160.43,57,3
F027715,Scottsdale,35-44,High-Value Fan,8,22,3206.0,145.74,60,3
F059862,Glendale,18-24,High-Value Fan,8,21,3204.0,152.58,81,3
F029946,Tempe,35-44,High-Value Fan,6,20,3204.0,160.19,74,3
F012463,Tucson,25-34,At-Risk Fan,9,20,3201.0,160.03,51,3
F034663,Out of State,25-34,High-Value Fan,7,17,3200.0,188.22,60,3
F047506,Phoenix,55-64,High-Value Fan,7,19,3196.0,168.22,80,3
F051431,Glendale,45-54,High-Value Fan,22,64,3193.0,49.88,56,3
F022360,Phoenix,25-34,High-Value Fan,7,20,3191.0,159.54,62,3
F063538,Gilbert,25-34,High-Value Fan,9,20,3190.0,159.5,97,3
F030685,Out of State,45-54,High-Value Fan,6,15,3190.0,212.64,60,3
F011448,Glendale,18-24,High-Value Fan,7,21,3189.0,151.86,60,3
F054069,Tempe,35-44,High-Value Fan,6,18,3188.0,177.11,57,3
F064408,Phoenix,18-24,High-Value Fan,6,18,3187.0,177.04,60,3
F032414,Peoria,45-54,High-Value Fan,7,24,3184.0,132.68,57,3
F024174,Phoenix,25-34,High-Value Fan,6,19,3182.0,167.5,97,3
F022368,Glendale,25-34,High-Value Fan,7,19,3182.0,167.46,74,3
F050643,Scottsdale,25-34,High-Value Fan,8,20,3179.0,158.95,60,3
F039508,Chandler,55-64,High-Value Fan,6,16,3177.0,198.58,60,3
F012403,Phoenix,25-34,High-Value Fan,8,18,3177.0,176.48,53,3
F005267,Glendale,35-44,High-Value Fan,9,20,3176.0,158.78,57,3
F026923,Phoenix,25-34,High-Value Fan,10,21,3175.0,151.18,84,3
F021726,Peoria,18-24,High-Value Fan,5,17,3174.0,186.69,70,3
F061584,Phoenix,25-34,High-Value Fan,9,21,3173.0,151.1,57,3
F062314,Phoenix,18-24,At-Risk Fan,7,21,3172.0,151.05,73,3
F017129,Tempe,45-54,High-Value Fan,8,19,3169.0,166.81,44,3
F027639,Scottsdale,55-64,High-Value Fan,14,65,3169.0,48.76,98,3
F058879,Phoenix,18-24,High-Value Fan,6,17,3162.0,186.03,56,3
F047620,Tempe,25-34,High-Value Fan,7,18,3162.0,175.67,67,3
F015599,Phoenix,18-24,High-Value Fan,6,18,3162.0,175.67,80,3
F008790,Scottsdale,25-34,High-Value Fan,5,16,3159.0,197.42,60,3
F031440,Chandler,35-44,High-Value Fan,6,18,3157.0,175.4,97,3
F026742,Tempe,45-54,High-Value Fan,22,60,3155.0,52.58,58,3
F070519,Glendale,25-34,High-Value Fan,6,13,3155.0,242.68,95,3
F041316,Gilbert,25-34,High-Value Fan,7,18,3153.0,175.18,73,3
F011113,Phoenix,65+,High-Value Fan,8,18,3153.0,175.15,80,3
F065683,Tempe,35-44,High-Value Fan,6,16,3153.0,197.04,100,3
F030192,Mesa,25-34,High-Value Fan,7,20,3150.0,157.49,71,3
F066416,Phoenix,35-44,At-Risk Fan,6,17,3148.0,185.19,60,3
F008429,Phoenix,25-34,High-Value Fan,10,23,3147.0,136.83,68,3
F053590,Tempe,35-44,High-Value Fan,7,14,3147.0,224.79,59,3
F042755,Phoenix,35-44,High-Value Fan,7,21,3145.0,149.78,57,3
F015076,Phoenix,25-34,High-Value Fan,6,20,3145.0,157.24,80,3
F022018,Tucson,18-24,High-Value Fan,11,59,3144.0,53.28,67,3
F047477,Gilbert,45-54,High-Value Fan,10,22,3139.0,142.66,97,3
F051892,Tempe,25-34,High-Value Fan,8,21,3138.0,149.45,60,3
F024874,Peoria,35-44,High-Value Fan,5,16,3135.0,195.94,96,3
F072707,Phoenix,35-44,High-Value Fan,7,19,3134.0,164.95,47,3
F047955,Phoenix,25-34,High-Value Fan,8,22,3134.0,142.44,95,3
F051235,Peoria,55-64,High-Value Fan,6,20,3133.0,156.65,71,3
F024725,Mesa,25-34,High-Value Fan,25,67,3131.0,46.73,60,3
F020787,Gilbert,18-24,High-Value Fan,9,20,3131.0,156.56,100,3
F050118,Phoenix,25-34,At-Risk Fan,6,15,3131.0,208.72,84,3
F069808,Glendale,18-24,High-Value Fan,5,14,3131.0,223.61,51,3
F018869,Mesa,45-54,High-Value Fan,9,22,3131.0,142.3,60,3
F003943,Chandler,18-24,High-Value Fan,9,20,3129.0,156.43,80,3
F068911,Chandler,18-24,High-Value Fan,5,17,3127.0,183.92,90,3
F027262,Phoenix,18-24,High-Value Fan,6,19,3126.0,164.54,100,3
F005266,Mesa,35-44,High-Value Fan,25,63,3126.0,49.62,53,3
F031551,Tempe,55-64,High-Value Fan,12,22,3123.0,141.93,95,3
F006546,Glendale,35-44,High-Value Fan,6,17,3120.0,183.54,70,3
F060337,Glendale,25-34,High-Value Fan,8,21,3119.0,148.53,97,3
F072744,Chandler,45-54,High-Value Fan,7,21,3118.0,148.49,57,3
F031684,Scottsdale,25-34,High-Value Fan,7,20,3116.0,155.81,48,3
F067994,Phoenix,55-64,High-Value Fan,10,23,3115.0,135.41,100,3
F034716,Chandler,45-54,At-Risk Fan,7,21,3111.0,148.13,80,3
F022804,Mesa,45-54,High-Value Fan,7,22,3111.0,141.39,55,3
F060707,Gilbert,25-34,At-Risk Fan,6,15,3110.0,207.37,90,3
F013761,Chandler,35-44,High-Value Fan,6,17,3109.0,182.9,56,3
F034052,Tucson,45-54,High-Value Fan,21,62,3109.0,50.14,100,3
F040671,Tucson,18-24,High-Value Fan,8,20,3106.0,155.32,84,3
F018725,Gilbert,25-34,High-Value Fan,5,18,3106.0,172.55,60,3
F050901,Chandler,25-34,High-Value Fan,8,21,3105.0,147.88,60,3
F055116,Glendale,35-44,High-Value Fan,7,17,3100.0,182.38,69,3
F041797,Peoria,45-54,High-Value Fan,6,17,3097.0,182.16,100,3
F049888,Chandler,45-54,At-Risk Fan,7,20,3096.0,154.78,60,3
F038821,Tempe,35-44,High-Value Fan,8,21,3095.0,147.38,60,3
F064884,Mesa,25-34,High-Value Fan,5,15,3093.0,206.18,96,3
F068830,Peoria,25-34,High-Value Fan,25,59,3092.0,52.41,55,3
F057175,Mesa,25-34,High-Value Fan,10,21,3091.0,147.19,60,3
F032404,Phoenix,35-44,High-Value Fan,7,17,3089.0,181.71,96,3
F029662,Chandler,25-34,At-Risk Fan,6,15,3087.0,205.8,72,3
F012904,Glendale,25-34,High-Value Fan,6,19,3084.0,162.29,70,3
F067303,Phoenix,45-54,High-Value Fan,25,61,3083.0,50.55,100,3
F067501,Mesa,55-64,High-Value Fan,16,57,3083.0,54.08,99,3
F011183,Phoenix,35-44,High-Value Fan,9,19,3080.0,162.1,97,3
F010511,Phoenix,45-54,At-Risk Fan,7,21,3077.0,146.52,81,3
F027216,Gilbert,18-24,High-Value Fan,5,16,3077.0,192.31,60,3
F037079,Tucson,35-44,High-Value Fan,8,17,3074.0,180.83,59,3
F028885,Peoria,55-64,High-Value Fan,6,17,3072.0,180.69,46,3
F040735,Mesa,18-24,High-Value Fan,6,18,3071.0,170.63,93,3
F017737,Out of State,18-24,High-Value Fan,7,20,3071.0,153.53,100,3
F044234,Out of State,25-34,High-Value Fan,9,18,3070.0,170.54,57,3
F012488,Phoenix,35-44,High-Value Fan,5,15,3069.0,204.63,60,3
F066026,Chandler,35-44,High-Value Fan,8,18,3068.0,170.46,60,3
F068002,Chandler,45-54,High-Value Fan,8,20,3065.0,153.23,57,3
F046350,Tucson,18-24,High-Value Fan,8,18,3064.0,170.25,73,3
F011980,Phoenix,35-44,High-Value Fan,5,15,3063.0,204.19,92,3
F067562,Chandler,55-64,High-Value Fan,7,20,3062.0,153.11,88,3
F046562,Phoenix,45-54,High-Value Fan,11,21,3062.0,145.8,79,3
F050930,Gilbert,25-34,High-Value Fan,6,16,3061.0,191.31,52,3
F062207,Phoenix,35-44,High-Value Fan,9,20,3061.0,153.04,76,3
F022505,Phoenix,18-24,High-Value Fan,8,21,3059.0,145.66,70,3
F033695,Chandler,18-24,High-Value Fan,10,19,3057.0,160.89,100,3
F061645,Mesa,55-64,High-Value Fan,8,19,3054.0,160.76,100,3
F029123,Phoenix,35-44,High-Value Fan,6,22,3054.0,138.82,80,3
F060235,Tempe,35-44,High-Value Fan,24,60,3053.0,50.89,96,3
F012981,Mesa,25-34,High-Value Fan,5,19,3053.0,160.68,87,3
F061726,Phoenix,45-54,At-Risk Fan,9,22,3053.0,138.75,60,3
F022072,Tempe,35-44,High-Value Fan,7,19,3049.0,160.49,60,3
F009939,Phoenix,35-44,At-Risk Fan,10,22,3049.0,138.6,75,3
F021361,Out of State,35-44,High-Value Fan,7,18,3046.0,169.24,87,3
F019331,Scottsdale,18-24,High-Value Fan,8,20,3045.0,152.23,65,3
F009703,Peoria,35-44,High-Value Fan,7,18,3043.0,169.05,60,3
F021538,Phoenix,25-34,High-Value Fan,7,18,3042.0,169.02,100,3
F033240,Mesa,35-44,High-Value Fan,9,18,3041.0,168.97,100,3
F026159,Phoenix,25-34,High-Value Fan,18,66,3041.0,46.08,57,3
F043493,Mesa,35-44,High-Value Fan,8,19,3040.0,160.02,57,3
F049872,Phoenix,35-44,High-Value Fan,8,15,3040.0,202.64,73,3
F029017,Phoenix,35-44,At-Risk Fan,8,19,3034.0,159.69,87,3
F033427,Phoenix,25-34,High-Value Fan,6,21,3034.0,144.47,73,3
F058326,Phoenix,35-44,At-Risk Fan,6,18,3031.0,168.37,87,3
F062279,Phoenix,25-34,High-Value Fan,7,15,3028.0,201.88,56,3
F028999,Phoenix,18-24,At-Risk Fan,6,16,3028.0,189.23,77,3
F072539,Phoenix,35-44,High-Value Fan,8,16,3026.0,189.13,89,3
F023742,Mesa,35-44,At-Risk Fan,7,21,3026.0,144.09,91,3
F030475,Gilbert,25-34,At-Risk Fan,9,20,3026.0,151.29,60,3
F061954,Chandler,25-34,High-Value Fan,8,17,3024.0,177.89,80,3
F070966,Out of State,35-44,High-Value Fan,6,19,3023.0,159.12,60,3
F053806,Scottsdale,35-44,At-Risk Fan,5,16,3023.0,188.95,68,3
F003698,Gilbert,35-44,High-Value Fan,25,64,3023.0,47.23,98,3
F009000,Glendale,25-34,High-Value Fan,6,15,3023.0,201.52,72,3
F062683,Tempe,18-24,High-Value Fan,19,58,3022.0,52.11,59,3
F018010,Scottsdale,35-44,High-Value Fan,25,63,3021.0,47.95,71,3
F029943,Chandler,18-24,At-Risk Fan,6,21,3021.0,143.84,84,3
F057135,Scottsdale,25-34,High-Value Fan,6,19,3018.0,158.85,87,3
F025310,Phoenix,35-44,High-Value Fan,6,19,3017.0,158.8,80,3
F067261,Phoenix,35-44,High-Value Fan,9,20,3015.0,150.73,87,3
F052484,Phoenix,35-44,High-Value Fan,7,19,3014.0,158.62,100,3
F056005,Phoenix,55-64,High-Value Fan,11,22,3013.0,136.97,71,3
F041580,Scottsdale,25-34,High-Value Fan,8,17,3013.0,177.25,60,3
F018311,Phoenix,35-44,High-Value Fan,7,20,3013.0,150.64,100,3
F022746,Glendale,25-34,At-Risk Fan,8,21,3012.0,143.43,84,3
F015927,Chandler,18-24,High-Value Fan,8,20,3008.0,150.38,57,3
F043148,Phoenix,25-34,High-Value Fan,7,18,3008.0,167.08,57,3
F019427,Scottsdale,18-24,High-Value Fan,7,19,3007.0,158.27,57,3
F023553,Mesa,35-44,High-Value Fan,8,15,3006.0,200.43,52,3
F044351,Out of State,35-44,High-Value Fan,7,20,3006.0,150.31,60,3
F030043,Peoria,18-24,High-Value Fan,6,16,3005.0,187.84,70,3
F034898,Chandler,25-34,High-Value Fan,6,15,3004.0,200.25,83,3
F041427,Chandler,35-44,High-Value Fan,7,15,3003.0,200.18,96,3
F065008,Mesa,45-54,High-Value Fan,8,20,3001.0,150.06,100,3
F019276,Gilbert,45-54,High-Value Fan,6,19,2999.0,157.86,80,3
F039565,Out of State,45-54,High-Value Fan,9,20,2999.0,149.94,87,3
F056243,Phoenix,45-54,High-Value Fan,6,16,2998.0,187.39,79,3
F024292,Phoenix,25-34,High-Value Fan,6,18,2997.0,166.49,70,3
F065145,Mesa,45-54,High-Value Fan,11,21,2996.0,142.68,60,3
F020540,Chandler,25-34,High-Value Fan,8,18,2996.0,166.44,73,3
F057566,Tempe,35-44,High-Value Fan,7,20,2995.0,149.77,71,3
F063178,Gilbert,18-24,High-Value Fan,7,21,2994.0,142.57,84,3
F040044,Mesa,18-24,At-Risk Fan,5,17,2993.0,176.05,69,3
F003543,Mesa,35-44,At-Risk Fan,6,21,2992.0,142.5,100,3
F007713,Gilbert,18-24,High-Value Fan,12,58,2992.0,51.59,75,3
F014441,Gilbert,45-54,High-Value Fan,14,59,2992.0,50.72,97,3
F047860,Chandler,65+,High-Value Fan,5,13,2991.0,230.11,64,3
F036662,Tucson,25-34,High-Value Fan,8,20,2991.0,149.56,87,3
F064254,Gilbert,35-44,High-Value Fan,5,22,2991.0,135.96,57,3
F054118,Phoenix,45-54,High-Value Fan,6,18,2990.0,166.09,63,3
F061749,Phoenix,25-34,At-Risk Fan,8,17,2989.0,175.8,90,3
F047865,Gilbert,25-34,At-Risk Fan,9,20,2987.0,149.35,85,3
F022425,Peoria,45-54,High-Value Fan,8,18,2985.0,165.84,60,3
F004725,Phoenix,35-44,High-Value Fan,5,14,2984.0,213.16,43,3
F020304,Chandler,25-34,High-Value Fan,6,17,2982.0,175.44,100,3
F017477,Peoria,18-24,High-Value Fan,6,18,2982.0,165.68,77,3
F022034,Phoenix,55-64,High-Value Fan,7,22,2982.0,135.54,81,3
F019188,Mesa,18-24,High-Value Fan,16,61,2982.0,48.88,96,3
F019490,Scottsdale,25-34,High-Value Fan,7,20,2980.0,149.01,94,3
F067294,Gilbert,25-34,High-Value Fan,6,16,2980.0,186.22,83,3
F013839,Out of State,25-34,At-Risk Fan,6,17,2980.0,175.27,69,3
F062253,Chandler,25-34,High-Value Fan,5,14,2979.0,212.8,90,3
F012106,Phoenix,18-24,High-Value Fan,5,15,2975.0,198.34,100,3
F053592,Scottsdale,55-64,High-Value Fan,5,16,2971.0,185.69,73,3
F027589,Phoenix,45-54,High-Value Fan,23,58,2969.0,51.18,100,3
F071770,Out of State,25-34,High-Value Fan,6,18,2968.0,164.9,70,3
F030482,Chandler,35-44,At-Risk Fan,8,22,2966.0,134.82,81,3
F068196,Gilbert,25-34,High-Value Fan,7,20,2964.0,148.22,100,3
F005623,Scottsdale,25-34,High-Value Fan,20,58,2964.0,51.11,56,3
F041299,Peoria,45-54,High-Value Fan,8,18,2963.0,164.62,83,3
F071795,Chandler,18-24,High-Value Fan,19,69,2963.0,42.94,100,3
F035709,Scottsdale,45-54,High-Value Fan,7,19,2963.0,155.94,57,3
F050486,Phoenix,25-34,High-Value Fan,8,21,2962.0,141.04,65,3
F058393,Peoria,25-34,High-Value Fan,6,17,2959.0,174.04,60,3
F071409,Scottsdale,18-24,High-Value Fan,5,14,2954.0,210.97,74,3
F054999,Phoenix,45-54,High-Value Fan,5,18,2953.0,164.03,100,3
F054859,Phoenix,18-24,High-Value Fan,6,18,2950.0,163.87,80,3
F033056,Mesa,35-44,High-Value Fan,6,16,2949.0,184.29,38,3
F056907,Gilbert,25-34,High-Value Fan,7,20,2946.0,147.28,100,3
F042822,Tucson,45-54,High-Value Fan,6,15,2945.0,196.35,60,3
F053540,Gilbert,45-54,At-Risk Fan,9,18,2943.0,163.48,80,3
F040021,Out of State,25-34,High-Value Fan,8,19,2941.0,154.79,97,3
F020897,Glendale,25-34,High-Value Fan,6,18,2941.0,163.38,57,3
F034227,Phoenix,25-34,High-Value Fan,7,18,2940.0,163.34,100,3
F055272,Glendale,18-24,High-Value Fan,5,17,2939.0,172.87,90,3
F060893,Phoenix,18-24,At-Risk Fan,7,20,2934.0,146.7,60,3
F069491,Out of State,18-24,High-Value Fan,19,60,2934.0,48.9,95,3
F051155,Chandler,45-54,High-Value Fan,5,17,2933.0,172.54,60,3
F051533,Gilbert,18-24,High-Value Fan,5,18,2933.0,162.94,100,3
F024055,Scottsdale,18-24,High-Value Fan,22,55,2933.0,53.32,99,3
F017841,Scottsdale,18-24,High-Value Fan,5,11,2930.0,266.32,55,3
F053168,Scottsdale,35-44,High-Value Fan,7,18,2929.0,162.73,87,3
F009382,Phoenix,35-44,High-Value Fan,6,13,2928.0,225.22,80,3
F051646,Phoenix,35-44,High-Value Fan,25,58,2927.0,50.46,96,3
F067259,Phoenix,18-24,High-Value Fan,9,18,2927.0,162.6,57,3
F018681,Mesa,35-44,At-Risk Fan,7,17,2926.0,172.12,70,3
F017316,Glendale,35-44,High-Value Fan,6,18,2925.0,162.51,90,3
F059801,Phoenix,55-64,High-Value Fan,7,18,2922.0,162.36,53,3
F020780,Out of State,18-24,High-Value Fan,5,12,2921.0,243.38,75,3
F035817,Mesa,35-44,High-Value Fan,5,11,2918.0,265.31,100,3
F050704,Scottsdale,18-24,High-Value Fan,6,17,2918.0,171.64,80,3
F004305,Phoenix,35-44,High-Value Fan,22,59,2917.0,49.45,84,3
F037126,Glendale,35-44,High-Value Fan,10,16,2917.0,182.29,100,3
F003963,Mesa,35-44,High-Value Fan,6,16,2916.0,182.25,60,3
F030358,Phoenix,35-44,High-Value Fan,8,18,2916.0,161.99,93,3
F069609,Phoenix,45-54,High-Value Fan,6,14,2915.0,208.22,80,3
F019985,Mesa,45-54,High-Value Fan,8,17,2914.0,171.42,86,3
F065437,Phoenix,25-34,High-Value Fan,8,18,2914.0,161.87,43,3
F064677,Tempe,45-54,High-Value Fan,7,19,2912.0,153.25,51,3
F020339,Phoenix,45-54,High-Value Fan,5,15,2911.0,194.09,60,3
F052665,Out of State,18-24,High-Value Fan,8,20,2911.0,145.54,100,3
F042100,Scottsdale,25-34,At-Risk Fan,6,14,2910.0,207.89,72,3
F040656,Scottsdale,65+,High-Value Fan,5,16,2908.0,181.77,69,3
F063304,Gilbert,45-54,High-Value Fan,7,20,2905.0,145.25,74,3
F010508,Phoenix,18-24,High-Value Fan,5,18,2903.0,161.3,70,3
F051837,Gilbert,45-54,High-Value Fan,7,15,2903.0,193.52,76,3
F017295,Glendale,25-34,High-Value Fan,8,18,2901.0,161.19,80,3
F061000,Phoenix,25-34,High-Value Fan,7,15,2900.0,193.35,80,3
F033701,Phoenix,45-54,At-Risk Fan,7,13,2900.0,223.05,80,3
F012119,Gilbert,25-34,High-Value Fan,5,18,2898.0,161.0,93,3
F027540,Tempe,18-24,High-Value Fan,23,57,2895.0,50.78,92,3
F025178,Mesa,25-34,High-Value Fan,6,17,2893.0,170.18,100,3
F023427,Phoenix,35-44,High-Value Fan,7,17,2893.0,170.15,80,3
F022061,Out of State,25-34,High-Value Fan,5,15,2892.0,192.82,80,3
F026399,Mesa,35-44,At-Risk Fan,5,15,2892.0,192.8,92,3
F062291,Phoenix,18-24,At-Risk Fan,6,18,2890.0,160.57,80,3
F042000,Mesa,45-54,High-Value Fan,5,15,2890.0,192.68,96,3
F054280,Phoenix,35-44,High-Value Fan,7,18,2884.0,160.24,60,3
F041001,Phoenix,35-44,High-Value Fan,5,18,2884.0,160.22,57,3
F038103,Gilbert,45-54,High-Value Fan,5,12,2881.0,240.12,60,3
F068674,Tucson,25-34,At-Risk Fan,5,18,2879.0,159.96,73,3
F022483,Tempe,45-54,High-Value Fan,7,13,2879.0,221.48,73,3
F013774,Scottsdale,55-64,At-Risk Fan,7,19,2878.0,151.48,57,3
F016877,Phoenix,25-34,High-Value Fan,7,18,2878.0,159.86,53,3
F065548,Phoenix,45-54,High-Value Fan,6,17,2877.0,169.26,80,3
F055797,Out of State,25-34,High-Value Fan,6,20,2877.0,143.86,94,3
F063388,Phoenix,25-34,At-Risk Fan,5,15,2875.0,191.69,56,3
F037357,Peoria,45-54,High-Value Fan,21,56,2874.0,51.32,94,3
F034328,Phoenix,18-24,High-Value Fan,5,13,2874.0,221.05,100,3
F036110,Scottsdale,18-24,High-Value Fan,6,15,2873.0,191.51,60,3
F045498,Tempe,45-54,High-Value Fan,14,64,2873.0,44.88,96,3
F062829,Gilbert,18-24,At-Risk Fan,5,15,2872.0,191.49,100,3
F006602,Tucson,25-34,High-Value Fan,9,19,2872.0,151.15,80,3
F062570,Phoenix,45-54,High-Value Fan,7,15,2872.0,191.45,60,3
F013488,Phoenix,18-24,High-Value Fan,18,57,2872.0,50.38,97,3
F047963,Phoenix,35-44,High-Value Fan,6,15,2869.0,191.29,76,3
F058724,Peoria,45-54,High-Value Fan,6,14,2869.0,204.91,69,3
F069877,Phoenix,45-54,At-Risk Fan,5,16,2869.0,179.29,69,3
F058394,Chandler,25-34,High-Value Fan,6,15,2869.0,191.23,100,3
F007536,Peoria,25-34,High-Value Fan,6,17,2867.0,168.67,100,3
F062395,Peoria,25-34,High-Value Fan,8,17,2867.0,168.64,80,3
F010943,Phoenix,35-44,High-Value Fan,6,16,2866.0,179.13,87,3
F062476,Phoenix,25-34,At-Risk Fan,7,18,2866.0,159.21,70,3
F003454,Phoenix,55-64,High-Value Fan,5,13,2865.0,220.39,84,3
F044126,Mesa,35-44,High-Value Fan,6,16,2862.0,178.87,60,3
F046212,Gilbert,25-34,High-Value Fan,7,18,2862.0,158.99,60,3
F055715,Mesa,35-44,At-Risk Fan,6,14,2859.0,204.19,100,3
F033649,Mesa,35-44,At-Risk Fan,5,18,2857.0,158.74,100,3
F020266,Scottsdale,18-24,High-Value Fan,5,19,2857.0,150.38,97,3
F035835,Mesa,25-34,High-Value Fan,6,17,2857.0,168.06,87,3
F053231,Mesa,25-34,High-Value Fan,7,18,2855.0,158.6,57,3
F057554,Mesa,18-24,High-Value Fan,5,14,2855.0,203.9,47,3
F006104,Gilbert,18-24,High-Value Fan,8,15,2854.0,190.26,48,3
F052783,Phoenix,18-24,High-Value Fan,6,14,2852.0,203.7,100,3
F062299,Scottsdale,25-34,High-Value Fan,21,55,2851.0,51.83,93,3
F008068,Out of State,35-44,High-Value Fan,5,16,2851.0,178.16,60,3
F041103,Tempe,18-24,High-Value Fan,5,14,2849.0,203.53,79,3
F037387,Phoenix,35-44,High-Value Fan,23,58,2848.0,49.1,97,3
F032278,Gilbert,18-24,High-Value Fan,8,18,2846.0,158.13,60,3
F031858,Peoria,55-64,At-Risk Fan,8,19,2844.0,149.71,51,3
F028502,Phoenix,25-34,High-Value Fan,6,18,2842.0,157.86,73,3
F064205,Scottsdale,45-54,High-Value Fan,9,18,2840.0,157.8,100,3
F035873,Tempe,18-24,High-Value Fan,10,18,2840.0,157.79,77,3
F008418,Mesa,45-54,High-Value Fan,8,17,2840.0,167.04,90,3
F012651,Phoenix,25-34,High-Value Fan,6,16,2838.0,177.38,80,3
F029271,Peoria,65+,High-Value Fan,5,19,2836.0,149.25,80,3
F056009,Phoenix,35-44,High-Value Fan,7,22,2834.0,128.81,55,3
F062792,Glendale,18-24,At-Risk Fan,5,14,2833.0,202.33,86,3
F009413,Chandler,35-44,High-Value Fan,6,20,2833.0,141.63,77,3
F063369,Phoenix,25-34,At-Risk Fan,7,17,2832.0,166.58,76,3
F035929,Phoenix,45-54,At-Risk Fan,6,20,2832.0,141.58,87,3
F003044,Scottsdale,55-64,High-Value Fan,7,13,2830.0,217.67,60,3
F049480,Tempe,35-44,High-Value Fan,8,17,2828.0,166.36,100,3
F022611,Tucson,65+,High-Value Fan,6,16,2828.0,176.75,60,3
F035793,Peoria,25-34,High-Value Fan,6,18,2826.0,157.01,97,3
F060006,Phoenix,25-34,At-Risk Fan,7,18,2823.0,156.83,80,3
F007346,Mesa,35-44,High-Value Fan,9,18,2822.0,156.8,50,3
F040317,Scottsdale,45-54,At-Risk Fan,7,18,2821.0,156.71,53,3
F064821,Phoenix,45-54,High-Value Fan,6,18,2820.0,156.64,87,4
F065461,Phoenix,25-34,High-Value Fan,23,59,2818.0,47.77,58,4
F053450,Phoenix,25-34,High-Value Fan,9,20,2818.0,140.89,51,4
F069809,Gilbert,45-54,High-Value Fan,6,16,2816.0,175.99,96,4
F012704,Scottsdale,25-34,High-Value Fan,9,21,2813.0,133.97,43,4
F039770,Phoenix,35-44,At-Risk Fan,6,16,2811.0,175.71,49,4
F025165,Phoenix,25-34,High-Value Fan,9,18,2809.0,156.06,87,4
F067446,Out of State,35-44,High-Value Fan,5,17,2809.0,165.23,76,4
F030418,Chandler,35-44,High-Value Fan,6,19,2808.0,147.78,80,4
F029644,Phoenix,45-54,High-Value Fan,6,14,2802.0,200.18,52,4
F005491,Tempe,18-24,High-Value Fan,5,17,2801.0,164.76,87,4
F026766,Mesa,35-44,High-Value Fan,5,12,2801.0,233.39,53,4
F051530,Chandler,25-34,High-Value Fan,5,13,2800.0,215.37,37,4
F041055,Phoenix,45-54,High-Value Fan,5,14,2798.0,199.87,60,4
F042831,Phoenix,45-54,At-Risk Fan,6,17,2797.0,164.5,60,4
F038026,Scottsdale,45-54,High-Value Fan,5,16,2796.0,174.77,60,4
F060910,Tempe,45-54,At-Risk Fan,5,15,2796.0,186.38,70,4
F003171,Tempe,45-54,High-Value Fan,6,15,2795.0,186.32,100,4
F013262,Phoenix,25-34,High-Value Fan,5,16,2792.0,174.51,60,4
F021433,Out of State,35-44,High-Value Fan,5,18,2792.0,155.12,80,4
F043230,Phoenix,35-44,High-Value Fan,8,14,2788.0,199.15,56,4
F039899,Tempe,55-64,High-Value Fan,7,17,2788.0,163.99,100,4
F070301,Out of State,18-24,High-Value Fan,5,15,2786.0,185.72,100,4
F015471,Phoenix,25-34,At-Risk Fan,6,17,2785.0,163.82,46,4
F040823,Tucson,18-24,High-Value Fan,5,12,2785.0,232.08,100,4
F041435,Chandler,25-34,High-Value Fan,7,17,2784.0,163.75,73,4
F022076,Phoenix,45-54,High-Value Fan,6,14,2783.0,198.81,56,4
F066161,Phoenix,35-44,High-Value Fan,5,13,2783.0,214.09,87,4
F011702,Mesa,35-44,High-Value Fan,6,16,2783.0,173.93,60,4
F005091,Glendale,35-44,High-Value Fan,7,17,2782.0,163.63,60,4
F069481,Phoenix,25-34,High-Value Fan,5,15,2781.0,185.43,73,4
F032675,Scottsdale,25-34,High-Value Fan,8,21,2780.0,132.38,80,4
F023027,Mesa,35-44,High-Value Fan,5,15,2779.0,185.26,88,4
F006555,Phoenix,25-34,High-Value Fan,8,19,2777.0,146.17,60,4
F004187,Phoenix,25-34,High-Value Fan,22,60,2777.0,46.29,89,4
F067820,Tucson,35-44,At-Risk Fan,7,19,2777.0,146.15,94,4
F018913,Out of State,18-24,High-Value Fan,8,15,2776.0,185.04,69,4
F059672,Phoenix,35-44,High-Value Fan,6,14,2774.0,198.18,80,4
F039635,Phoenix,25-34,At-Risk Fan,6,15,2774.0,184.91,87,4
F004236,Phoenix,18-24,High-Value Fan,5,15,2773.0,184.87,60,4
F024049,Phoenix,55-64,At-Risk Fan,9,19,2773.0,145.94,86,4
F056718,Chandler,45-54,High-Value Fan,5,14,2773.0,198.06,73,4
F016893,Mesa,18-24,High-Value Fan,5,14,2773.0,198.05,73,4
F035593,Glendale,55-64,High-Value Fan,7,18,2770.0,153.86,100,4
F038613,Mesa,18-24,High-Value Fan,5,16,2766.0,172.91,57,4
F068190,Glendale,35-44,High-Value Fan,21,54,2764.0,51.18,78,4
F044684,Gilbert,35-44,High-Value Fan,6,15,2762.0,184.13,60,4
F011132,Peoria,45-54,High-Value Fan,16,59,2762.0,46.81,50,4
F051421,Phoenix,25-34,High-Value Fan,6,17,2758.0,162.24,80,4
F066784,Scottsdale,25-34,High-Value Fan,5,13,2757.0,212.05,71,4
F065052,Chandler,18-24,High-Value Fan,6,18,2755.0,153.07,53,4
F025937,Phoenix,18-24,High-Value Fan,23,56,2754.0,49.18,57,4
F026511,Phoenix,55-64,At-Risk Fan,6,20,2753.0,137.63,84,4
F068201,Tempe,35-44,High-Value Fan,6,15,2750.0,183.34,52,4
F033767,Phoenix,18-24,High-Value Fan,6,16,2748.0,171.78,96,4
F007041,Tempe,35-44,High-Value Fan,5,17,2747.0,161.57,100,4
F025984,Phoenix,18-24,High-Value Fan,5,16,2745.0,171.59,80,4
F014869,Peoria,18-24,High-Value Fan,7,17,2744.0,161.44,96,4
F052989,Phoenix,35-44,High-Value Fan,7,18,2744.0,152.46,70,4
F050729,Scottsdale,45-54,High-Value Fan,6,15,2743.0,182.87,72,4
F016884,Phoenix,25-34,High-Value Fan,7,18,2743.0,152.39,57,4
F068539,Phoenix,25-34,High-Value Fan,18,53,2742.0,51.74,94,4
F008780,Phoenix,45-54,High-Value Fan,7,14,2742.0,195.85,47,4
F017831,Scottsdale,25-34,High-Value Fan,8,21,2742.0,130.55,97,4
F027305,Phoenix,18-24,High-Value Fan,7,14,2741.0,195.8,56,4
F066994,Chandler,25-34,High-Value Fan,5,13,2739.0,210.66,84,4
F034883,Phoenix,45-54,High-Value Fan,8,18,2733.0,151.85,93,4
F044133,Scottsdale,18-24,High-Value Fan,19,54,2732.0,50.59,77,4
F069474,Scottsdale,25-34,High-Value Fan,5,19,2731.0,143.75,57,4
F043467,Chandler,25-34,At-Risk Fan,6,18,2731.0,151.71,83,4
F024405,Scottsdale,25-34,At-Risk Fan,6,16,2730.0,170.66,87,4
F038707,Out of State,55-64,High-Value Fan,9,18,2727.0,151.48,60,4
F003767,Phoenix,45-54,High-Value Fan,7,15,2720.0,181.36,80,4
F009213,Phoenix,35-44,High-Value Fan,22,59,2719.0,46.09,98,4
F009380,Gilbert,35-44,High-Value Fan,5,12,2718.0,226.49,60,4
F034651,Peoria,35-44,High-Value Fan,12,18,2715.0,150.81,53,4
F044831,Out of State,18-24,At-Risk Fan,5,15,2714.0,180.94,60,4
F003341,Phoenix,25-34,High-Value Fan,5,12,2711.0,225.95,60,4
F023685,Chandler,45-54,High-Value Fan,7,18,2710.0,150.57,57,4
F071410,Phoenix,35-44,High-Value Fan,6,19,2709.0,142.58,94,4
F036238,Peoria,25-34,High-Value Fan,6,16,2709.0,169.3,60,4
F005537,Phoenix,18-24,At-Risk Fan,6,19,2709.0,142.56,60,4
F046247,Scottsdale,18-24,High-Value Fan,20,52,2706.0,52.03,98,4
F054477,Phoenix,55-64,At-Risk Fan,5,14,2705.0,193.22,56,4
F029436,Out of State,55-64,High-Value Fan,7,15,2704.0,180.24,100,4
F046629,Phoenix,35-44,High-Value Fan,7,15,2703.0,180.17,60,4
F062481,Scottsdale,25-34,High-Value Fan,7,16,2702.0,168.9,73,4
F009260,Gilbert,35-44,High-Value Fan,5,13,2702.0,207.81,80,4
F035572,Tempe,25-34,High-Value Fan,7,19,2701.0,142.15,44,4
F010026,Gilbert,35-44,High-Value Fan,9,18,2700.0,150.01,70,4
F006043,Tempe,35-44,High-Value Fan,20,48,2699.0,56.23,52,4
F031623,Phoenix,55-64,At-Risk Fan,6,14,2698.0,192.75,100,4
F060122,Out of State,35-44,High-Value Fan,9,17,2698.0,158.69,62,4
F010480,Mesa,25-34,At-Risk Fan,7,20,2697.0,134.86,57,4
F052814,Peoria,35-44,High-Value Fan,5,16,2696.0,168.5,45,4
F026368,Glendale,45-54,At-Risk Fan,7,17,2696.0,158.58,66,4
F025335,Glendale,35-44,High-Value Fan,9,17,2692.0,158.37,49,4
F070876,Phoenix,45-54,High-Value Fan,5,11,2691.0,244.63,87,4
F021835,Phoenix,35-44,High-Value Fan,6,16,2690.0,168.12,56,4
F017612,Mesa,35-44,High-Value Fan,6,17,2690.0,158.22,100,4
F032575,Chandler,25-34,High-Value Fan,7,20,2689.0,134.45,100,4
F003781,Phoenix,65+,High-Value Fan,6,18,2689.0,149.37,100,4
F014560,Gilbert,45-54,High-Value Fan,6,17,2687.0,158.05,93,4
F030317,Gilbert,35-44,High-Value Fan,21,56,2687.0,47.98,97,4
F042193,Gilbert,35-44,High-Value Fan,6,17,2686.0,158.01,87,4
F059475,Tucson,25-34,High-Value Fan,9,20,2684.0,134.19,51,4
F016462,Scottsdale,25-34,High-Value Fan,8,17,2683.0,157.85,52,4
F016621,Glendale,35-44,High-Value Fan,9,19,2683.0,141.23,60,4
F019068,Glendale,18-24,High-Value Fan,5,17,2682.0,157.79,41,4
F019044,Mesa,18-24,High-Value Fan,6,17,2682.0,157.77,100,4
F042859,Scottsdale,18-24,High-Value Fan,6,15,2682.0,178.8,90,4
F058477,Phoenix,25-34,High-Value Fan,5,14,2680.0,191.42,91,4
F070664,Glendale,45-54,High-Value Fan,5,13,2675.0,205.75,87,4
F067015,Tempe,35-44,High-Value Fan,7,17,2673.0,157.23,73,4
F018040,Out of State,45-54,High-Value Fan,13,56,2672.0,47.72,49,4
F046892,Tempe,35-44,High-Value Fan,7,19,2672.0,140.62,80,4
F067818,Scottsdale,25-34,High-Value Fan,8,17,2667.0,156.87,93,4
F057129,Tempe,45-54,At-Risk Fan,6,17,2665.0,156.76,76,4
F010844,Phoenix,25-34,High-Value Fan,5,16,2664.0,166.52,80,4
F013704,Out of State,35-44,High-Value Fan,7,19,2661.0,140.03,54,4
F070794,Phoenix,35-44,At-Risk Fan,8,17,2659.0,156.43,80,4
F008866,Phoenix,55-64,High-Value Fan,5,14,2659.0,189.95,90,4
F027129,Mesa,25-34,High-Value Fan,5,14,2658.0,189.86,87,4
F049170,Mesa,25-34,High-Value Fan,9,17,2657.0,156.28,73,4
F041479,Mesa,35-44,High-Value Fan,22,56,2656.0,47.43,98,4
F016086,Chandler,18-24,High-Value Fan,7,18,2656.0,147.56,80,4
F058435,Tempe,35-44,High-Value Fan,5,14,2656.0,189.71,70,4
F037476,Phoenix,25-34,High-Value Fan,8,15,2656.0,177.05,52,4
F056706,Tempe,25-34,High-Value Fan,6,15,2655.0,177.01,100,4
F012996,Mesa,35-44,At-Risk Fan,5,14,2651.0,189.36,90,4
F023762,Tempe,35-44,At-Risk Fan,7,17,2651.0,155.92,80,4
F016591,Out of State,45-54,High-Value Fan,7,17,2648.0,155.79,56,4
F055616,Mesa,35-44,High-Value Fan,7,16,2648.0,165.52,76,4
F052251,Scottsdale,35-44,High-Value Fan,7,17,2648.0,155.79,73,4
F012887,Tucson,25-34,High-Value Fan,6,14,2648.0,189.13,87,4
F006088,Chandler,18-24,High-Value Fan,6,14,2646.0,189.03,87,4
F061244,Glendale,25-34,At-Risk Fan,6,17,2646.0,155.66,87,4
F023498,Chandler,25-34,High-Value Fan,7,16,2644.0,165.24,56,4
F053618,Phoenix,45-54,High-Value Fan,7,14,2643.0,188.75,87,4
F045463,Tucson,25-34,High-Value Fan,7,17,2640.0,155.27,80,4
F048578,Scottsdale,25-34,High-Value Fan,7,15,2638.0,175.84,56,4
F042665,Phoenix,55-64,High-Value Fan,5,15,2637.0,175.82,80,4
F004651,Gilbert,25-34,High-Value Fan,7,20,2637.0,131.86,80,4
F020174,Tempe,25-34,High-Value Fan,21,58,2636.0,45.46,97,4
F047235,Phoenix,25-34,High-Value Fan,10,20,2636.0,131.82,60,4
F018878,Tucson,55-64,High-Value Fan,6,18,2635.0,146.41,47,4
F056945,Glendale,45-54,High-Value Fan,23,54,2635.0,48.8,53,4
F068884,Phoenix,25-34,High-Value Fan,6,15,2635.0,175.63,100,4
F045922,Chandler,35-44,High-Value Fan,6,18,2634.0,146.31,83,4
F048949,Scottsdale,25-34,High-Value Fan,5,15,2632.0,175.45,70,4
F024941,Phoenix,35-44,High-Value Fan,9,17,2632.0,154.8,87,4
F071459,Tempe,45-54,High-Value Fan,6,16,2630.0,164.39,100,4
F033265,Peoria,45-54,High-Value Fan,5,14,2628.0,187.72,51,4
F056890,Peoria,35-44,High-Value Fan,6,17,2627.0,154.52,80,4
F054724,Tucson,25-34,High-Value Fan,6,15,2624.0,174.95,100,4
F060053,Tucson,45-54,High-Value Fan,8,16,2624.0,163.97,100,4
F045979,Glendale,35-44,High-Value Fan,6,13,2623.0,201.75,80,4
F021963,Chandler,35-44,High-Value Fan,6,18,2621.0,145.63,80,4
F014469,Glendale,18-24,High-Value Fan,7,14,2621.0,187.23,96,4
F031225,Chandler,18-24,High-Value Fan,10,15,2620.0,174.67,52,4
F033028,Gilbert,35-44,High-Value Fan,5,17,2618.0,153.98,60,4
F030952,Phoenix,25-34,High-Value Fan,5,17,2617.0,153.92,80,4
F013773,Chandler,18-24,High-Value Fan,8,17,2615.0,153.82,46,4
F068970,Tempe,35-44,High-Value Fan,7,16,2614.0,163.4,41,4
F033062,Glendale,25-34,High-Value Fan,5,15,2614.0,174.25,88,4
F067532,Scottsdale,45-54,High-Value Fan,6,15,2614.0,174.24,83,4
F033944,Peoria,18-24,At-Risk Fan,6,13,2613.0,200.99,80,4
F045706,Phoenix,35-44,High-Value Fan,5,14,2611.0,186.52,82,4
F050240,Peoria,35-44,High-Value Fan,8,20,2611.0,130.55,97,4
F039391,Glendale,25-34,High-Value Fan,5,13,2611.0,200.83,100,4
F008637,Tucson,35-44,High-Value Fan,7,15,2608.0,173.84,72,4
F057177,Phoenix,45-54,High-Value Fan,6,16,2606.0,162.86,73,4
F064437,Glendale,25-34,High-Value Fan,5,13,2605.0,200.39,66,4
F010156,Phoenix,55-64,High-Value Fan,6,14,2602.0,185.88,100,4
F028860,Phoenix,18-24,High-Value Fan,5,18,2602.0,144.55,77,4
F069202,Tempe,25-34,High-Value Fan,7,17,2602.0,153.04,60,4
F068861,Tucson,45-54,At-Risk Fan,7,19,2601.0,136.9,67,4
F009823,Chandler,35-44,High-Value Fan,8,17,2600.0,152.97,100,4
F009792,Phoenix,18-24,High-Value Fan,8,14,2600.0,185.69,56,4
F040206,Phoenix,55-64,High-Value Fan,9,19,2599.0,136.79,100,4
F019135,Scottsdale,18-24,High-Value Fan,25,56,2599.0,46.41,57,4
F020217,Phoenix,18-24,High-Value Fan,6,17,2597.0,152.76,73,4
F009899,Phoenix,45-54,High-Value Fan,21,57,2596.0,45.54,60,4
F031385,Glendale,45-54,High-Value Fan,8,20,2596.0,129.78,88,4
F038501,Glendale,25-34,High-Value Fan,8,20,2595.0,129.74,100,4
F062421,Scottsdale,45-54,High-Value Fan,5,14,2594.0,185.28,96,4
F052474,Tempe,25-34,High-Value Fan,5,13,2590.0,199.22,85,4
F052627,Phoenix,25-34,High-Value Fan,6,15,2590.0,172.65,100,4
F028711,Tempe,18-24,At-Risk Fan,6,16,2589.0,161.82,87,4
F009207,Tempe,55-64,High-Value Fan,6,14,2588.0,184.87,80,4
F044305,Out of State,25-34,High-Value Fan,9,19,2587.0,136.16,80,4
F052813,Scottsdale,35-44,High-Value Fan,7,15,2587.0,172.44,80,4
F039003,Tucson,25-34,High-Value Fan,5,18,2586.0,143.69,100,4
F068912,Peoria,25-34,High-Value Fan,6,13,2584.0,198.79,60,4
F013525,Glendale,55-64,High-Value Fan,5,14,2583.0,184.5,100,4
F021885,Gilbert,35-44,High-Value Fan,24,54,2581.0,47.8,94,4
F052982,Tempe,25-34,High-Value Fan,20,53,2581.0,48.7,99,4
F044936,Phoenix,45-54,High-Value Fan,6,12,2580.0,215.04,55,4
F063228,Out of State,25-34,High-Value Fan,6,13,2580.0,198.46,87,4
F066357,Tucson,45-54,At-Risk Fan,5,12,2579.0,214.92,55,4
F010602,Chandler,45-54,High-Value Fan,6,16,2576.0,161.01,80,4
F018755,Tempe,25-34,High-Value Fan,5,13,2576.0,198.12,100,4
F059504,Scottsdale,45-54,High-Value Fan,6,16,2573.0,160.81,60,4
F033019,Gilbert,18-24,High-Value Fan,6,15,2572.0,171.5,56,4
F018963,Chandler,18-24,High-Value Fan,6,18,2571.0,142.81,60,4
F047730,Chandler,35-44,High-Value Fan,5,12,2571.0,214.22,100,4
F044175,Chandler,35-44,High-Value Fan,8,17,2570.0,151.17,53,4
F061985,Mesa,18-24,High-Value Fan,5,16,2569.0,160.57,96,4
F028915,Tucson,35-44,High-Value Fan,6,14,2568.0,183.42,60,4
F063608,Phoenix,55-64,High-Value Fan,19,51,2568.0,50.35,59,4
F037520,Mesa,35-44,High-Value Fan,6,16,2566.0,160.36,80,4
F047749,Mesa,55-64,High-Value Fan,5,23,2566.0,111.55,52,4
F054809,Out of State,45-54,High-Value Fan,5,19,2565.0,135.0,100,4
F053803,Chandler,35-44,High-Value Fan,9,18,2564.0,142.47,60,4
F061656,Scottsdale,45-54,High-Value Fan,5,13,2564.0,197.22,46,4
F005064,Phoenix,55-64,High-Value Fan,5,16,2563.0,160.17,60,4
F037839,Scottsdale,25-34,High-Value Fan,6,17,2561.0,150.65,100,4
F066078,Out of State,25-34,High-Value Fan,7,16,2559.0,159.95,60,4
F003937,Out of State,18-24,High-Value Fan,5,13,2559.0,196.81,73,4
F040509,Chandler,25-34,High-Value Fan,5,15,2558.0,170.56,53,4
F038454,Mesa,65+,High-Value Fan,24,54,2557.0,47.36,76,4
F028853,Out of State,45-54,High-Value Fan,8,17,2554.0,150.25,60,4
F008251,Chandler,18-24,High-Value Fan,5,15,2554.0,170.26,60,4
F022077,Phoenix,45-54,High-Value Fan,7,13,2554.0,196.42,87,4
F053895,Scottsdale,25-34,At-Risk Fan,5,16,2553.0,159.53,61,4
F011712,Phoenix,45-54,High-Value Fan,6,17,2551.0,150.07,53,4
F022261,Out of State,45-54,High-Value Fan,7,19,2551.0,134.24,87,4
F054692,Glendale,25-34,At-Risk Fan,6,17,2550.0,149.98,60,4
F038645,Peoria,25-34,High-Value Fan,5,18,2541.0,141.16,73,4
F067569,Mesa,25-34,High-Value Fan,7,16,2541.0,158.78,60,4
F019153,Glendale,45-54,High-Value Fan,7,14,2540.0,181.44,100,4
F047071,Phoenix,35-44,High-Value Fan,6,17,2540.0,149.4,80,4
F032546,Scottsdale,25-34,High-Value Fan,6,14,2537.0,181.21,100,4
F067433,Out of State,25-34,High-Value Fan,5,12,2536.0,211.37,80,4
F045657,Phoenix,25-34,High-Value Fan,7,14,2534.0,181.01,56,4
F005856,Gilbert,18-24,High-Value Fan,20,55,2534.0,46.07,85,4
F027257,Peoria,25-34,High-Value Fan,9,48,2534.0,52.79,73,4
F050994,Phoenix,25-34,High-Value Fan,18,51,2533.0,49.66,60,4
F006476,Scottsdale,35-44,At-Risk Fan,5,18,2532.0,140.68,71,4
F005414,Scottsdale,18-24,High-Value Fan,15,48,2532.0,52.75,57,4
F054249,Phoenix,18-24,High-Value Fan,5,14,2530.0,180.72,80,4
F046309,Peoria,35-44,High-Value Fan,7,19,2530.0,133.14,94,4
F060592,Scottsdale,45-54,High-Value Fan,8,18,2529.0,140.52,97,4
F015819,Scottsdale,45-54,High-Value Fan,6,18,2529.0,140.48,100,4
F028152,Phoenix,25-34,At-Risk Fan,7,20,2526.0,126.3,73,4
F066669,Phoenix,18-24,At-Risk Fan,5,11,2525.0,229.53,89,4
F054817,Glendale,55-64,High-Value Fan,5,15,2525.0,168.32,73,4
F022231,Phoenix,18-24,High-Value Fan,7,16,2521.0,157.59,60,4
F029167,Scottsdale,45-54,High-Value Fan,6,16,2521.0,157.55,45,4
F039590,Gilbert,25-34,High-Value Fan,6,17,2519.0,148.19,80,4
F046951,Scottsdale,35-44,High-Value Fan,5,14,2518.0,179.88,91,4
F019800,Phoenix,55-64,High-Value Fan,8,17,2517.0,148.05,65,4
F067487,Tempe,35-44,High-Value Fan,5,12,2515.0,209.58,68,4
F057263,Chandler,45-54,High-Value Fan,5,11,2514.0,228.58,95,4
F041960,Scottsdale,35-44,High-Value Fan,5,15,2514.0,167.62,73,4
F039122,Phoenix,65+,High-Value Fan,25,51,2513.0,49.27,98,4
F016488,Tempe,18-24,At-Risk Fan,5,13,2510.0,193.1,76,4
F030727,Phoenix,35-44,High-Value Fan,5,11,2507.0,227.87,70,4
F040672,Glendale,35-44,High-Value Fan,6,15,2505.0,167.0,52,4
F042845,Phoenix,55-64,High-Value Fan,6,16,2505.0,156.56,79,4
F069251,Phoenix,18-24,High-Value Fan,6,20,2504.0,125.19,70,4
F066020,Phoenix,25-34,High-Value Fan,6,12,2501.0,208.43,55,4
F007883,Gilbert,35-44,High-Value Fan,5,14,2501.0,178.65,80,4
F043867,Phoenix,18-24,High-Value Fan,5,14,2499.0,178.47,70,4
F068900,Tempe,35-44,High-Value Fan,7,16,2498.0,156.15,80,4
F028590,Phoenix,18-24,High-Value Fan,7,14,2498.0,178.4,51,4
F053275,Tempe,35-44,At-Risk Fan,5,16,2497.0,156.09,80,4
F057796,Peoria,25-34,High-Value Fan,6,11,2492.0,226.58,80,4
F038386,Phoenix,45-54,High-Value Fan,7,18,2491.0,138.39,93,4
F070441,Phoenix,35-44,At-Risk Fan,6,18,2490.0,138.35,90,4
F058327,Phoenix,25-34,At-Risk Fan,6,16,2490.0,155.64,60,4
F042521,Phoenix,18-24,High-Value Fan,22,55,2490.0,45.27,78,4
F036353,Phoenix,55-64,High-Value Fan,7,17,2488.0,146.38,87,4
F009103,Glendale,25-34,High-Value Fan,9,17,2488.0,146.32,66,4
F062778,Mesa,18-24,High-Value Fan,15,52,2486.0,47.82,58,4
F040731,Phoenix,35-44,High-Value Fan,6,13,2486.0,191.21,80,4
F042899,Scottsdale,25-34,High-Value Fan,6,14,2485.0,177.53,73,4
F044206,Chandler,25-34,High-Value Fan,8,14,2484.0,177.46,76,4
F017704,Tempe,35-44,High-Value Fan,6,16,2484.0,155.25,60,4
F030057,Scottsdale,25-34,High-Value Fan,6,18,2482.0,137.89,100,4
F025933,Glendale,18-24,High-Value Fan,6,14,2481.0,177.22,60,4
F034738,Mesa,45-54,High-Value Fan,6,14,2481.0,177.19,51,4
F017639,Gilbert,35-44,High-Value Fan,6,15,2479.0,165.29,96,4
F068859,Glendale,25-34,At-Risk Fan,6,17,2476.0,145.64,72,4
F012499,Gilbert,25-34,High-Value Fan,23,51,2474.0,48.51,60,4
F047632,Phoenix,25-34,High-Value Fan,6,14,2474.0,176.69,56,4
F042561,Gilbert,25-34,High-Value Fan,7,15,2472.0,164.83,73,4
F038758,Phoenix,35-44,High-Value Fan,7,14,2472.0,176.57,76,4
F014462,Out of State,45-54,High-Value Fan,7,16,2471.0,154.45,100,4
F070403,Out of State,45-54,High-Value Fan,20,50,2471.0,49.42,95,4
F018405,Mesa,55-64,High-Value Fan,6,15,2471.0,164.71,70,4
F017173,Chandler,35-44,High-Value Fan,6,18,2470.0,137.2,100,4
F021954,Peoria,45-54,High-Value Fan,8,18,2469.0,137.19,97,4
F056078,Peoria,35-44,At-Risk Fan,6,16,2469.0,154.32,72,4
F067538,Gilbert,35-44,High-Value Fan,6,18,2468.0,137.11,100,4
F037361,Tucson,18-24,High-Value Fan,7,16,2468.0,154.24,87,4
F020957,Tucson,45-54,High-Value Fan,18,46,2468.0,53.65,97,4
F065334,Scottsdale,18-24,High-Value Fan,16,46,2467.0,53.63,53,4
F059252,Gilbert,25-34,High-Value Fan,5,14,2467.0,176.18,73,4
F048597,Chandler,18-24,High-Value Fan,9,53,2466.0,46.54,78,4
F005777,Tempe,35-44,High-Value Fan,7,19,2465.0,129.73,91,4
F062807,Gilbert,25-34,High-Value Fan,5,14,2463.0,175.95,80,4
F007205,Gilbert,35-44,High-Value Fan,6,13,2458.0,189.1,95,4
F055813,Tucson,25-34,High-Value Fan,6,14,2457.0,175.53,83,4
F032626,Phoenix,45-54,High-Value Fan,6,16,2457.0,153.56,60,4
F041418,Gilbert,18-24,High-Value Fan,9,17,2456.0,144.46,96,4
F003475,Mesa,35-44,High-Value Fan,7,17,2455.0,144.42,73,4
F019822,Phoenix,35-44,High-Value Fan,6,15,2455.0,163.64,80,4
F041108,Mesa,35-44,At-Risk Fan,6,14,2453.0,175.25,67,4
F021480,Scottsdale,55-64,High-Value Fan,9,15,2453.0,163.52,80,4
F028149,Gilbert,45-54,High-Value Fan,6,17,2452.0,144.25,32,4
F051498,Gilbert,18-24,High-Value Fan,5,15,2448.0,163.18,56,4
F006834,Chandler,18-24,At-Risk Fan,5,13,2447.0,188.23,71,4
F010132,Phoenix,25-34,At-Risk Fan,6,12,2446.0,203.84,55,4
F057352,Tempe,45-54,High-Value Fan,6,14,2444.0,174.59,60,4
F053884,Phoenix,18-24,High-Value Fan,14,48,2444.0,50.92,100,4
F020856,Chandler,25-34,High-Value Fan,6,15,2442.0,162.81,92,4
F044224,Phoenix,25-34,High-Value Fan,25,50,2441.0,48.81,54,4
F021008,Phoenix,45-54,High-Value Fan,6,16,2440.0,152.49,72,4
F042462,Mesa,18-24,At-Risk Fan,8,18,2440.0,135.54,83,4
F020778,Phoenix,25-34,High-Value Fan,7,17,2439.0,143.45,80,4
F009738,Tempe,45-54,High-Value Fan,7,16,2438.0,152.4,87,4
F006943,Phoenix,45-54,High-Value Fan,19,51,2436.0,47.76,51,4
F019966,Glendale,25-34,High-Value Fan,5,43,2436.0,56.64,42,4
F025274,Glendale,35-44,High-Value Fan,5,14,2434.0,173.83,60,4
F012726,Phoenix,25-34,High-Value Fan,6,14,2433.0,173.79,51,4
F003831,Phoenix,25-34,High-Value Fan,8,18,2433.0,135.17,80,4
F010260,Phoenix,35-44,High-Value Fan,7,17,2433.0,143.11,60,4
F025862,Phoenix,35-44,High-Value Fan,19,51,2432.0,47.7,51,4
F070306,Tempe,25-34,High-Value Fan,7,15,2432.0,162.16,76,4
F058588,Phoenix,35-44,High-Value Fan,24,51,2432.0,47.68,100,4
F048847,Phoenix,35-44,High-Value Fan,5,14,2431.0,173.66,87,4
F027963,Mesa,45-54,High-Value Fan,7,13,2429.0,186.82,51,4
F020872,Tempe,35-44,High-Value Fan,5,14,2428.0,173.4,96,4
F022508,Scottsdale,45-54,High-Value Fan,5,18,2427.0,134.84,60,4
F007461,Scottsdale,35-44,High-Value Fan,6,15,2426.0,161.71,68,4
F070364,Scottsdale,25-34,High-Value Fan,6,14,2425.0,173.22,100,4
F031640,Scottsdale,18-24,High-Value Fan,19,55,2425.0,44.08,98,4
F050411,Out of State,45-54,High-Value Fan,7,15,2424.0,161.62,100,4
F058765,Tucson,45-54,At-Risk Fan,5,11,2424.0,220.39,80,4
F046970,Phoenix,35-44,High-Value Fan,5,14,2423.0,173.1,60,4
F055586,Phoenix,35-44,High-Value Fan,8,15,2423.0,161.54,100,4
F011524,Phoenix,35-44,High-Value Fan,5,12,2420.0,201.69,85,4
F056352,Scottsdale,45-54,High-Value Fan,17,48,2420.0,50.42,55,4
F031594,Mesa,45-54,High-Value Fan,7,17,2419.0,142.31,100,4
F004862,Phoenix,35-44,High-Value Fan,6,12,2419.0,201.55,60,4
F021791,Mesa,35-44,High-Value Fan,18,50,2418.0,48.36,59,4
F047515,Glendale,35-44,High-Value Fan,8,16,2417.0,151.03,79,4
F009663,Phoenix,35-44,High-Value Fan,6,14,2416.0,172.6,60,4
F063664,Out of State,25-34,At-Risk Fan,6,18,2415.0,134.18,90,4
F071477,Chandler,25-34,High-Value Fan,18,46,2415.0,52.5,55,4
F028626,Out of State,35-44,High-Value Fan,5,16,2414.0,150.89,69,4
F060908,Peoria,55-64,At-Risk Fan,5,15,2412.0,160.83,66,4
F022993,Phoenix,35-44,High-Value Fan,5,14,2411.0,172.18,100,4
F007647,Phoenix,45-54,High-Value Fan,5,11,2410.0,219.13,75,4
F042785,Phoenix,18-24,High-Value Fan,7,16,2410.0,150.61,80,4
F032837,Phoenix,45-54,High-Value Fan,7,15,2408.0,160.54,48,4
F066040,Chandler,18-24,High-Value Fan,5,16,2407.0,150.45,73,4
F013089,Tempe,18-24,High-Value Fan,6,16,2405.0,150.29,60,4
F059224,Phoenix,35-44,High-Value Fan,16,50,2404.0,48.09,100,4
F003022,Chandler,55-64,High-Value Fan,21,45,2404.0,53.42,60,4
F072890,Glendale,45-54,At-Risk Fan,5,11,2403.0,218.44,84,4
F058916,Phoenix,25-34,High-Value Fan,6,16,2402.0,150.13,80,4
F019273,Phoenix,25-34,High-Value Fan,5,14,2401.0,171.49,56,4
F022708,Phoenix,35-44,High-Value Fan,6,12,2399.0,199.91,80,4
F007396,Phoenix,18-24,High-Value Fan,6,16,2398.0,149.87,73,4
F010149,Peoria,45-54,High-Value Fan,6,17,2398.0,141.03,86,4
F060640,Phoenix,25-34,High-Value Fan,7,14,2395.0,171.07,76,4
F053455,Phoenix,25-34,High-Value Fan,5,16,2394.0,149.62,81,4
F044743,Tucson,25-34,High-Value Fan,20,52,2392.0,46.0,99,4
F044103,Phoenix,45-54,High-Value Fan,6,14,2391.0,170.81,100,4
F022352,Phoenix,25-34,High-Value Fan,5,11,2391.0,217.37,80,4
F005210,Mesa,25-34,High-Value Fan,5,15,2390.0,159.35,100,4
F018890,Phoenix,45-54,High-Value Fan,7,13,2389.0,183.8,46,4
F006948,Scottsdale,55-64,High-Value Fan,6,14,2389.0,170.63,51,4
F010721,Mesa,25-34,High-Value Fan,5,15,2388.0,159.17,64,4
F026639,Scottsdale,25-34,High-Value Fan,5,16,2386.0,149.11,41,4
F059896,Phoenix,45-54,High-Value Fan,18,47,2385.0,50.75,50,4
F072291,Mesa,35-44,High-Value Fan,5,13,2381.0,183.16,85,4
F045379,Glendale,35-44,High-Value Fan,5,14,2380.0,169.98,100,4
F023021,Glendale,35-44,At-Risk Fan,5,14,2377.0,169.76,100,4
F025708,Phoenix,25-34,High-Value Fan,6,12,2376.0,198.01,40,4
F062031,Chandler,18-24,High-Value Fan,17,45,2374.0,52.75,88,4
F058810,Phoenix,45-54,High-Value Fan,13,55,2373.0,43.15,53,4
F047674,Phoenix,18-24,High-Value Fan,7,17,2373.0,139.6,100,4
F059903,Gilbert,25-34,High-Value Fan,22,50,2373.0,47.45,43,4
F045672,Chandler,45-54,High-Value Fan,6,15,2372.0,158.16,60,4
F037861,Mesa,35-44,High-Value Fan,15,46,2371.0,51.55,50,4
F039097,Chandler,35-44,High-Value Fan,6,15,2371.0,158.07,52,4
F022347,Tempe,35-44,High-Value Fan,5,14,2371.0,169.34,83,4
F014576,Glendale,35-44,High-Value Fan,6,11,2369.0,215.34,84,4
F015922,Phoenix,35-44,High-Value Fan,22,47,2367.0,50.37,59,4
F025508,Scottsdale,35-44,High-Value Fan,7,17,2365.0,139.14,60,4
F049984,Glendale,18-24,High-Value Fan,5,15,2365.0,157.68,83,4
F010830,Phoenix,25-34,High-Value Fan,5,13,2365.0,181.91,60,4
F006119,Chandler,35-44,High-Value Fan,7,15,2365.0,157.64,100,4
F068666,Phoenix,25-34,High-Value Fan,5,16,2364.0,147.78,60,4
F016067,Chandler,35-44,High-Value Fan,6,17,2363.0,139.02,42,4
F067245,Scottsdale,25-34,High-Value Fan,11,55,2360.0,42.91,60,4
F050427,Phoenix,45-54,At-Risk Fan,6,17,2359.0,138.78,49,4
F060160,Glendale,18-24,High-Value Fan,6,16,2359.0,147.44,96,4
F069097,Phoenix,25-34,High-Value Fan,6,14,2354.0,168.17,100,4
F058735,Scottsdale,35-44,High-Value Fan,5,15,2353.0,156.86,100,4
F017241,Mesa,25-34,High-Value Fan,7,15,2352.0,156.78,86,4
F026185,Phoenix,35-44,At-Risk Fan,19,50,2352.0,47.03,90,4
F043988,Scottsdale,35-44,High-Value Fan,6,13,2351.0,180.88,80,4
F047191,Out of State,25-34,High-Value Fan,5,14,2349.0,167.81,68,4
F050601,Phoenix,35-44,High-Value Fan,7,15,2348.0,156.53,100,4
F041517,Glendale,35-44,High-Value Fan,16,46,2347.0,51.02,56,4
F031272,Phoenix,18-24,High-Value Fan,5,12,2345.0,195.43,73,4
F010766,Scottsdale,45-54,High-Value Fan,6,11,2343.0,213.03,60,4
F049182,Tempe,45-54,High-Value Fan,5,14,2343.0,167.34,96,4
F021580,Gilbert,35-44,High-Value Fan,19,48,2342.0,48.8,98,4
F008901,Phoenix,35-44,High-Value Fan,15,49,2342.0,47.8,60,4
F026186,Phoenix,45-54,High-Value Fan,20,44,2341.0,53.21,52,4
F011078,Mesa,45-54,At-Risk Fan,5,11,2339.0,212.68,80,4
F024310,Out of State,35-44,At-Risk Fan,16,49,2339.0,47.73,51,4
F071245,Tucson,18-24,High-Value Fan,5,13,2338.0,179.86,71,4
F015810,Chandler,18-24,High-Value Fan,6,17,2338.0,137.53,56,4
F013597,Mesa,18-24,High-Value Fan,15,44,2337.0,53.11,60,4
F009669,Out of State,45-54,High-Value Fan,5,15,2336.0,155.75,60,4
F023830,Phoenix,18-24,High-Value Fan,5,14,2336.0,166.87,100,4
F056982,Scottsdale,55-64,High-Value Fan,5,15,2336.0,155.74,73,4
F003657,Tucson,25-34,High-Value Fan,5,16,2336.0,146.0,70,4
F036690,Gilbert,35-44,At-Risk Fan,5,10,2336.0,233.58,54,4
F066647,Tempe,35-44,High-Value Fan,7,15,2335.0,155.68,73,4
F049919,Scottsdale,25-34,At-Risk Fan,6,16,2334.0,145.91,92,4
F013440,Tempe,25-34,High-Value Fan,5,14,2331.0,166.5,60,4
F002913,Mesa,35-44,High-Value Fan,5,13,2329.0,179.14,60,4
F004708,Phoenix,18-24,High-Value Fan,5,10,2329.0,232.86,80,4
F041963,Gilbert,35-44,High-Value Fan,18,48,2328.0,48.51,95,4
F026967,Phoenix,45-54,High-Value Fan,6,19,2328.0,122.55,74,4
F048566,Gilbert,25-34,High-Value Fan,5,12,2327.0,193.95,100,4
F044278,Out of State,18-24,High-Value Fan,6,15,2326.0,155.1,44,4
F063381,Phoenix,25-34,At-Risk Fan,6,15,2326.0,155.05,72,4
F027402,Peoria,35-44,At-Risk Fan,6,14,2325.0,166.09,92,4
F061005,Phoenix,18-24,High-Value Fan,7,16,2325.0,145.31,96,4
F070747,Scottsdale,18-24,High-Value Fan,5,14,2324.0,166.0,56,4
F019801,Glendale,25-34,High-Value Fan,5,12,2324.0,193.67,60,4
F068631,Peoria,25-34,High-Value Fan,6,15,2323.0,154.89,80,4
F053604,Scottsdale,35-44,High-Value Fan,10,52,2322.0,44.66,91,4
F062348,Chandler,18-24,High-Value Fan,5,10,2321.0,232.15,88,4
F008312,Tempe,55-64,High-Value Fan,17,45,2321.0,51.57,100,4
F029542,Phoenix,55-64,High-Value Fan,6,15,2318.0,154.55,52,4
F044993,Scottsdale,65+,High-Value Fan,5,13,2317.0,178.25,75,4
F055482,Scottsdale,35-44,High-Value Fan,5,15,2317.0,154.47,56,4
F058845,Phoenix,25-34,High-Value Fan,7,15,2317.0,154.47,60,4
F019398,Out of State,18-24,High-Value Fan,8,16,2317.0,144.82,96,4
F066486,Out of State,25-34,High-Value Fan,18,51,2317.0,45.43,60,4
F028224,Mesa,18-24,High-Value Fan,7,17,2316.0,136.23,96,4
F026665,Gilbert,45-54,At-Risk Fan,5,14,2315.0,165.38,56,4
F042646,Phoenix,35-44,High-Value Fan,7,14,2315.0,165.36,80,4
F019892,Gilbert,25-34,High-Value Fan,6,15,2315.0,154.31,60,4
F025813,Out of State,25-34,High-Value Fan,6,13,2314.0,178.0,87,4
F018627,Out of State,18-24,High-Value Fan,6,13,2314.0,177.97,95,4
F005015,Mesa,45-54,High-Value Fan,5,15,2313.0,154.22,80,4
F041168,Phoenix,25-34,High-Value Fan,19,50,2313.0,46.26,98,4
F034746,Gilbert,25-34,High-Value Fan,7,16,2313.0,144.55,75,4
F068973,Scottsdale,18-24,High-Value Fan,20,47,2313.0,49.2,100,4
F008286,Out of State,18-24,High-Value Fan,5,13,2312.0,177.83,100,4
F040425,Mesa,35-44,At-Risk Fan,5,12,2312.0,192.63,75,4
F022001,Peoria,45-54,High-Value Fan,5,12,2311.0,192.61,80,4
F034015,Tempe,35-44,High-Value Fan,5,15,2308.0,153.88,60,4
F049762,Tucson,18-24,High-Value Fan,5,15,2308.0,153.88,80,4
F024257,Glendale,45-54,High-Value Fan,6,15,2308.0,153.85,80,4
F018141,Peoria,35-44,High-Value Fan,19,48,2307.0,48.07,59,4
F055427,Chandler,25-34,At-Risk Fan,5,16,2305.0,144.08,80,4
F065684,Out of State,25-34,High-Value Fan,8,15,2305.0,153.67,80,4
F042264,Chandler,45-54,High-Value Fan,9,49,2304.0,47.02,80,4
F054769,Chandler,25-34,High-Value Fan,6,15,2304.0,153.61,40,4
F026744,Glendale,35-44,High-Value Fan,5,14,2302.0,164.46,92,4
F043060,Peoria,55-64,High-Value Fan,19,46,2302.0,50.05,55,4
F007504,Tucson,45-54,High-Value Fan,5,12,2301.0,191.78,80,4
F007673,Peoria,25-34,High-Value Fan,5,14,2299.0,164.2,60,4
F043173,Gilbert,55-64,High-Value Fan,7,14,2297.0,164.1,92,4
F044678,Phoenix,35-44,At-Risk Fan,5,15,2295.0,153.0,56,4
F038809,Phoenix,55-64,High-Value Fan,6,16,2294.0,143.35,60,4
F053289,Scottsdale,18-24,High-Value Fan,6,13,2294.0,176.43,100,4
F035519,Mesa,35-44,High-Value Fan,6,15,2293.0,152.84,56,4
F010580,Out of State,18-24,At-Risk Fan,5,12,2291.0,190.93,65,4
F013674,Glendale,18-24,High-Value Fan,5,12,2290.0,190.83,70,4
F040596,Phoenix,35-44,At-Risk Fan,6,16,2288.0,142.98,70,4
F024860,Glendale,35-44,High-Value Fan,5,14,2287.0,163.39,34,4
F068952,Tempe,25-34,High-Value Fan,7,13,2285.0,175.74,100,4
F025179,Phoenix,35-44,High-Value Fan,7,13,2283.0,175.61,60,4
F033756,Phoenix,18-24,High-Value Fan,16,43,2282.0,53.06,77,4
F019685,Phoenix,25-34,High-Value Fan,5,14,2281.0,162.95,53,4
F053665,Mesa,45-54,High-Value Fan,18,45,2281.0,50.68,99,4
F018920,Gilbert,35-44,High-Value Fan,8,15,2280.0,152.03,56,4
F064054,Tempe,25-34,High-Value Fan,7,17,2280.0,134.13,76,4
F006464,Out of State,45-54,High-Value Fan,6,15,2279.0,151.95,52,4
F035182,Phoenix,35-44,High-Value Fan,6,14,2279.0,162.75,60,4
F025729,Phoenix,18-24,High-Value Fan,6,16,2278.0,142.37,55,4
F069911,Peoria,45-54,At-Risk Fan,5,14,2277.0,162.67,76,4
F057111,Chandler,18-24,High-Value Fan,6,14,2277.0,162.63,80,4
F037896,Out of State,35-44,High-Value Fan,5,11,2276.0,206.88,89,4
F053905,Tempe,18-24,High-Value Fan,13,43,2274.0,52.88,99,4
F039399,Phoenix,25-34,High-Value Fan,5,16,2272.0,142.03,70,4
F027799,Tempe,45-54,High-Value Fan,6,16,2271.0,141.92,80,4
F025066,Scottsdale,25-34,High-Value Fan,16,46,2270.0,49.34,59,4
F070576,Out of State,35-44,At-Risk Fan,5,16,2269.0,141.84,73,4
F058048,Chandler,35-44,High-Value Fan,7,15,2269.0,151.25,60,4
F061318,Out of State,45-54,High-Value Fan,5,45,2266.0,50.35,79,4
F048558,Phoenix,35-44,High-Value Fan,6,11,2261.0,205.57,80,4
F063962,Out of State,18-24,High-Value Fan,5,43,2259.0,52.54,60,4
F009425,Scottsdale,18-24,High-Value Fan,7,17,2259.0,132.86,69,4
F067124,Scottsdale,18-24,High-Value Fan,5,10,2257.0,225.68,86,4
F036324,Peoria,35-44,High-Value Fan,6,13,2254.0,173.41,84,4
F046475,Phoenix,25-34,At-Risk Fan,6,11,2252.0,204.75,80,4
F064942,Tempe,35-44,High-Value Fan,18,46,2251.0,48.94,91,4
F068342,Scottsdale,25-34,High-Value Fan,7,16,2250.0,140.64,52,4
F031585,Chandler,25-34,High-Value Fan,6,14,2249.0,160.67,80,4
F011379,Phoenix,45-54,High-Value Fan,5,15,2249.0,149.92,69,4
F033511,Tucson,35-44,High-Value Fan,6,14,2247.0,160.5,69,4
F013077,Scottsdale,35-44,High-Value Fan,6,15,2245.0,149.7,48,4
F066539,Out of State,18-24,At-Risk Fan,5,14,2244.0,160.32,76,4
F059775,Gilbert,25-34,High-Value Fan,14,43,2243.0,52.15,60,4
F004483,Tempe,25-34,High-Value Fan,6,16,2241.0,140.08,100,4
F020794,Tucson,35-44,High-Value Fan,8,15,2240.0,149.33,72,4
F048088,Scottsdale,35-44,High-Value Fan,18,44,2240.0,50.9,95,4
F068485,Phoenix,45-54,High-Value Fan,8,15,2239.0,149.23,76,4
F035482,Chandler,25-34,High-Value Fan,5,14,2238.0,159.88,100,4
F025466,Phoenix,18-24,High-Value Fan,6,16,2237.0,139.83,41,4
F071520,Out of State,18-24,High-Value Fan,6,17,2236.0,131.53,59,4
F040818,Gilbert,45-54,High-Value Fan,7,15,2235.0,149.03,72,4
F040717,Phoenix,65+,High-Value Fan,5,12,2235.0,186.24,95,4
F055706,Chandler,25-34,High-Value Fan,6,13,2232.0,171.71,80,4
F028388,Scottsdale,25-34,At-Risk Fan,5,12,2232.0,185.98,60,4
F012572,Tempe,45-54,High-Value Fan,7,17,2230.0,131.18,80,4
F022864,Mesa,35-44,High-Value Fan,5,11,2229.0,202.67,55,4
F048616,Phoenix,35-44,High-Value Fan,5,12,2229.0,185.77,55,4
F012861,Chandler,35-44,High-Value Fan,17,45,2229.0,49.54,95,4
F032341,Mesa,45-54,At-Risk Fan,5,16,2229.0,139.29,100,4
F023050,Tempe,18-24,High-Value Fan,6,13,2228.0,171.39,60,4
F063995,Phoenix,45-54,High-Value Fan,6,14,2223.0,158.78,48,4
F016860,Scottsdale,35-44,High-Value Fan,16,43,2223.0,51.69,97,4
F030915,Phoenix,25-34,High-Value Fan,6,13,2222.0,170.92,100,4
F069908,Phoenix,18-24,High-Value Fan,6,15,2221.0,148.07,52,4
F062121,Tempe,35-44,High-Value Fan,5,16,2220.0,138.77,92,4
F004036,Glendale,55-64,High-Value Fan,19,45,2220.0,49.33,68,4
F067152,Tempe,25-34,High-Value Fan,6,14,2218.0,158.45,56,4
F018307,Gilbert,25-34,High-Value Fan,17,43,2218.0,51.58,97,4
F002981,Chandler,35-44,High-Value Fan,15,45,2217.0,49.28,99,4
F029490,Peoria,35-44,High-Value Fan,5,13,2217.0,170.52,60,4
F032036,Gilbert,35-44,High-Value Fan,5,10,2212.0,221.24,60,4
F023601,Chandler,65+,High-Value Fan,5,13,2212.0,170.15,100,4
F018166,Phoenix,35-44,At-Risk Fan,5,14,2211.0,157.96,73,4
F019943,Scottsdale,18-24,High-Value Fan,5,13,2210.0,169.99,55,4
F070523,Phoenix,25-34,High-Value Fan,6,13,2209.0,169.96,87,4
F069946,Phoenix,35-44,High-Value Fan,7,15,2209.0,147.28,56,4
F063898,Phoenix,45-54,At-Risk Fan,6,14,2209.0,157.76,100,4
F067932,Phoenix,25-34,High-Value Fan,6,14,2208.0,157.68,82,4
F014960,Scottsdale,18-24,High-Value Fan,5,10,2207.0,220.69,76,4
F019470,Phoenix,18-24,High-Value Fan,19,47,2206.0,46.94,57,4
F071335,Phoenix,35-44,High-Value Fan,5,15,2206.0,147.04,73,4
F061138,Gilbert,18-24,High-Value Fan,5,14,2205.0,157.5,73,4
F011538,Phoenix,65+,High-Value Fan,8,16,2204.0,137.77,100,4
F018269,Scottsdale,18-24,High-Value Fan,5,14,2204.0,157.41,73,4
F070600,Mesa,25-34,High-Value Fan,19,47,2202.0,46.85,97,4
F066028,Chandler,18-24,High-Value Fan,13,42,2202.0,52.43,100,4
F041944,Phoenix,45-54,High-Value Fan,5,14,2201.0,157.23,60,4
F012934,Scottsdale,25-34,High-Value Fan,16,42,2200.0,52.38,54,4
F060467,Scottsdale,35-44,High-Value Fan,5,14,2200.0,157.12,91,4
F064238,Phoenix,25-34,High-Value Fan,18,44,2198.0,49.96,53,4
F063140,Glendale,18-24,High-Value Fan,7,14,2194.0,156.72,91,4
F028271,Mesa,18-24,High-Value Fan,15,49,2194.0,44.77,85,4
F030013,Mesa,35-44,High-Value Fan,5,14,2193.0,156.67,81,4
F028681,Peoria,35-44,At-Risk Fan,7,14,2192.0,156.58,80,4
F021874,Tempe,35-44,High-Value Fan,19,49,2192.0,44.73,91,4
F047353,Scottsdale,35-44,High-Value Fan,6,15,2191.0,146.06,76,4
F032071,Out of State,25-34,High-Value Fan,18,41,2190.0,53.43,93,4
F013036,Out of State,35-44,At-Risk Fan,5,13,2190.0,168.44,79,4
F046526,Phoenix,25-34,High-Value Fan,5,12,2189.0,182.45,95,4
F072153,Chandler,35-44,At-Risk Fan,5,10,2189.0,218.92,100,4
F004671,Scottsdale,35-44,High-Value Fan,5,16,2187.0,136.69,73,4
F042517,Tempe,18-24,High-Value Fan,19,46,2184.0,47.48,60,4
F020860,Phoenix,35-44,High-Value Fan,5,12,2183.0,181.93,60,4
F060512,Peoria,25-34,High-Value Fan,5,13,2182.0,167.88,91,4
F006918,Out of State,45-54,High-Value Fan,5,12,2182.0,181.83,60,4
F004655,Phoenix,35-44,At-Risk Fan,14,43,2182.0,50.74,81,4
F011061,Mesa,55-64,At-Risk Fan,5,11,2181.0,198.28,89,5
F016949,Scottsdale,25-34,At-Risk Fan,7,16,2181.0,136.29,60,5
F009930,Gilbert,55-64,High-Value Fan,6,17,2180.0,128.26,88,5
F057766,Out of State,25-34,High-Value Fan,7,17,2180.0,128.25,87,5
F045923,Phoenix,25-34,High-Value Fan,7,17,2180.0,128.24,86,5
F011057,Phoenix,25-34,High-Value Fan,14,50,2178.0,43.56,58,5
F008974,Mesa,18-24,High-Value Fan,6,11,2178.0,198.01,60,5
F036764,Phoenix,35-44,High-Value Fan,6,12,2178.0,181.5,80,5
F011592,Chandler,35-44,High-Value Fan,5,13,2174.0,167.24,60,5
F049269,Phoenix,25-34,At-Risk Fan,6,15,2174.0,144.92,68,5
F032622,Phoenix,35-44,High-Value Fan,5,15,2170.0,144.68,44,5
F035602,Scottsdale,18-24,High-Value Fan,5,14,2170.0,154.97,35,5
F023451,Glendale,18-24,At-Risk Fan,6,15,2169.0,144.63,76,5
F061236,Phoenix,45-54,At-Risk Fan,5,15,2168.0,144.55,60,5
F048196,Chandler,18-24,High-Value Fan,5,14,2168.0,154.84,63,5
F034346,Out of State,35-44,High-Value Fan,7,13,2167.0,166.67,100,5
F063285,Out of State,35-44,High-Value Fan,7,14,2165.0,154.66,80,5
F055054,Phoenix,25-34,High-Value Fan,5,12,2163.0,180.29,80,5
F046653,Phoenix,25-34,High-Value Fan,16,46,2163.0,47.02,50,5
F045545,Out of State,35-44,At-Risk Fan,6,15,2162.0,144.15,52,5
F030517,Mesa,18-24,High-Value Fan,5,12,2162.0,180.19,80,5
F061200,Out of State,35-44,High-Value Fan,7,15,2161.0,144.09,92,5
F028500,Chandler,35-44,High-Value Fan,5,13,2161.0,166.24,73,5
F015008,Scottsdale,35-44,High-Value Fan,6,10,2161.0,216.08,80,5
F014105,Chandler,45-54,High-Value Fan,9,53,2161.0,40.77,98,5
F007884,Scottsdale,45-54,High-Value Fan,6,14,2159.0,154.23,91,5
F013322,Mesa,18-24,High-Value Fan,6,49,2157.0,44.03,99,5
F033070,Phoenix,25-34,High-Value Fan,5,14,2156.0,154.01,100,5
F060408,Mesa,18-24,High-Value Fan,5,15,2156.0,143.73,80,5
F012841,Scottsdale,45-54,High-Value Fan,6,14,2155.0,153.91,65,5
F006228,Phoenix,45-54,High-Value Fan,5,12,2155.0,179.56,70,5
F045485,Phoenix,35-44,High-Value Fan,6,13,2153.0,165.61,87,5
F054020,Phoenix,25-34,High-Value Fan,5,12,2153.0,179.38,87,5
F048650,Tempe,18-24,High-Value Fan,7,15,2152.0,143.48,96,5
F050337,Peoria,35-44,At-Risk Fan,6,15,2151.0,143.42,72,5
F008543,Phoenix,25-34,High-Value Fan,12,39,2150.0,55.13,72,5
F058049,Phoenix,45-54,High-Value Fan,6,10,2150.0,214.97,54,5
F037676,Phoenix,18-24,High-Value Fan,6,13,2149.0,165.33,100,5
F006988,Phoenix,35-44,High-Value Fan,8,13,2149.0,165.3,91,5
F017594,Phoenix,35-44,High-Value Fan,5,13,2149.0,165.28,82,5
F019818,Chandler,45-54,High-Value Fan,5,15,2146.0,143.05,60,5
F069488,Chandler,65+,High-Value Fan,5,16,2145.0,134.06,80,5
F016198,Phoenix,45-54,High-Value Fan,7,14,2145.0,153.19,69,5
F043359,Phoenix,45-54,High-Value Fan,8,15,2142.0,142.82,60,5
F048528,Out of State,25-34,High-Value Fan,14,40,2142.0,53.56,98,5
F019938,Chandler,25-34,High-Value Fan,5,14,2142.0,152.97,82,5
F029318,Mesa,45-54,High-Value Fan,5,9,2140.0,237.76,73,5
F060933,Out of State,35-44,High-Value Fan,5,13,2139.0,164.5,95,5
F026821,Phoenix,18-24,High-Value Fan,5,38,2138.0,56.27,100,5
F047061,Chandler,45-54,High-Value Fan,17,43,2136.0,49.67,54,5
F024280,Gilbert,55-64,High-Value Fan,5,13,2136.0,164.27,73,5
F033108,Scottsdale,25-34,High-Value Fan,5,40,2133.0,53.34,60,5
F052940,Out of State,45-54,At-Risk Fan,7,15,2129.0,141.92,60,5
F048149,Mesa,25-34,High-Value Fan,5,11,2129.0,193.51,70,5
F059502,Phoenix,35-44,High-Value Fan,5,11,2129.0,193.5,60,5
F045374,Phoenix,55-64,High-Value Fan,5,15,2129.0,141.9,69,5
F061248,Glendale,25-34,High-Value Fan,6,14,2127.0,151.95,90,5
F032988,Tempe,18-24,At-Risk Fan,14,41,2125.0,51.83,99,5
F069140,Glendale,45-54,High-Value Fan,6,13,2125.0,163.46,60,5
F013493,Mesa,35-44,High-Value Fan,17,47,2125.0,45.21,55,5
F066637,Gilbert,35-44,High-Value Fan,6,12,2124.0,177.01,90,5
F034476,Chandler,35-44,High-Value Fan,17,42,2123.0,50.55,77,5
F028411,Phoenix,25-34,High-Value Fan,5,12,2122.0,176.81,100,5
F003455,Scottsdale,45-54,High-Value Fan,6,13,2121.0,163.18,87,5
F032352,Phoenix,18-24,High-Value Fan,6,13,2121.0,163.18,95,5
F036667,Mesa,18-24,High-Value Fan,17,44,2121.0,48.21,97,5
F058408,Gilbert,55-64,High-Value Fan,5,13,2121.0,163.12,100,5
F072279,Phoenix,35-44,High-Value Fan,5,11,2120.0,192.74,60,5
F043440,Tucson,18-24,High-Value Fan,7,10,2120.0,211.97,100,5
F050435,Tucson,45-54,High-Value Fan,6,15,2119.0,141.29,87,5
F010689,Tucson,35-44,High-Value Fan,5,11,2119.0,192.64,100,5
F022329,Glendale,45-54,At-Risk Fan,6,13,2119.0,162.98,87,5
F068271,Mesa,25-34,High-Value Fan,20,43,2118.0,49.26,45,5
F063148,Tempe,18-24,High-Value Fan,9,15,2118.0,141.17,68,5
F048184,Peoria,35-44,High-Value Fan,6,13,2117.0,162.81,73,5
F058932,Phoenix,35-44,High-Value Fan,6,12,2116.0,176.33,55,5
F062610,Phoenix,25-34,High-Value Fan,14,40,2113.0,52.82,57,5
F008236,Scottsdale,35-44,High-Value Fan,5,15,2111.0,140.76,76,5
F004626,Scottsdale,35-44,At-Risk Fan,5,10,2111.0,211.11,80,5
F049187,Phoenix,45-54,High-Value Fan,19,42,2110.0,50.25,85,5
F024344,Out of State,25-34,High-Value Fan,5,15,2110.0,140.68,60,5
F019032,Peoria,35-44,High-Value Fan,5,13,2109.0,162.25,87,5
F008173,Gilbert,18-24,High-Value Fan,7,15,2109.0,140.61,60,5
F019780,Glendale,18-24,High-Value Fan,6,16,2109.0,131.81,56,5
F011589,Phoenix,18-24,High-Value Fan,5,11,2109.0,191.72,57,5
F072033,Gilbert,18-24,High-Value Fan,5,10,2108.0,210.79,80,5
F031569,Peoria,45-54,High-Value Fan,6,12,2107.0,175.59,55,5
F067194,Gilbert,35-44,At-Risk Fan,5,13,2107.0,162.04,73,5
F011035,Scottsdale,25-34,At-Risk Fan,5,13,2106.0,162.03,60,5
F042503,Phoenix,45-54,High-Value Fan,7,12,2105.0,175.38,60,5
F044263,Phoenix,45-54,High-Value Fan,6,16,2104.0,131.51,100,5
F050639,Phoenix,45-54,At-Risk Fan,5,13,2104.0,161.81,100,5
F033192,Phoenix,25-34,High-Value Fan,7,14,2103.0,150.21,80,5
F068347,Glendale,45-54,High-Value Fan,8,15,2103.0,140.17,100,5
F007215,Phoenix,25-34,High-Value Fan,17,41,2102.0,51.28,56,5
F021826,Mesa,65+,At-Risk Fan,6,14,2102.0,150.17,100,5
F062719,Phoenix,35-44,High-Value Fan,6,14,2102.0,150.15,82,5
F004234,Scottsdale,18-24,High-Value Fan,17,42,2102.0,50.05,99,5
F051672,Tucson,18-24,At-Risk Fan,6,12,2102.0,175.17,80,5
F054616,Phoenix,25-34,High-Value Fan,7,14,2102.0,150.12,91,5
F052515,Scottsdale,45-54,High-Value Fan,12,40,2101.0,52.53,100,5
F053419,Scottsdale,25-34,High-Value Fan,5,12,2101.0,175.08,60,5
F024657,Gilbert,35-44,High-Value Fan,6,15,2099.0,139.96,80,5
F019526,Out of State,25-34,High-Value Fan,5,14,2098.0,149.87,87,5
F045684,Mesa,55-64,High-Value Fan,5,15,2097.0,139.83,90,5
F023309,Gilbert,25-34,High-Value Fan,17,44,2097.0,47.65,53,5
F049297,Gilbert,45-54,High-Value Fan,15,41,2096.0,51.12,93,5
F048229,Mesa,18-24,High-Value Fan,5,12,2096.0,174.63,80,5
F061397,Scottsdale,45-54,High-Value Fan,15,42,2095.0,49.89,91,5
F040936,Scottsdale,18-24,High-Value Fan,16,44,2094.0,47.6,100,5
F038078,Mesa,45-54,High-Value Fan,5,13,2094.0,161.04,55,5
F041155,Chandler,35-44,High-Value Fan,5,10,2093.0,209.34,82,5
F038497,Phoenix,25-34,High-Value Fan,5,12,2091.0,174.24,60,5
F065289,Scottsdale,35-44,High-Value Fan,5,15,2090.0,139.35,80,5
F058955,Phoenix,25-34,High-Value Fan,7,13,2089.0,160.7,66,5
F049504,Gilbert,35-44,High-Value Fan,19,43,2088.0,48.56,54,5
F053946,Peoria,25-34,High-Value Fan,6,11,2087.0,189.74,95,5
F022314,Glendale,45-54,High-Value Fan,5,15,2085.0,139.01,69,5
F036401,Tempe,18-24,High-Value Fan,5,13,2085.0,160.39,60,5
F048014,Gilbert,35-44,High-Value Fan,5,12,2084.0,173.7,80,5
F058260,Scottsdale,35-44,High-Value Fan,16,40,2084.0,52.09,98,5
F028833,Glendale,35-44,High-Value Fan,7,40,2083.0,52.08,100,5
F028184,Tempe,25-34,High-Value Fan,6,13,2083.0,160.2,55,5
F071082,Phoenix,25-34,At-Risk Fan,5,13,2082.0,160.18,60,5
F043182,Mesa,18-24,High-Value Fan,6,14,2082.0,148.72,96,5
F020070,Tempe,35-44,High-Value Fan,20,39,2081.0,53.37,95,5
F011738,Phoenix,25-34,High-Value Fan,5,13,2081.0,160.06,60,5
F018065,Scottsdale,45-54,High-Value Fan,5,11,2079.0,188.98,55,5
F049249,Phoenix,18-24,High-Value Fan,5,11,2077.0,188.83,68,5
F013921,Gilbert,25-34,At-Risk Fan,6,14,2076.0,148.31,100,5
F040365,Scottsdale,25-34,High-Value Fan,5,13,2076.0,159.69,55,5
F026680,Tempe,35-44,High-Value Fan,19,44,2073.0,47.12,80,5
F007314,Phoenix,35-44,High-Value Fan,18,44,2072.0,47.1,99,5
F043942,Gilbert,25-34,High-Value Fan,5,12,2072.0,172.66,82,5
F018329,Chandler,35-44,High-Value Fan,7,15,2070.0,138.02,48,5
F010793,Phoenix,25-34,High-Value Fan,17,44,2068.0,47.01,95,5
F031394,Tempe,18-24,At-Risk Fan,5,11,2068.0,187.98,84,5
F065847,Tempe,45-54,At-Risk Fan,6,16,2067.0,129.2,92,5
F065294,Gilbert,18-24,High-Value Fan,16,40,2066.0,51.66,74,5
F067376,Phoenix,45-54,High-Value Fan,5,12,2066.0,172.17,40,5
F057123,Phoenix,25-34,At-Risk Fan,5,13,2066.0,158.91,64,5
F036168,Tucson,35-44,High-Value Fan,6,14,2064.0,147.4,73,5
F030333,Phoenix,55-64,High-Value Fan,6,13,2063.0,158.7,69,5
F036091,Scottsdale,18-24,High-Value Fan,14,38,2062.0,54.27,97,5
F060488,Scottsdale,25-34,High-Value Fan,15,40,2062.0,51.54,88,5
F024449,Chandler,35-44,High-Value Fan,5,11,2061.0,187.38,38,5
F063046,Chandler,35-44,At-Risk Fan,5,12,2061.0,171.76,87,5
F004856,Mesa,35-44,High-Value Fan,13,37,2059.0,55.65,98,5
F021123,Phoenix,35-44,High-Value Fan,5,13,2059.0,158.35,100,5
F011326,Glendale,35-44,High-Value Fan,10,44,2057.0,46.75,76,5
F054244,Gilbert,18-24,At-Risk Fan,5,14,2056.0,146.87,100,5
F024407,Out of State,18-24,High-Value Fan,6,11,2055.0,186.78,80,5
F034225,Glendale,35-44,High-Value Fan,18,41,2054.0,50.09,87,5
F067030,Phoenix,45-54,High-Value Fan,18,42,2053.0,48.89,91,5
F065566,Gilbert,18-24,High-Value Fan,6,16,2053.0,128.34,76,5
F012246,Tempe,35-44,At-Risk Fan,5,13,2053.0,157.92,90,5
F043885,Mesa,25-34,High-Value Fan,7,14,2052.0,146.55,100,5
F043974,Phoenix,35-44,High-Value Fan,6,13,2051.0,157.78,80,5
F050270,Phoenix,25-34,High-Value Fan,18,45,2051.0,45.57,100,5
F054600,Phoenix,55-64,High-Value Fan,6,12,2049.0,170.75,90,5
F061978,Scottsdale,25-34,High-Value Fan,5,13,2048.0,157.5,75,5
F047814,Mesa,18-24,At-Risk Fan,5,13,2046.0,157.39,73,5
F030577,Phoenix,35-44,High-Value Fan,5,11,2045.0,185.92,81,5
F023195,Phoenix,25-34,High-Value Fan,8,14,2045.0,146.05,60,5
F035901,Tempe,35-44,High-Value Fan,6,15,2043.0,136.22,60,5
F042593,Scottsdale,35-44,High-Value Fan,6,12,2040.0,169.98,75,5
F027235,Mesa,35-44,High-Value Fan,13,38,2039.0,53.66,97,5
F009608,Tempe,25-34,High-Value Fan,6,15,2038.0,135.85,80,5
F006609,Out of State,25-34,High-Value Fan,16,42,2036.0,48.49,99,5
F038560,Chandler,45-54,High-Value Fan,6,11,2036.0,185.11,89,5
F072028,Phoenix,18-24,High-Value Fan,18,44,2036.0,46.27,100,5
F026278,Phoenix,35-44,High-Value Fan,6,13,2035.0,156.57,75,5
F048816,Phoenix,35-44,High-Value Fan,14,40,2035.0,50.87,56,5
F012710,Peoria,35-44,High-Value Fan,18,40,2035.0,50.87,97,5
F069467,Mesa,35-44,High-Value Fan,14,41,2035.0,49.63,97,5
F009591,Scottsdale,25-34,At-Risk Fan,5,13,2033.0,156.42,90,5
F043340,Chandler,35-44,High-Value Fan,5,12,2031.0,169.28,90,5
F041878,Phoenix,18-24,High-Value Fan,6,14,2028.0,144.86,86,5
F020071,Mesa,35-44,High-Value Fan,6,13,2027.0,155.91,60,5
F035479,Tempe,55-64,High-Value Fan,14,39,2026.0,51.96,58,5
F049012,Mesa,45-54,High-Value Fan,17,42,2026.0,48.24,66,5
F067435,Phoenix,35-44,High-Value Fan,5,14,2025.0,144.65,100,5
F061352,Gilbert,35-44,High-Value Fan,14,40,2024.0,50.6,97,5
F013837,Phoenix,25-34,High-Value Fan,5,16,2023.0,126.46,70,5
F008428,Chandler,35-44,High-Value Fan,18,39,2023.0,51.87,48,5
F055071,Phoenix,45-54,At-Risk Fan,6,12,2021.0,168.43,87,5
F044970,Tempe,25-34,High-Value Fan,13,41,2020.0,49.26,99,5
F071547,Peoria,55-64,High-Value Fan,6,16,2020.0,126.22,69,5
F015485,Mesa,55-64,High-Value Fan,5,14,2019.0,144.2,100,5
F040283,Glendale,35-44,High-Value Fan,5,15,2018.0,134.57,76,5
F052865,Mesa,45-54,High-Value Fan,5,13,2018.0,155.23,100,5
F067071,Chandler,35-44,High-Value Fan,16,43,2018.0,46.92,74,5
F038779,Phoenix,35-44,High-Value Fan,16,40,2017.0,50.43,58,5
F054333,Out of State,25-34,At-Risk Fan,5,13,2015.0,155.02,80,5
F050062,Out of State,35-44,High-Value Fan,18,39,2015.0,51.66,100,5
F021097,Tempe,35-44,At-Risk Fan,5,13,2013.0,154.88,70,5
F031658,Mesa,35-44,High-Value Fan,5,16,2013.0,125.83,57,5
F023155,Phoenix,35-44,At-Risk Fan,5,12,2013.0,167.74,80,5
F029374,Phoenix,25-34,High-Value Fan,14,58,2012.0,34.68,98,5
F068099,Tempe,25-34,High-Value Fan,12,37,2011.0,54.35,92,5
F021033,Peoria,45-54,High-Value Fan,5,12,2010.0,167.53,73,5
F039144,Chandler,18-24,High-Value Fan,6,13,2008.0,154.45,69,5
F007940,Tucson,55-64,High-Value Fan,6,14,2008.0,143.41,56,5
F008386,Phoenix,25-34,At-Risk Fan,5,13,2007.0,154.4,82,5
F057256,Out of State,25-34,At-Risk Fan,6,14,2007.0,143.36,80,5
F010491,Phoenix,25-34,High-Value Fan,17,43,2005.0,46.64,94,5
F008102,Mesa,35-44,High-Value Fan,5,13,2005.0,154.22,60,5
F027564,Gilbert,18-24,At-Risk Fan,5,14,2004.0,143.18,91,5
F033668,Phoenix,25-34,High-Value Fan,15,39,2004.0,51.39,55,5
F032795,Scottsdale,18-24,High-Value Fan,13,39,2003.0,51.37,98,5
F014658,Scottsdale,18-24,High-Value Fan,16,38,2003.0,52.72,60,5
F010937,Phoenix,45-54,High-Value Fan,5,13,2003.0,154.05,91,5
F069507,Phoenix,45-54,High-Value Fan,5,14,2002.0,142.99,60,5
F048395,Tucson,18-24,At-Risk Fan,5,14,2001.0,142.94,100,5
F059984,Phoenix,18-24,High-Value Fan,5,12,2000.0,166.69,100,5
F071359,Phoenix,35-44,High-Value Fan,5,12,2000.0,166.64,50,5
F022161,Chandler,35-44,High-Value Fan,5,12,1999.0,166.61,100,5
F009308,Scottsdale,25-34,At-Risk Fan,6,13,1997.0,153.58,87,5
F007392,Mesa,35-44,High-Value Fan,6,14,1995.0,142.51,80,5
F044335,Peoria,45-54,High-Value Fan,11,40,1994.0,49.84,77,5
F045655,Phoenix,45-54,High-Value Fan,11,42,1994.0,47.47,56,5
F048484,Out of State,18-24,High-Value Fan,5,14,1993.0,142.35,51,5
F004064,Tempe,35-44,High-Value Fan,8,13,1991.0,153.13,91,5
F020590,Scottsdale,25-34,High-Value Fan,5,13,1988.0,152.94,55,5
F037719,Scottsdale,35-44,At-Risk Fan,5,11,1988.0,180.71,85,5
F015775,Mesa,25-34,High-Value Fan,15,39,1987.0,50.96,71,5
F053142,Phoenix,18-24,High-Value Fan,5,12,1987.0,165.6,90,5
F028667,Mesa,25-34,High-Value Fan,5,10,1987.0,198.66,68,5
F034833,Peoria,18-24,High-Value Fan,6,13,1986.0,152.81,60,5
F051700,Tempe,55-64,At-Risk Fan,5,11,1986.0,180.55,76,5
F026862,Gilbert,45-54,High-Value Fan,5,15,1986.0,132.39,80,5
F007135,Scottsdale,25-34,High-Value Fan,6,13,1986.0,152.74,91,5
F024263,Out of State,18-24,At-Risk Fan,5,12,1985.0,165.44,100,5
F003902,Scottsdale,25-34,At-Risk Fan,5,13,1983.0,152.56,60,5
F015732,Glendale,18-24,High-Value Fan,14,41,1983.0,48.36,60,5
F052275,Chandler,18-24,At-Risk Fan,5,10,1983.0,198.26,70,5
F022081,Peoria,35-44,High-Value Fan,16,38,1983.0,52.17,58,5
F039036,Phoenix,35-44,High-Value Fan,14,40,1982.0,49.55,60,5
F023761,Phoenix,45-54,High-Value Fan,5,10,1981.0,198.12,80,5
F003542,Phoenix,25-34,High-Value Fan,13,37,1980.0,53.51,57,5
F070568,Phoenix,18-24,High-Value Fan,5,11,1978.0,179.86,84,5
F031586,Chandler,45-54,At-Risk Fan,5,11,1978.0,179.83,100,5
F039484,Glendale,18-24,High-Value Fan,10,37,1978.0,53.46,77,5
F022565,Glendale,25-34,High-Value Fan,14,39,1978.0,50.71,51,5
F052485,Glendale,45-54,High-Value Fan,7,14,1976.0,141.17,73,5
F006801,Glendale,45-54,High-Value Fan,5,10,1976.0,197.64,88,5
F034582,Mesa,35-44,High-Value Fan,5,15,1976.0,131.72,80,5
F063476,Mesa,35-44,High-Value Fan,5,12,1974.0,164.46,87,5
F070180,Chandler,35-44,High-Value Fan,7,11,1973.0,179.38,100,5
F050790,Tempe,18-24,At-Risk Fan,6,15,1971.0,131.42,100,5
F045583,Out of State,18-24,High-Value Fan,14,40,1971.0,49.28,91,5
F066644,Phoenix,25-34,High-Value Fan,6,14,1971.0,140.8,56,5
F007222,Phoenix,35-44,High-Value Fan,5,12,1971.0,164.24,55,5
F034703,Phoenix,18-24,High-Value Fan,5,11,1969.0,178.97,60,5
F060081,Scottsdale,35-44,High-Value Fan,5,11,1968.0,178.95,69,5
F032991,Gilbert,25-34,High-Value Fan,5,11,1968.0,178.92,55,5
F018444,Glendale,18-24,High-Value Fan,5,11,1968.0,178.91,60,5
F062184,Phoenix,18-24,High-Value Fan,6,14,1967.0,140.48,87,5
F046830,Phoenix,35-44,High-Value Fan,5,14,1965.0,140.38,80,5
F015770,Chandler,18-24,High-Value Fan,14,41,1963.0,47.88,96,5
F059953,Phoenix,45-54,High-Value Fan,5,16,1962.0,122.61,60,5
F071106,Tucson,55-64,At-Risk Fan,5,13,1962.0,150.9,90,5
F016636,Phoenix,45-54,High-Value Fan,5,11,1960.0,178.14,80,5
F055432,Mesa,45-54,At-Risk Fan,5,16,1959.0,122.42,72,5
F051629,Scottsdale,35-44,High-Value Fan,6,44,1958.0,44.51,84,5
F006616,Phoenix,18-24,High-Value Fan,14,38,1954.0,51.42,100,5
F014767,Phoenix,25-34,High-Value Fan,6,14,1954.0,139.56,60,5
F049463,Mesa,35-44,High-Value Fan,7,13,1953.0,150.23,60,5
F005767,Phoenix,35-44,High-Value Fan,6,13,1952.0,150.17,91,5
F036304,Chandler,18-24,High-Value Fan,5,13,1952.0,150.16,73,5
F030894,Tempe,25-34,High-Value Fan,18,40,1950.0,48.76,98,5
F057616,Phoenix,25-34,High-Value Fan,5,10,1949.0,194.87,90,5
F058072,Scottsdale,25-34,High-Value Fan,6,14,1948.0,139.11,100,5
F040031,Phoenix,45-54,High-Value Fan,16,38,1946.0,51.22,72,5
F004127,Gilbert,25-34,High-Value Fan,16,42,1946.0,46.34,96,5
F009267,Phoenix,35-44,High-Value Fan,6,13,1945.0,149.63,75,5
F053442,Phoenix,25-34,High-Value Fan,11,38,1944.0,51.15,60,5
F024961,Out of State,45-54,At-Risk Fan,5,10,1942.0,194.19,73,5
F060273,Glendale,18-24,High-Value Fan,6,12,1941.0,161.76,100,5
F038709,Mesa,35-44,High-Value Fan,5,13,1941.0,149.28,95,5
F027446,Glendale,45-54,High-Value Fan,5,12,1940.0,161.68,60,5
F023876,Chandler,35-44,High-Value Fan,12,40,1940.0,48.49,54,5
F059809,Gilbert,25-34,High-Value Fan,5,11,1938.0,176.22,55,5
F026631,Chandler,45-54,High-Value Fan,5,11,1938.0,176.21,60,5
F036636,Phoenix,35-44,High-Value Fan,6,14,1938.0,138.42,96,5
F044123,Phoenix,55-64,High-Value Fan,5,13,1935.0,148.85,77,5
F042164,Glendale,25-34,High-Value Fan,5,11,1934.0,175.83,55,5
F037598,Phoenix,55-64,High-Value Fan,14,39,1933.0,49.57,57,5
F006032,Phoenix,65+,High-Value Fan,5,10,1932.0,193.22,100,5
F044435,Scottsdale,35-44,High-Value Fan,5,13,1932.0,148.58,60,5
F064921,Phoenix,35-44,At-Risk Fan,5,37,1931.0,52.18,80,5
F037428,Tempe,25-34,High-Value Fan,14,38,1930.0,50.79,57,5
F061565,Tempe,45-54,High-Value Fan,6,13,1930.0,148.47,95,5
F009117,Peoria,18-24,At-Risk Fan,5,11,1929.0,175.33,80,5
F026387,Phoenix,55-64,High-Value Fan,6,12,1928.0,160.66,100,5
F030502,Tempe,35-44,High-Value Fan,5,14,1927.0,137.66,67,5
F045943,Glendale,25-34,High-Value Fan,5,12,1927.0,160.57,60,5
F010261,Scottsdale,35-44,High-Value Fan,6,13,1925.0,148.1,80,5
F039290,Phoenix,45-54,High-Value Fan,15,35,1923.0,54.95,57,5
F055458,Phoenix,18-24,High-Value Fan,5,11,1923.0,174.81,60,5
F028601,Tempe,35-44,High-Value Fan,5,10,1923.0,192.25,55,5
F067424,Phoenix,25-34,High-Value Fan,5,12,1922.0,160.21,60,5
F035623,Phoenix,18-24,High-Value Fan,15,34,1922.0,56.53,56,5
F016815,Out of State,18-24,At-Risk Fan,6,13,1921.0,147.74,80,5
F039377,Peoria,18-24,High-Value Fan,5,12,1919.0,159.9,75,5
F026899,Chandler,18-24,High-Value Fan,5,15,1918.0,127.86,73,5
F048052,Glendale,55-64,High-Value Fan,15,36,1917.0,53.25,55,5
F037812,Mesa,25-34,High-Value Fan,5,10,1916.0,191.61,87,5
F072752,Mesa,25-34,High-Value Fan,18,43,1916.0,44.56,59,5
F072621,Chandler,25-34,High-Value Fan,5,12,1915.0,159.62,100,5
F066299,Scottsdale,18-24,High-Value Fan,6,13,1914.0,147.25,100,5
F012320,Tempe,25-34,At-Risk Fan,5,14,1913.0,136.62,71,5
F052350,Chandler,35-44,High-Value Fan,5,12,1913.0,159.39,60,5
F039642,Phoenix,55-64,High-Value Fan,5,15,1912.0,127.48,61,5
F031833,Peoria,25-34,High-Value Fan,5,10,1912.0,191.16,87,5
F044473,Tempe,25-34,At-Risk Fan,5,12,1910.0,159.16,87,5
F012306,Tempe,45-54,High-Value Fan,5,11,1910.0,173.62,100,5
F041964,Out of State,45-54,High-Value Fan,15,41,1910.0,46.58,60,5
F048850,Phoenix,25-34,At-Risk Fan,14,42,1909.0,45.44,61,5
F018473,Phoenix,18-24,High-Value Fan,15,39,1908.0,48.93,49,5
F026311,Phoenix,25-34,High-Value Fan,17,41,1908.0,46.53,94,5
F071727,Mesa,55-64,High-Value Fan,12,38,1907.0,50.18,78,5
F025532,Phoenix,45-54,High-Value Fan,13,35,1906.0,54.44,90,5
F011194,Scottsdale,18-24,High-Value Fan,12,35,1905.0,54.43,48,5
F050826,Phoenix,18-24,High-Value Fan,5,11,1904.0,173.13,70,5
F053373,Phoenix,18-24,High-Value Fan,5,13,1904.0,146.48,60,5
F048843,Chandler,25-34,High-Value Fan,5,14,1903.0,135.9,60,5
F052127,Phoenix,18-24,High-Value Fan,5,13,1902.0,146.31,80,5
F061166,Phoenix,18-24,High-Value Fan,16,38,1902.0,50.05,52,5
F008696,Mesa,55-64,High-Value Fan,5,10,1901.0,190.1,74,5
F061770,Phoenix,35-44,At-Risk Fan,12,38,1901.0,50.02,92,5
F046177,Scottsdale,35-44,At-Risk Fan,5,13,1901.0,146.22,68,5
F051518,Phoenix,55-64,High-Value Fan,6,11,1901.0,172.79,75,5
F008912,Phoenix,45-54,High-Value Fan,10,34,1899.0,55.84,100,5
F036763,Phoenix,55-64,High-Value Fan,11,35,1898.0,54.23,73,5
F027352,Phoenix,35-44,High-Value Fan,5,11,1893.0,172.11,79,5
F026066,Chandler,35-44,High-Value Fan,7,12,1892.0,157.68,80,5
F042084,Out of State,45-54,High-Value Fan,6,12,1891.0,157.59,77,5
F069005,Scottsdale,65+,High-Value Fan,6,11,1891.0,171.87,100,5
F029473,Chandler,45-54,High-Value Fan,5,12,1890.0,157.46,80,5
F041107,Phoenix,65+,High-Value Fan,6,12,1889.0,157.38,80,5
F050554,Glendale,25-34,High-Value Fan,5,11,1888.0,171.62,95,5
F014307,Out of State,35-44,High-Value Fan,13,35,1887.0,53.91,100,5
F020107,Tucson,25-34,High-Value Fan,6,13,1887.0,145.12,75,5
F039698,Tucson,35-44,High-Value Fan,5,11,1886.0,171.49,49,5
F069286,Scottsdale,18-24,High-Value Fan,5,12,1886.0,157.14,100,5
F071374,Phoenix,35-44,High-Value Fan,5,14,1885.0,134.67,76,5
F014832,Phoenix,55-64,At-Risk Fan,5,13,1885.0,144.99,73,5
F054374,Tempe,35-44,High-Value Fan,6,14,1884.0,134.56,100,5
F017791,Scottsdale,35-44,High-Value Fan,15,34,1884.0,55.4,71,5
F063206,Phoenix,45-54,High-Value Fan,11,34,1883.0,55.4,100,5
F022694,Glendale,35-44,High-Value Fan,13,36,1883.0,52.31,50,5
F050474,Phoenix,18-24,At-Risk Fan,14,37,1883.0,50.9,94,5
F031956,Phoenix,45-54,At-Risk Fan,5,10,1883.0,188.31,60,5
F045188,Scottsdale,18-24,High-Value Fan,13,39,1880.0,48.2,63,5
F030469,Phoenix,18-24,High-Value Fan,7,49,1879.0,38.36,87,5
F051504,Scottsdale,25-34,High-Value Fan,5,13,1879.0,144.54,91,5
F038071,Glendale,18-24,High-Value Fan,5,11,1879.0,170.8,73,5
F018839,Gilbert,25-34,High-Value Fan,13,38,1879.0,49.44,55,5
F034390,Tempe,18-24,High-Value Fan,14,41,1878.0,45.82,50,5
F016093,Peoria,18-24,High-Value Fan,5,11,1878.0,170.77,55,5
F037127,Scottsdale,18-24,High-Value Fan,5,10,1877.0,187.69,48,5
F025600,Chandler,35-44,High-Value Fan,5,12,1876.0,156.37,100,5
F037688,Phoenix,25-34,At-Risk Fan,5,15,1875.0,125.0,73,5
F036470,Phoenix,18-24,High-Value Fan,11,33,1873.0,56.76,98,5
F017228,Gilbert,45-54,High-Value Fan,14,38,1873.0,49.28,58,5
F062134,Scottsdale,25-34,At-Risk Fan,5,11,1871.0,170.13,75,5
F052826,Phoenix,45-54,At-Risk Fan,6,13,1870.0,143.86,60,5
F025082,Chandler,18-24,High-Value Fan,16,37,1869.0,50.52,83,5
F025811,Chandler,25-34,High-Value Fan,5,13,1869.0,143.79,69,5
F069041,Mesa,18-24,High-Value Fan,13,33,1869.0,56.64,64,5
F059088,Gilbert,18-24,High-Value Fan,14,38,1868.0,49.16,82,5
F071985,Peoria,25-34,High-Value Fan,6,13,1868.0,143.7,80,5
F029845,Out of State,25-34,High-Value Fan,13,34,1868.0,54.94,49,5
F003716,Phoenix,35-44,High-Value Fan,6,11,1868.0,169.81,89,5
F050596,Phoenix,45-54,High-Value Fan,14,38,1866.0,49.11,60,5
F016027,Peoria,18-24,High-Value Fan,5,9,1866.0,207.32,67,5
F061630,Phoenix,65+,High-Value Fan,5,12,1865.0,155.4,50,5
F011467,Scottsdale,25-34,High-Value Fan,11,43,1863.0,43.33,73,5
F021000,Out of State,45-54,At-Risk Fan,5,13,1863.0,143.32,77,5
F071639,Peoria,35-44,High-Value Fan,12,37,1863.0,50.36,100,5
F066173,Out of State,25-34,High-Value Fan,13,35,1863.0,53.22,97,5
F020600,Phoenix,18-24,High-Value Fan,12,36,1861.0,51.69,60,5
F040833,Tucson,45-54,High-Value Fan,6,15,1858.0,123.87,80,5
F037934,Phoenix,35-44,High-Value Fan,16,32,1858.0,58.05,91,5
F018942,Mesa,35-44,At-Risk Fan,5,10,1857.0,185.68,100,5
F008939,Phoenix,25-34,High-Value Fan,5,10,1856.0,185.59,73,5
F032400,Mesa,65+,High-Value Fan,6,12,1855.0,154.54,80,5
F035103,Phoenix,18-24,High-Value Fan,5,11,1852.0,168.38,60,5
F063806,Mesa,35-44,High-Value Fan,5,9,1852.0,205.79,40,5
F013588,Phoenix,35-44,High-Value Fan,5,12,1849.0,154.11,60,5
F055851,Tempe,35-44,High-Value Fan,5,12,1849.0,154.08,73,5
F069463,Tucson,35-44,At-Risk Fan,5,13,1849.0,142.2,73,5
F030362,Phoenix,35-44,High-Value Fan,14,39,1848.0,47.38,97,5
F003592,Scottsdale,25-34,High-Value Fan,5,11,1846.0,167.81,89,5
F017045,Glendale,25-34,High-Value Fan,12,37,1844.0,49.83,90,5
F062319,Mesa,18-24,High-Value Fan,5,11,1843.0,167.5,60,5
F006288,Chandler,18-24,High-Value Fan,5,12,1842.0,153.52,87,5
F045452,Mesa,25-34,High-Value Fan,14,36,1842.0,51.17,90,5
F032714,Mesa,35-44,High-Value Fan,5,14,1841.0,131.52,60,5
F051516,Gilbert,25-34,High-Value Fan,16,37,1841.0,49.75,94,5
F014023,Scottsdale,25-34,High-Value Fan,14,40,1841.0,46.02,87,5
F068091,Glendale,35-44,High-Value Fan,15,39,1838.0,47.13,92,5
F026978,Glendale,35-44,High-Value Fan,5,11,1836.0,166.92,60,5
F025363,Scottsdale,35-44,High-Value Fan,6,10,1836.0,183.62,87,5
F052296,Phoenix,25-34,High-Value Fan,5,12,1832.0,152.69,100,5
F041651,Phoenix,35-44,High-Value Fan,14,38,1829.0,48.13,60,5
F039459,Tempe,35-44,High-Value Fan,5,12,1827.0,152.26,55,5
F005804,Phoenix,45-54,High-Value Fan,5,13,1825.0,140.39,91,5
F004594,Mesa,18-24,High-Value Fan,5,10,1825.0,182.46,54,5
F040738,Tempe,55-64,At-Risk Fan,6,12,1824.0,152.01,60,5
F045639,Glendale,18-24,High-Value Fan,14,36,1824.0,50.66,60,5
F050179,Glendale,45-54,High-Value Fan,11,32,1823.0,56.97,58,5
F072633,Mesa,35-44,High-Value Fan,5,14,1821.0,130.1,100,5
F044636,Peoria,18-24,High-Value Fan,15,34,1821.0,53.56,95,5
F019011,Glendale,25-34,High-Value Fan,16,38,1821.0,47.91,98,5
F008915,Out of State,25-34,High-Value Fan,18,37,1817.0,49.12,97,5
F021216,Phoenix,45-54,High-Value Fan,13,39,1817.0,46.59,57,5
F072678,Peoria,18-24,High-Value Fan,12,34,1815.0,53.39,60,5
F030699,Phoenix,35-44,High-Value Fan,15,36,1813.0,50.35,97,5
F037188,Out of State,35-44,High-Value Fan,5,14,1812.0,129.43,47,5
F048591,Phoenix,25-34,High-Value Fan,5,12,1812.0,151.0,80,5
F055348,Scottsdale,45-54,High-Value Fan,10,34,1810.0,53.23,55,5
F072362,Gilbert,35-44,High-Value Fan,18,37,1809.0,48.89,95,5
F068512,Phoenix,25-34,High-Value Fan,13,33,1809.0,54.81,95,5
F062073,Out of State,18-24,High-Value Fan,5,13,1808.0,139.09,60,5
F044585,Scottsdale,18-24,High-Value Fan,5,9,1808.0,200.84,80,5
F033321,Out of State,25-34,High-Value Fan,5,13,1807.0,138.99,60,5
F059061,Phoenix,35-44,High-Value Fan,5,13,1807.0,138.96,87,5
F039066,Scottsdale,35-44,High-Value Fan,6,12,1806.0,150.52,82,5
F030987,Tempe,45-54,High-Value Fan,7,13,1805.0,138.85,100,5
F044108,Glendale,18-24,High-Value Fan,5,12,1804.0,150.31,80,5
F026080,Phoenix,25-34,High-Value Fan,12,39,1803.0,46.24,82,5
F024881,Phoenix,18-24,At-Risk Fan,5,12,1803.0,150.26,65,5
F071492,Phoenix,35-44,High-Value Fan,6,11,1802.0,163.84,100,5
F066207,Scottsdale,18-24,High-Value Fan,5,12,1801.0,150.11,80,5
F071879,Phoenix,45-54,High-Value Fan,11,35,1800.0,51.44,98,5
F006629,Peoria,25-34,High-Value Fan,5,11,1800.0,163.63,60,5
F026039,Out of State,35-44,High-Value Fan,5,11,1799.0,163.59,95,5
F038592,Tempe,35-44,High-Value Fan,15,38,1798.0,47.32,85,5
F046729,Gilbert,35-44,High-Value Fan,6,12,1798.0,149.84,90,5
F058637,Glendale,18-24,At-Risk Fan,5,10,1797.0,179.73,90,5
F050165,Chandler,25-34,At-Risk Fan,6,11,1797.0,163.36,80,5
F004007,Mesa,35-44,High-Value Fan,5,11,1796.0,163.31,73,5
F053898,Peoria,18-24,High-Value Fan,5,11,1796.0,163.24,87,5
F062717,Scottsdale,25-34,At-Risk Fan,5,12,1795.0,149.59,87,5
F039199,Glendale,25-34,High-Value Fan,14,31,1793.0,57.83,60,5
F049047,Gilbert,18-24,High-Value Fan,5,12,1792.0,149.37,60,5
F014626,Glendale,35-44,High-Value Fan,14,36,1792.0,49.79,100,5
F013830,Out of State,35-44,At-Risk Fan,5,10,1792.0,179.2,73,5
F010719,Phoenix,35-44,High-Value Fan,15,38,1790.0,47.1,60,5
F005916,Mesa,35-44,High-Value Fan,6,13,1789.0,137.62,66,5
F066367,Glendale,25-34,High-Value Fan,5,10,1789.0,178.9,100,5
F054905,Phoenix,18-24,High-Value Fan,6,13,1787.0,137.49,73,5
F007937,Glendale,25-34,High-Value Fan,12,35,1787.0,51.05,80,5
F063559,Scottsdale,35-44,At-Risk Fan,5,11,1786.0,162.37,75,5
F021625,Phoenix,35-44,High-Value Fan,15,34,1785.0,52.51,60,5
F026429,Phoenix,25-34,High-Value Fan,14,39,1784.0,45.74,100,5
F011704,Glendale,35-44,High-Value Fan,5,12,1783.0,148.55,60,5
F067326,Phoenix,25-34,High-Value Fan,5,11,1782.0,162.04,60,5
F026747,Out of State,45-54,At-Risk Fan,6,11,1782.0,162.0,100,5
F036856,Scottsdale,45-54,High-Value Fan,5,12,1780.0,148.29,50,5
F042299,Phoenix,18-24,High-Value Fan,5,12,1778.0,148.2,85,5
F030546,Phoenix,35-44,High-Value Fan,5,11,1775.0,161.39,55,5
F045624,Phoenix,25-34,High-Value Fan,12,34,1775.0,52.2,60,5
F044187,Chandler,25-34,High-Value Fan,13,33,1775.0,53.78,85,5
F019633,Tempe,45-54,High-Value Fan,12,36,1773.0,49.25,93,5
F020601,Scottsdale,45-54,High-Value Fan,6,12,1773.0,147.73,60,5
F048718,Phoenix,45-54,High-Value Fan,15,35,1769.0,50.53,88,5
F009417,Mesa,18-24,High-Value Fan,5,9,1768.0,196.46,60,5
F067766,Out of State,45-54,High-Value Fan,14,35,1768.0,50.52,58,5
F017024,Phoenix,35-44,High-Value Fan,5,12,1768.0,147.34,60,5
F053641,Phoenix,35-44,High-Value Fan,14,36,1768.0,49.11,93,5
F033408,Gilbert,35-44,High-Value Fan,16,34,1767.0,51.97,58,5
F033059,Phoenix,18-24,At-Risk Fan,5,12,1767.0,147.21,75,5
F070763,Out of State,35-44,High-Value Fan,5,11,1766.0,160.56,87,5
F024354,Tucson,45-54,High-Value Fan,16,39,1766.0,45.28,100,5
F033023,Out of State,18-24,At-Risk Fan,5,12,1764.0,147.01,75,5
F043158,Phoenix,35-44,High-Value Fan,6,12,1763.0,146.94,80,5
F044720,Glendale,35-44,At-Risk Fan,5,12,1762.0,146.87,70,5
F043576,Phoenix,55-64,At-Risk Fan,5,11,1761.0,160.12,54,5
F021432,Glendale,25-34,High-Value Fan,5,13,1761.0,135.47,60,5
F016467,Phoenix,35-44,At-Risk Fan,11,32,1761.0,55.03,87,5
F010331,Glendale,18-24,High-Value Fan,5,12,1760.0,146.67,60,5
F014529,Glendale,18-24,High-Value Fan,5,12,1760.0,146.64,73,5
F069506,Scottsdale,18-24,At-Risk Fan,5,10,1757.0,175.71,100,5
F050812,Scottsdale,35-44,High-Value Fan,5,14,1755.0,125.34,70,5
F005941,Scottsdale,55-64,High-Value Fan,5,11,1754.0,159.48,71,5
F068368,Chandler,18-24,High-Value Fan,6,36,1751.0,48.64,60,5
F051572,Peoria,35-44,High-Value Fan,12,31,1750.0,56.47,78,5
F028794,Scottsdale,45-54,High-Value Fan,5,11,1750.0,159.05,87,5
F036363,Out of State,55-64,High-Value Fan,6,12,1749.0,145.76,100,5
F064067,Phoenix,25-34,At-Risk Fan,5,11,1748.0,158.87,80,5
F067297,Tucson,35-44,High-Value Fan,5,10,1746.0,174.61,100,5
F017357,Phoenix,25-34,High-Value Fan,14,37,1745.0,47.16,100,5
F037402,Phoenix,35-44,High-Value Fan,12,36,1743.0,48.42,87,5
F068850,Phoenix,25-34,At-Risk Fan,13,35,1742.0,49.77,95,5
F037244,Mesa,35-44,High-Value Fan,6,12,1742.0,145.15,100,5
F012824,Phoenix,35-44,High-Value Fan,6,13,1741.0,133.96,68,5
F010769,Mesa,45-54,High-Value Fan,5,11,1741.0,158.31,75,5
F009185,Scottsdale,18-24,High-Value Fan,5,10,1741.0,174.11,100,5
F048879,Scottsdale,35-44,High-Value Fan,11,33,1741.0,52.76,96,5
F021438,Mesa,18-24,High-Value Fan,6,12,1740.0,145.02,60,5
F071227,Peoria,45-54,High-Value Fan,12,37,1734.0,46.86,55,5
F027916,Peoria,25-34,High-Value Fan,6,11,1733.0,157.54,80,5
F005594,Mesa,45-54,At-Risk Fan,5,11,1733.0,157.53,100,5
F013944,Phoenix,35-44,High-Value Fan,16,36,1731.0,48.1,58,5
F059668,Phoenix,18-24,High-Value Fan,11,34,1729.0,50.84,72,5
F017673,Gilbert,25-34,At-Risk Fan,5,10,1728.0,172.81,60,5
F024490,Mesa,55-64,High-Value Fan,5,9,1728.0,192.0,60,5
F065886,Scottsdale,18-24,High-Value Fan,13,36,1727.0,47.98,55,5
F020348,Phoenix,35-44,High-Value Fan,14,35,1727.0,49.34,71,5
F049470,Gilbert,18-24,High-Value Fan,7,14,1726.0,123.31,60,5
F065540,Scottsdale,25-34,High-Value Fan,5,10,1726.0,172.6,60,5
F027373,Phoenix,25-34,At-Risk Fan,5,10,1726.0,172.58,73,5
F060664,Scottsdale,35-44,High-Value Fan,15,36,1726.0,47.94,52,5
F063168,Phoenix,35-44,High-Value Fan,6,14,1726.0,123.25,60,5
F025769,Phoenix,55-64,High-Value Fan,6,36,1725.0,47.93,100,5
F034131,Phoenix,35-44,High-Value Fan,14,36,1724.0,47.89,98,5
F051316,Chandler,35-44,At-Risk Fan,5,12,1724.0,143.63,100,5
F071938,Phoenix,25-34,High-Value Fan,12,32,1724.0,53.86,98,5
F004149,Phoenix,55-64,High-Value Fan,5,11,1723.0,156.64,60,5
F004731,Scottsdale,45-54,High-Value Fan,5,9,1722.0,191.32,100,5
F038526,Phoenix,55-64,High-Value Fan,5,12,1720.0,143.37,87,5
F041209,Glendale,55-64,At-Risk Fan,9,39,1720.0,44.09,54,5
F013823,Scottsdale,35-44,At-Risk Fan,5,12,1718.0,143.16,100,5
F057115,Scottsdale,18-24,High-Value Fan,5,9,1717.0,190.77,47,5
F062832,Tempe,55-64,High-Value Fan,14,34,1717.0,50.49,78,5
F049227,Scottsdale,45-54,High-Value Fan,14,37,1717.0,46.39,87,5
F009085,Mesa,25-34,High-Value Fan,5,11,1715.0,155.94,55,5
F004916,Phoenix,35-44,At-Risk Fan,5,10,1713.0,171.35,80,5
F023913,Glendale,45-54,High-Value Fan,5,12,1711.0,142.56,60,5
F040089,Scottsdale,35-44,High-Value Fan,5,41,1709.0,41.69,60,5
F021983,Phoenix,18-24,High-Value Fan,17,37,1709.0,46.2,57,5
F043384,Tempe,35-44,High-Value Fan,5,12,1709.0,142.44,80,5
F067266,Tempe,45-54,High-Value Fan,14,36,1708.0,47.44,80,5
F018489,Phoenix,45-54,High-Value Fan,5,10,1708.0,170.76,87,5
F071430,Tucson,25-34,High-Value Fan,6,12,1706.0,142.13,60,5
F071536,Phoenix,55-64,High-Value Fan,6,13,1705.0,131.15,60,5
F028545,Gilbert,35-44,High-Value Fan,14,35,1703.0,48.66,73,5
F064482,Phoenix,35-44,High-Value Fan,6,33,1702.0,51.57,75,5
F025089,Glendale,55-64,High-Value Fan,5,12,1701.0,141.77,70,5
F060679,Mesa,45-54,High-Value Fan,6,11,1699.0,154.49,55,5
F003478,Phoenix,18-24,High-Value Fan,6,12,1699.0,141.61,100,5
F071628,Glendale,35-44,High-Value Fan,9,44,1699.0,38.61,87,5
F008541,Mesa,18-24,High-Value Fan,6,10,1699.0,169.86,87,5
F040107,Gilbert,55-64,High-Value Fan,15,37,1698.0,45.88,78,5
F067273,Tucson,35-44,High-Value Fan,11,32,1697.0,53.03,96,5
F032175,Phoenix,65+,High-Value Fan,15,32,1695.0,52.96,96,5
F002980,Phoenix,18-24,High-Value Fan,5,11,1694.0,153.99,80,5
F046147,Phoenix,25-34,High-Value Fan,5,11,1693.0,153.89,60,5
F049615,Phoenix,25-34,High-Value Fan,9,31,1693.0,54.6,60,5
F005217,Chandler,45-54,High-Value Fan,11,32,1692.0,52.88,96,5
F050415,Out of State,25-34,At-Risk Fan,5,11,1692.0,153.81,84,5
F054391,Scottsdale,45-54,High-Value Fan,12,33,1692.0,51.26,98,5
F028795,Phoenix,25-34,At-Risk Fan,13,36,1691.0,46.99,85,5
F066198,Phoenix,18-24,High-Value Fan,5,12,1691.0,140.88,80,5
F044220,Scottsdale,35-44,High-Value Fan,6,12,1690.0,140.84,60,5
F067842,Scottsdale,25-34,High-Value Fan,6,11,1688.0,153.49,60,5
F072546,Phoenix,45-54,At-Risk Fan,5,12,1687.0,140.58,87,5
F071190,Scottsdale,45-54,High-Value Fan,5,10,1687.0,168.67,100,5
F067310,Out of State,35-44,High-Value Fan,10,35,1686.0,48.18,60,5
F048471,Mesa,25-34,High-Value Fan,5,11,1686.0,153.26,100,5
F020131,Glendale,18-24,At-Risk Fan,6,12,1685.0,140.41,100,5
F015157,Phoenix,25-34,High-Value Fan,5,10,1685.0,168.48,42,5
F040275,Out of State,35-44,High-Value Fan,5,10,1684.0,168.36,60,5
F055662,Scottsdale,35-44,High-Value Fan,5,12,1684.0,140.3,55,5
F018972,Glendale,55-64,High-Value Fan,16,36,1683.0,46.74,65,5
F015011,Phoenix,45-54,High-Value Fan,12,33,1682.0,50.98,98,5
F066609,Gilbert,45-54,High-Value Fan,12,32,1681.0,52.54,98,5
F043971,Mesa,35-44,High-Value Fan,5,11,1680.0,152.7,70,5
F013877,Phoenix,35-44,High-Value Fan,5,12,1679.0,139.94,80,5
F015332,Tempe,55-64,At-Risk Fan,5,11,1679.0,152.65,68,5
F059375,Glendale,25-34,At-Risk Fan,5,12,1679.0,139.88,82,5
F048832,Phoenix,35-44,High-Value Fan,14,33,1678.0,50.85,86,5
F049209,Tucson,25-34,At-Risk Fan,8,33,1677.0,50.81,60,5
F017895,Chandler,45-54,High-Value Fan,14,37,1676.0,45.29,57,5
F008040,Phoenix,55-64,High-Value Fan,6,12,1675.0,139.59,50,5
F030780,Out of State,18-24,At-Risk Fan,5,13,1675.0,128.85,71,5
F063391,Phoenix,55-64,High-Value Fan,16,31,1675.0,54.02,52,5
F027565,Gilbert,25-34,High-Value Fan,14,30,1674.0,55.8,58,6
F041473,Tempe,55-64,High-Value Fan,10,41,1674.0,40.82,34,6
F052499,Scottsdale,35-44,High-Value Fan,5,11,1673.0,152.08,84,6
F006524,Phoenix,45-54,High-Value Fan,5,12,1671.0,139.29,87,6
F072335,Phoenix,45-54,High-Value Fan,5,11,1670.0,151.82,60,6
F022226,Mesa,25-34,At-Risk Fan,11,34,1670.0,49.12,80,6
F058883,Scottsdale,65+,High-Value Fan,7,12,1669.0,139.09,68,6
F003885,Phoenix,35-44,High-Value Fan,13,34,1669.0,49.08,98,6
F009884,Phoenix,25-34,High-Value Fan,5,11,1669.0,151.68,68,6
F030093,Phoenix,25-34,At-Risk Fan,5,11,1668.0,151.67,60,6
F007119,Tempe,45-54,High-Value Fan,6,11,1665.0,151.38,100,6
F003060,Phoenix,45-54,At-Risk Fan,5,12,1665.0,138.72,60,6
F046206,Tempe,25-34,High-Value Fan,5,12,1664.0,138.69,30,6
F063976,Mesa,45-54,At-Risk Fan,5,11,1663.0,151.22,90,6
F017435,Phoenix,35-44,High-Value Fan,7,10,1663.0,166.32,48,6
F017091,Tucson,35-44,High-Value Fan,5,11,1663.0,151.17,55,6
F022131,Phoenix,25-34,High-Value Fan,5,10,1663.0,166.25,60,6
F047307,Phoenix,35-44,High-Value Fan,5,10,1662.0,166.18,88,6
F048946,Peoria,25-34,High-Value Fan,5,10,1662.0,166.17,80,6
F048573,Phoenix,45-54,High-Value Fan,5,13,1661.0,127.74,42,6
F007756,Phoenix,35-44,At-Risk Fan,5,11,1660.0,150.91,80,6
F061965,Tucson,35-44,High-Value Fan,5,9,1659.0,184.33,100,6
F049906,Out of State,45-54,High-Value Fan,5,11,1659.0,150.81,69,6
F009438,Phoenix,35-44,High-Value Fan,13,31,1658.0,53.48,54,6
F008262,Tempe,35-44,High-Value Fan,5,11,1657.0,150.63,71,6
F004877,Peoria,45-54,High-Value Fan,5,9,1656.0,183.98,80,6
F058526,Phoenix,45-54,High-Value Fan,12,34,1655.0,48.69,60,6
F047185,Mesa,25-34,High-Value Fan,17,34,1655.0,48.68,53,6
F040306,Phoenix,25-34,High-Value Fan,5,11,1655.0,150.45,55,6
F025686,Phoenix,25-34,High-Value Fan,14,33,1655.0,50.14,96,6
F057029,Phoenix,35-44,High-Value Fan,13,34,1653.0,48.62,56,6
F044503,Glendale,45-54,High-Value Fan,5,10,1653.0,165.28,60,6
F052255,Out of State,35-44,High-Value Fan,5,10,1652.0,165.23,80,6
F068811,Peoria,45-54,High-Value Fan,11,35,1651.0,47.16,53,6
F072548,Tempe,35-44,High-Value Fan,5,16,1649.0,103.07,60,6
F069902,Mesa,18-24,High-Value Fan,5,13,1649.0,126.82,68,6
F010849,Gilbert,18-24,High-Value Fan,14,32,1648.0,51.5,65,6
F016177,Scottsdale,18-24,High-Value Fan,5,13,1648.0,126.77,100,6
F041478,Chandler,25-34,High-Value Fan,12,33,1648.0,49.94,51,6
F056269,Chandler,25-34,High-Value Fan,5,9,1648.0,183.06,67,6
F018282,Tucson,35-44,High-Value Fan,5,10,1647.0,164.7,81,6
F023600,Glendale,35-44,High-Value Fan,13,33,1646.0,49.89,80,6
F047481,Phoenix,25-34,At-Risk Fan,5,10,1645.0,164.46,76,6
F052428,Out of State,45-54,High-Value Fan,5,10,1643.0,164.34,73,6
F040500,Phoenix,25-34,High-Value Fan,12,33,1642.0,49.75,95,6
F010814,Gilbert,25-34,High-Value Fan,12,31,1642.0,52.95,80,6
F018513,Mesa,45-54,At-Risk Fan,5,11,1640.0,149.13,60,6
F024145,Chandler,35-44,High-Value Fan,5,12,1640.0,136.67,55,6
F029929,Phoenix,25-34,High-Value Fan,7,12,1639.0,136.56,70,6
F030027,Tempe,18-24,High-Value Fan,12,30,1638.0,54.59,60,6
F018622,Tempe,35-44,High-Value Fan,13,35,1636.0,46.75,75,6
F023022,Out of State,25-34,High-Value Fan,5,8,1636.0,204.54,73,6
F055173,Phoenix,25-34,High-Value Fan,10,34,1636.0,48.12,60,6
F023776,Phoenix,25-34,High-Value Fan,14,35,1636.0,46.73,68,6
F007592,Scottsdale,25-34,High-Value Fan,10,33,1636.0,49.56,83,6
F063822,Phoenix,25-34,High-Value Fan,5,41,1635.0,39.88,60,6
F056804,Peoria,45-54,High-Value Fan,5,11,1635.0,148.64,100,6
F045717,Mesa,25-34,High-Value Fan,5,11,1634.0,148.57,62,6
F006700,Phoenix,55-64,High-Value Fan,5,10,1633.0,163.29,54,6
F053054,Chandler,35-44,High-Value Fan,11,33,1632.0,49.44,100,6
F046340,Tempe,25-34,High-Value Fan,13,32,1631.0,50.98,56,6
F070440,Tucson,35-44,High-Value Fan,12,31,1631.0,52.6,98,6
F052513,Tempe,25-34,High-Value Fan,14,32,1629.0,50.92,94,6
F049944,Out of State,35-44,High-Value Fan,5,9,1629.0,180.98,20,6
F052384,Phoenix,45-54,High-Value Fan,5,11,1629.0,148.05,89,6
F037432,Phoenix,35-44,High-Value Fan,5,28,1628.0,58.16,76,6
F055628,Out of State,35-44,High-Value Fan,12,36,1626.0,45.16,100,6
F030393,Glendale,35-44,High-Value Fan,6,12,1625.0,135.39,55,6
F045445,Phoenix,55-64,At-Risk Fan,5,11,1625.0,147.69,68,6
F028108,Out of State,35-44,High-Value Fan,11,38,1624.0,42.74,100,6
F042195,Mesa,25-34,High-Value Fan,8,28,1624.0,57.99,78,6
F010456,Phoenix,45-54,High-Value Fan,13,33,1624.0,49.2,76,6
F049619,Mesa,35-44,High-Value Fan,5,9,1621.0,180.07,60,6
F047458,Scottsdale,35-44,High-Value Fan,5,10,1620.0,162.01,68,6
F056248,Mesa,45-54,At-Risk Fan,5,9,1618.0,179.8,100,6
F003058,Phoenix,35-44,High-Value Fan,5,12,1617.0,134.79,70,6
F042809,Chandler,35-44,High-Value Fan,5,10,1617.0,161.73,100,6
F037006,Gilbert,18-24,High-Value Fan,10,33,1617.0,49.01,60,6
F021190,Phoenix,25-34,High-Value Fan,12,37,1616.0,43.67,52,6
F022530,Phoenix,18-24,High-Value Fan,12,30,1614.0,53.81,60,6
F021177,Tempe,45-54,High-Value Fan,12,33,1613.0,48.89,56,6
F064862,Scottsdale,18-24,High-Value Fan,14,34,1613.0,47.45,96,6
F032554,Scottsdale,45-54,High-Value Fan,13,33,1613.0,48.87,71,6
F029135,Phoenix,18-24,High-Value Fan,5,9,1612.0,179.08,67,6
F069615,Phoenix,25-34,High-Value Fan,5,14,1611.0,115.04,96,6
F048759,Scottsdale,45-54,High-Value Fan,10,29,1609.0,55.47,56,6
F072779,Mesa,35-44,At-Risk Fan,9,30,1607.0,53.56,61,6
F058489,Mesa,25-34,At-Risk Fan,5,12,1606.0,133.8,50,6
F032611,Scottsdale,55-64,High-Value Fan,5,12,1605.0,133.76,95,6
F018064,Mesa,55-64,High-Value Fan,13,32,1605.0,50.15,76,6
F034127,Scottsdale,35-44,High-Value Fan,5,11,1605.0,145.87,81,6
F030564,Mesa,35-44,High-Value Fan,12,31,1604.0,51.74,56,6
F048551,Phoenix,25-34,High-Value Fan,5,12,1604.0,133.64,100,6
F056563,Gilbert,25-34,High-Value Fan,14,33,1604.0,48.59,76,6
F015327,Glendale,35-44,High-Value Fan,15,34,1603.0,47.15,100,6
F039709,Mesa,18-24,At-Risk Fan,8,30,1602.0,53.41,87,6
F059234,Phoenix,35-44,High-Value Fan,5,11,1602.0,145.65,62,6
F062981,Chandler,65+,High-Value Fan,14,32,1601.0,50.03,54,6
F004665,Out of State,55-64,High-Value Fan,12,31,1600.0,51.62,58,6
F053309,Phoenix,18-24,High-Value Fan,14,33,1600.0,48.49,98,6
F024390,Chandler,35-44,High-Value Fan,7,30,1600.0,53.33,90,6
F016935,Chandler,45-54,At-Risk Fan,5,11,1599.0,145.41,60,6
F048661,Tucson,25-34,High-Value Fan,13,33,1597.0,48.38,60,6
F026632,Phoenix,45-54,High-Value Fan,11,31,1595.0,51.45,98,6
F023636,Peoria,18-24,High-Value Fan,12,35,1594.0,45.54,60,6
F032331,Phoenix,18-24,High-Value Fan,13,34,1593.0,46.86,93,6
F013244,Scottsdale,35-44,High-Value Fan,11,30,1593.0,53.1,60,6
F009174,Scottsdale,45-54,High-Value Fan,14,31,1593.0,51.37,46,6
F055946,Chandler,25-34,High-Value Fan,10,30,1592.0,53.08,69,6
F070296,Gilbert,25-34,High-Value Fan,12,32,1592.0,49.76,58,6
F044939,Peoria,35-44,High-Value Fan,6,12,1591.0,132.62,60,6
F012265,Chandler,45-54,High-Value Fan,12,29,1589.0,54.78,72,6
F070936,Chandler,18-24,High-Value Fan,14,31,1589.0,51.24,100,6
F041723,Tempe,25-34,High-Value Fan,5,12,1588.0,132.35,90,6
F053380,Phoenix,25-34,High-Value Fan,7,28,1588.0,56.72,79,6
F016719,Chandler,18-24,High-Value Fan,5,11,1588.0,144.33,87,6
F047365,Phoenix,45-54,At-Risk Fan,6,12,1586.0,132.2,100,6
F046445,Mesa,35-44,High-Value Fan,6,10,1586.0,158.61,80,6
F049190,Out of State,25-34,High-Value Fan,12,31,1585.0,51.13,92,6
F065444,Phoenix,35-44,High-Value Fan,5,10,1584.0,158.4,80,6
F027551,Gilbert,18-24,High-Value Fan,7,11,1584.0,143.96,60,6
F007752,Tucson,45-54,High-Value Fan,16,33,1583.0,47.98,53,6
F041031,Mesa,25-34,High-Value Fan,5,12,1583.0,131.91,80,6
F034224,Out of State,45-54,High-Value Fan,13,30,1583.0,52.76,80,6
F050016,Glendale,45-54,High-Value Fan,12,33,1578.0,47.82,80,6
F067017,Out of State,35-44,High-Value Fan,5,11,1577.0,143.39,100,6
F026001,Glendale,25-34,High-Value Fan,14,32,1577.0,49.28,100,6
F049080,Phoenix,45-54,High-Value Fan,9,28,1577.0,56.32,51,6
F031107,Scottsdale,25-34,High-Value Fan,14,30,1577.0,52.55,60,6
F013020,Tucson,25-34,High-Value Fan,7,11,1576.0,143.3,55,6
F052265,Peoria,55-64,High-Value Fan,10,31,1576.0,50.84,60,6
F046557,Glendale,45-54,High-Value Fan,5,8,1574.0,196.81,60,6
F009670,Glendale,18-24,High-Value Fan,10,30,1574.0,52.45,100,6
F044212,Scottsdale,18-24,At-Risk Fan,5,11,1573.0,143.04,55,6
F054897,Out of State,35-44,At-Risk Fan,6,11,1573.0,142.98,100,6
F044226,Peoria,45-54,High-Value Fan,9,30,1573.0,52.42,100,6
F049677,Mesa,35-44,High-Value Fan,9,27,1571.0,58.2,84,6
F006357,Mesa,25-34,High-Value Fan,12,30,1570.0,52.34,60,6
F027396,Scottsdale,25-34,At-Risk Fan,12,31,1569.0,50.6,100,6
F006457,Out of State,35-44,High-Value Fan,6,40,1569.0,39.21,100,6
F028300,Mesa,25-34,At-Risk Fan,5,12,1568.0,130.63,73,6
F024039,Peoria,45-54,High-Value Fan,5,9,1567.0,174.16,33,6
F004123,Out of State,35-44,High-Value Fan,5,10,1567.0,156.72,100,6
F051565,Glendale,45-54,High-Value Fan,5,11,1565.0,142.26,87,6
F033313,Phoenix,18-24,At-Risk Fan,9,33,1565.0,47.42,60,6
F035569,Scottsdale,45-54,High-Value Fan,5,7,1564.0,223.39,83,6
F047928,Mesa,25-34,High-Value Fan,5,10,1561.0,156.09,75,6
F031084,Phoenix,25-34,High-Value Fan,11,29,1560.0,53.8,70,6
F032323,Phoenix,25-34,At-Risk Fan,5,10,1560.0,156.0,70,6
F050065,Out of State,25-34,High-Value Fan,6,11,1559.0,141.71,80,6
F066282,Mesa,18-24,At-Risk Fan,5,11,1559.0,141.69,60,6
F013342,Chandler,18-24,High-Value Fan,7,40,1558.0,38.95,98,6
F058616,Phoenix,35-44,High-Value Fan,12,31,1557.0,50.23,88,6
F015364,Tempe,45-54,High-Value Fan,9,26,1557.0,59.88,58,6
F067133,Peoria,35-44,High-Value Fan,13,32,1557.0,48.65,60,6
F024805,Phoenix,35-44,High-Value Fan,7,38,1556.0,40.94,82,6
F015751,Scottsdale,35-44,High-Value Fan,12,31,1555.0,50.17,54,6
F032425,Phoenix,35-44,High-Value Fan,5,11,1555.0,141.37,80,6
F016360,Scottsdale,35-44,High-Value Fan,7,41,1555.0,37.92,94,6
F046799,Mesa,25-34,High-Value Fan,10,30,1552.0,51.72,100,6
F028962,Out of State,18-24,High-Value Fan,17,34,1550.0,45.58,91,6
F049188,Tempe,25-34,High-Value Fan,12,29,1549.0,53.43,60,6
F031528,Phoenix,25-34,High-Value Fan,11,31,1548.0,49.94,80,6
F059885,Tempe,25-34,High-Value Fan,12,31,1546.0,49.86,58,6
F042320,Mesa,35-44,High-Value Fan,15,33,1542.0,46.73,69,6
F050946,Scottsdale,35-44,High-Value Fan,14,32,1541.0,48.15,96,6
F027048,Tempe,18-24,High-Value Fan,5,12,1541.0,128.4,60,6
F064897,Scottsdale,18-24,High-Value Fan,10,27,1540.0,57.02,64,6
F044470,Tempe,35-44,High-Value Fan,5,11,1539.0,139.94,73,6
F071461,Scottsdale,55-64,High-Value Fan,5,11,1539.0,139.93,60,6
F041782,Phoenix,25-34,High-Value Fan,5,13,1539.0,118.38,60,6
F067302,Scottsdale,25-34,High-Value Fan,5,11,1538.0,139.85,89,6
F032434,Phoenix,25-34,High-Value Fan,13,30,1538.0,51.25,60,6
F039157,Phoenix,35-44,High-Value Fan,10,33,1535.0,46.53,55,6
F027778,Phoenix,25-34,High-Value Fan,5,9,1535.0,170.58,60,6
F072797,Phoenix,25-34,High-Value Fan,12,31,1535.0,49.52,85,6
F047977,Phoenix,35-44,At-Risk Fan,5,11,1533.0,139.39,80,6
F035995,Tempe,35-44,High-Value Fan,5,10,1532.0,153.19,60,6
F068616,Scottsdale,25-34,High-Value Fan,8,25,1531.0,61.25,60,6
F017370,Tempe,45-54,High-Value Fan,13,35,1531.0,43.75,93,6
F030901,Chandler,25-34,High-Value Fan,11,32,1528.0,47.76,58,6
F044584,Scottsdale,35-44,At-Risk Fan,12,32,1528.0,47.75,54,6
F006424,Peoria,18-24,High-Value Fan,6,11,1526.0,138.71,84,6
F026441,Gilbert,18-24,At-Risk Fan,12,34,1526.0,44.87,95,6
F050573,Tempe,35-44,High-Value Fan,5,12,1526.0,127.13,80,6
F024851,Mesa,55-64,High-Value Fan,11,32,1524.0,47.61,65,6
F031618,Mesa,35-44,At-Risk Fan,5,10,1524.0,152.35,76,6
F067825,Peoria,35-44,High-Value Fan,5,8,1523.0,190.43,66,6
F034496,Peoria,25-34,High-Value Fan,12,29,1521.0,52.45,70,6
F034500,Peoria,25-34,High-Value Fan,13,29,1521.0,52.44,88,6
F031180,Gilbert,18-24,High-Value Fan,5,44,1520.0,34.54,60,6
F020053,Phoenix,18-24,High-Value Fan,12,31,1518.0,48.98,98,6
F051387,Tempe,35-44,High-Value Fan,8,25,1516.0,60.66,84,6
F024125,Phoenix,18-24,High-Value Fan,16,32,1514.0,47.31,56,6
F046284,Scottsdale,35-44,High-Value Fan,14,31,1514.0,48.83,60,6
F029546,Scottsdale,25-34,High-Value Fan,5,11,1514.0,137.61,75,6
F030124,Gilbert,25-34,High-Value Fan,14,31,1511.0,48.75,58,6
F042137,Out of State,45-54,High-Value Fan,13,27,1511.0,55.94,60,6
F055392,Phoenix,35-44,High-Value Fan,10,31,1510.0,48.72,96,6
F024108,Tucson,18-24,High-Value Fan,14,29,1510.0,52.06,60,6
F071864,Glendale,45-54,High-Value Fan,12,30,1510.0,50.32,56,6
F039912,Phoenix,18-24,High-Value Fan,5,9,1509.0,167.67,47,6
F035641,Phoenix,35-44,High-Value Fan,14,29,1507.0,51.98,92,6
F069727,Out of State,25-34,High-Value Fan,5,9,1506.0,167.37,100,6
F070361,Phoenix,25-34,High-Value Fan,11,33,1506.0,45.64,87,6
F013104,Peoria,18-24,High-Value Fan,6,10,1503.0,150.34,73,6
F022039,Chandler,18-24,High-Value Fan,5,11,1503.0,136.63,80,6
F006822,Phoenix,35-44,High-Value Fan,5,10,1501.0,150.13,87,6
F072800,Phoenix,45-54,High-Value Fan,6,11,1501.0,136.48,38,6
F048275,Chandler,45-54,High-Value Fan,13,29,1501.0,51.77,60,6
F068425,Phoenix,35-44,High-Value Fan,6,11,1500.0,136.41,100,6
F031001,Scottsdale,45-54,High-Value Fan,9,29,1499.0,51.7,60,6
F072497,Phoenix,45-54,High-Value Fan,7,31,1498.0,48.31,82,6
F029899,Glendale,25-34,High-Value Fan,5,8,1496.0,186.95,60,6
F033292,Glendale,35-44,At-Risk Fan,14,32,1494.0,46.7,78,6
F067957,Scottsdale,45-54,High-Value Fan,15,34,1494.0,43.94,86,6
F041312,Gilbert,55-64,High-Value Fan,14,31,1494.0,48.19,96,6
F066561,Scottsdale,45-54,High-Value Fan,9,28,1494.0,53.35,74,6
F052551,Tempe,25-34,High-Value Fan,5,8,1493.0,186.62,52,6
F049483,Glendale,55-64,High-Value Fan,12,26,1492.0,57.4,98,6
F057481,Tempe,35-44,High-Value Fan,5,10,1492.0,149.22,73,6
F012426,Peoria,25-34,High-Value Fan,12,30,1491.0,49.71,78,6
F049922,Phoenix,25-34,High-Value Fan,5,28,1491.0,53.24,60,6
F022063,Out of State,18-24,High-Value Fan,14,36,1491.0,41.4,48,6
F058828,Chandler,45-54,At-Risk Fan,9,29,1490.0,51.38,96,6
F018422,Mesa,18-24,High-Value Fan,13,30,1490.0,49.66,96,6
F043729,Tempe,35-44,High-Value Fan,10,28,1490.0,53.21,47,6
F027384,Gilbert,35-44,High-Value Fan,11,30,1490.0,49.65,98,6
F022861,Phoenix,25-34,High-Value Fan,7,25,1489.0,59.54,58,6
F013107,Gilbert,18-24,High-Value Fan,5,11,1488.0,135.32,81,6
F056030,Mesa,18-24,High-Value Fan,9,26,1488.0,57.24,87,6
F013596,Phoenix,25-34,High-Value Fan,8,30,1488.0,49.59,100,6
F071665,Phoenix,65+,High-Value Fan,11,26,1486.0,57.15,100,6
F033318,Scottsdale,45-54,High-Value Fan,10,29,1486.0,51.23,94,6
F023032,Chandler,18-24,High-Value Fan,9,28,1485.0,53.05,60,6
F020838,Gilbert,18-24,High-Value Fan,12,31,1485.0,47.9,58,6
F026850,Glendale,25-34,High-Value Fan,8,24,1484.0,61.84,98,6
F042152,Mesa,35-44,High-Value Fan,11,29,1483.0,51.15,60,6
F012871,Scottsdale,18-24,High-Value Fan,9,28,1483.0,52.97,98,6
F016376,Mesa,25-34,High-Value Fan,9,29,1483.0,51.15,70,6
F022168,Phoenix,35-44,High-Value Fan,11,34,1483.0,43.61,96,6
F036480,Peoria,18-24,High-Value Fan,5,9,1482.0,164.65,60,6
F025670,Out of State,18-24,At-Risk Fan,5,9,1481.0,164.56,87,6
F005469,Phoenix,55-64,High-Value Fan,9,30,1481.0,49.35,100,6
F062411,Gilbert,25-34,High-Value Fan,5,10,1480.0,148.02,60,6
F032889,Phoenix,25-34,High-Value Fan,12,28,1480.0,52.85,80,6
F069565,Chandler,18-24,High-Value Fan,11,29,1479.0,50.99,98,6
F036994,Glendale,25-34,At-Risk Fan,5,10,1477.0,147.74,87,6
F055887,Glendale,45-54,High-Value Fan,10,26,1477.0,56.8,53,6
F011052,Chandler,35-44,High-Value Fan,5,10,1476.0,147.58,80,6
F013939,Mesa,35-44,High-Value Fan,5,8,1476.0,184.46,100,6
F005310,Tucson,45-54,High-Value Fan,6,11,1474.0,134.03,78,6
F009673,Gilbert,35-44,High-Value Fan,13,33,1474.0,44.67,53,6
F055469,Phoenix,65+,High-Value Fan,5,8,1474.0,184.2,60,6
F034000,Tucson,25-34,High-Value Fan,5,35,1473.0,42.09,73,6
F047569,Mesa,25-34,High-Value Fan,9,27,1473.0,54.55,60,6
F046715,Phoenix,35-44,High-Value Fan,5,9,1472.0,163.56,100,6
F013639,Phoenix,45-54,High-Value Fan,9,31,1471.0,47.45,58,6
F051321,Phoenix,35-44,At-Risk Fan,12,31,1470.0,47.43,100,6
F018874,Glendale,25-34,High-Value Fan,6,11,1468.0,133.49,59,6
F034108,Phoenix,25-34,High-Value Fan,12,27,1467.0,54.33,53,6
F062592,Phoenix,25-34,High-Value Fan,11,28,1467.0,52.38,98,6
F064731,Tempe,35-44,High-Value Fan,13,32,1465.0,45.79,71,6
F042581,Out of State,35-44,High-Value Fan,11,27,1465.0,54.24,96,6
F043963,Scottsdale,25-34,High-Value Fan,10,25,1464.0,58.58,58,6
F019162,Chandler,35-44,High-Value Fan,9,28,1464.0,52.3,69,6
F007313,Mesa,25-34,High-Value Fan,9,29,1464.0,50.49,78,6
F071127,Phoenix,25-34,High-Value Fan,5,10,1464.0,146.41,78,6
F036900,Gilbert,18-24,High-Value Fan,5,11,1463.0,133.02,80,6
F034456,Phoenix,25-34,High-Value Fan,10,30,1463.0,48.77,76,6
F067867,Mesa,25-34,High-Value Fan,13,33,1462.0,44.31,60,6
F015110,Phoenix,35-44,High-Value Fan,11,31,1461.0,47.13,87,6
F029117,Phoenix,18-24,At-Risk Fan,9,29,1459.0,50.33,60,6
F004963,Mesa,55-64,High-Value Fan,5,10,1459.0,145.87,94,6
F052417,Scottsdale,25-34,High-Value Fan,9,27,1458.0,53.99,58,6
F006964,Phoenix,35-44,High-Value Fan,5,11,1458.0,132.53,95,6
F024486,Scottsdale,25-34,High-Value Fan,12,29,1457.0,50.24,59,6
F008927,Mesa,35-44,High-Value Fan,8,23,1456.0,63.31,60,6
F025449,Scottsdale,35-44,High-Value Fan,12,27,1455.0,53.9,89,6
F064836,Scottsdale,35-44,High-Value Fan,13,31,1454.0,46.89,60,6
F021934,Peoria,45-54,High-Value Fan,8,31,1451.0,46.81,87,6
F008564,Scottsdale,35-44,High-Value Fan,10,31,1450.0,46.79,87,6
F023220,Scottsdale,18-24,High-Value Fan,10,29,1449.0,49.96,60,6
F008906,Phoenix,35-44,At-Risk Fan,12,28,1447.0,51.69,80,6
F060859,Phoenix,45-54,High-Value Fan,15,28,1446.0,51.65,100,6
F062932,Gilbert,25-34,High-Value Fan,13,29,1446.0,49.85,54,6
F023938,Glendale,18-24,High-Value Fan,7,27,1444.0,53.48,71,6
F042855,Phoenix,25-34,High-Value Fan,11,27,1440.0,53.35,100,6
F067464,Mesa,18-24,High-Value Fan,12,29,1440.0,49.65,41,6
F060119,Scottsdale,18-24,High-Value Fan,13,30,1439.0,47.97,73,6
F047545,Tempe,18-24,High-Value Fan,10,25,1438.0,57.52,60,6
F006022,Phoenix,18-24,High-Value Fan,11,31,1437.0,46.35,100,6
F064811,Tucson,35-44,High-Value Fan,11,29,1436.0,49.53,90,6
F007306,Glendale,35-44,High-Value Fan,9,29,1436.0,49.5,66,6
F047239,Gilbert,45-54,High-Value Fan,9,30,1435.0,47.85,76,6
F054554,Tucson,45-54,High-Value Fan,10,28,1434.0,51.22,78,6
F012721,Peoria,35-44,High-Value Fan,11,30,1433.0,47.76,62,6
F048498,Scottsdale,35-44,High-Value Fan,9,27,1432.0,53.05,49,6
F067719,Phoenix,25-34,High-Value Fan,7,27,1432.0,53.03,60,6
F037153,Mesa,35-44,High-Value Fan,7,25,1431.0,57.23,67,6
F039476,Scottsdale,55-64,High-Value Fan,13,29,1431.0,49.33,96,6
F048822,Phoenix,35-44,High-Value Fan,10,30,1430.0,47.67,78,6
F042386,Mesa,25-34,At-Risk Fan,10,26,1430.0,55.0,80,6
F012482,Glendale,18-24,High-Value Fan,5,9,1429.0,158.76,40,6
F033993,Tucson,25-34,High-Value Fan,11,28,1429.0,51.02,51,6
F021145,Phoenix,18-24,High-Value Fan,5,10,1428.0,142.85,60,6
F028097,Scottsdale,35-44,High-Value Fan,12,31,1428.0,46.07,73,6
F014564,Out of State,25-34,High-Value Fan,10,29,1427.0,49.22,100,6
F034221,Tempe,18-24,High-Value Fan,13,27,1427.0,52.83,80,6
F067256,Peoria,55-64,At-Risk Fan,5,10,1425.0,142.52,78,6
F049433,Tucson,55-64,High-Value Fan,8,25,1424.0,56.97,86,6
F009733,Glendale,35-44,High-Value Fan,16,28,1424.0,50.86,96,6
F011493,Phoenix,25-34,High-Value Fan,12,29,1424.0,49.09,80,6
F017823,Out of State,45-54,High-Value Fan,15,28,1423.0,50.81,94,6
F035706,Out of State,18-24,High-Value Fan,5,11,1421.0,129.15,49,6
F018802,Tempe,18-24,High-Value Fan,5,9,1420.0,157.82,80,6
F067051,Phoenix,18-24,High-Value Fan,5,10,1420.0,142.0,80,6
F028553,Scottsdale,25-34,High-Value Fan,9,28,1420.0,50.71,56,6
F038802,Phoenix,25-34,High-Value Fan,9,31,1419.0,45.78,90,6
F033289,Chandler,25-34,High-Value Fan,5,8,1419.0,177.33,80,6
F035289,Scottsdale,45-54,High-Value Fan,9,27,1418.0,52.53,40,6
F017375,Scottsdale,35-44,High-Value Fan,10,25,1418.0,56.72,60,6
F033932,Chandler,65+,High-Value Fan,13,31,1417.0,45.71,54,6
F040647,Phoenix,45-54,High-Value Fan,12,31,1416.0,45.67,60,6
F027144,Phoenix,25-34,High-Value Fan,13,27,1415.0,52.41,67,6
F005811,Chandler,35-44,High-Value Fan,12,28,1415.0,50.54,58,6
F056170,Scottsdale,25-34,High-Value Fan,8,26,1415.0,54.42,71,6
F010495,Chandler,25-34,High-Value Fan,12,30,1414.0,47.13,58,6
F011973,Phoenix,35-44,High-Value Fan,5,10,1414.0,141.36,76,6
F059359,Tempe,35-44,High-Value Fan,5,12,1414.0,117.8,63,6
F024820,Chandler,18-24,High-Value Fan,9,32,1413.0,44.17,60,6
F063953,Tucson,35-44,High-Value Fan,11,29,1413.0,48.72,60,6
F024366,Phoenix,25-34,High-Value Fan,8,29,1412.0,48.7,60,6
F031670,Scottsdale,35-44,High-Value Fan,10,26,1412.0,54.31,60,6
F031868,Phoenix,18-24,High-Value Fan,9,26,1410.0,54.21,71,6
F010266,Tempe,25-34,High-Value Fan,11,31,1408.0,45.43,70,6
F005045,Chandler,25-34,High-Value Fan,8,28,1406.0,50.21,56,6
F011491,Phoenix,45-54,High-Value Fan,11,28,1403.0,50.1,98,6
F028244,Mesa,18-24,High-Value Fan,11,31,1402.0,45.21,75,6
F021619,Scottsdale,25-34,High-Value Fan,11,26,1401.0,53.9,95,6
F021218,Phoenix,25-34,High-Value Fan,7,25,1399.0,55.98,90,6
F027292,Scottsdale,35-44,High-Value Fan,8,26,1399.0,53.79,55,6
F061648,Scottsdale,25-34,High-Value Fan,7,26,1396.0,53.68,80,6
F055491,Tucson,35-44,High-Value Fan,10,28,1395.0,49.82,98,6
F049258,Chandler,35-44,At-Risk Fan,10,28,1393.0,49.75,98,6
F045323,Gilbert,18-24,High-Value Fan,14,28,1392.0,49.73,100,6
F046897,Out of State,25-34,High-Value Fan,11,28,1391.0,49.67,74,6
F018411,Tempe,35-44,At-Risk Fan,5,9,1391.0,154.52,53,6
F063010,Chandler,18-24,High-Value Fan,5,9,1390.0,154.39,100,6
F025169,Scottsdale,25-34,High-Value Fan,5,11,1389.0,126.28,100,6
F039755,Glendale,45-54,High-Value Fan,10,29,1389.0,47.88,60,6
F067865,Scottsdale,35-44,High-Value Fan,6,10,1388.0,138.8,73,6
F055933,Out of State,25-34,High-Value Fan,5,11,1388.0,126.17,59,6
F039143,Glendale,55-64,At-Risk Fan,5,11,1388.0,126.16,60,6
F008842,Out of State,45-54,High-Value Fan,11,28,1387.0,49.54,98,6
F036964,Peoria,25-34,High-Value Fan,10,25,1387.0,55.48,41,6
F024789,Chandler,18-24,High-Value Fan,10,33,1387.0,42.03,96,6
F060361,Phoenix,25-34,High-Value Fan,8,25,1386.0,55.42,59,6
F069963,Tempe,45-54,High-Value Fan,9,27,1384.0,51.24,60,6
F059420,Mesa,18-24,High-Value Fan,7,26,1383.0,53.2,80,6
F039668,Gilbert,25-34,High-Value Fan,5,10,1383.0,138.28,73,6
F032713,Tucson,35-44,High-Value Fan,11,27,1382.0,51.19,60,6
F026897,Phoenix,35-44,High-Value Fan,8,30,1382.0,46.07,78,6
F035012,Mesa,55-64,High-Value Fan,5,9,1382.0,153.53,80,6
F067995,Scottsdale,25-34,At-Risk Fan,11,30,1381.0,46.04,60,6
F062563,Phoenix,35-44,High-Value Fan,11,30,1380.0,45.99,92,6
F061440,Out of State,45-54,High-Value Fan,6,8,1379.0,172.41,60,6
F050307,Tempe,35-44,High-Value Fan,8,26,1379.0,53.04,51,6
F044807,Scottsdale,65+,High-Value Fan,10,31,1379.0,44.48,98,6
F046977,Scottsdale,55-64,High-Value Fan,12,31,1378.0,44.45,58,6
F027980,Phoenix,25-34,High-Value Fan,8,25,1378.0,55.1,93,6
F049716,Scottsdale,45-54,High-Value Fan,11,27,1377.0,51.01,76,6
F039561,Chandler,35-44,High-Value Fan,11,28,1377.0,49.17,60,6
F038814,Phoenix,35-44,High-Value Fan,10,28,1377.0,49.16,80,6
F024773,Phoenix,45-54,High-Value Fan,11,26,1376.0,52.93,60,6
F034197,Mesa,25-34,High-Value Fan,9,23,1374.0,59.75,100,6
F052973,Phoenix,35-44,High-Value Fan,5,9,1373.0,152.54,87,6
F014428,Gilbert,18-24,High-Value Fan,8,25,1372.0,54.87,73,6
F044253,Scottsdale,25-34,High-Value Fan,10,27,1371.0,50.76,100,6
F039040,Phoenix,18-24,High-Value Fan,6,24,1370.0,57.09,72,6
F032945,Gilbert,45-54,At-Risk Fan,5,10,1368.0,136.75,60,6
F043941,Gilbert,35-44,At-Risk Fan,5,9,1364.0,151.55,60,6
F052044,Mesa,18-24,At-Risk Fan,10,25,1364.0,54.55,95,6
F072672,Peoria,35-44,High-Value Fan,5,8,1362.0,170.26,100,6
F033364,Tempe,45-54,High-Value Fan,12,27,1362.0,50.43,96,6
F043697,Phoenix,45-54,High-Value Fan,13,29,1361.0,46.95,96,6
F004613,Chandler,18-24,High-Value Fan,12,28,1361.0,48.62,58,6
F058390,Out of State,55-64,High-Value Fan,12,28,1361.0,48.6,88,6
F053176,Phoenix,35-44,High-Value Fan,10,28,1360.0,48.57,100,6
F008655,Mesa,45-54,High-Value Fan,9,25,1360.0,54.4,93,6
F060429,Chandler,35-44,At-Risk Fan,12,32,1360.0,42.5,92,6
F048829,Glendale,35-44,High-Value Fan,7,31,1359.0,43.85,87,6
F050135,Scottsdale,25-34,High-Value Fan,11,25,1358.0,54.33,95,6
F067159,Glendale,18-24,High-Value Fan,7,23,1357.0,58.98,39,6
F050252,Tempe,45-54,High-Value Fan,9,33,1356.0,41.09,58,6
F018337,Peoria,18-24,High-Value Fan,9,27,1356.0,50.22,96,6
F042681,Phoenix,25-34,At-Risk Fan,5,8,1355.0,169.34,73,6
F025156,Gilbert,45-54,High-Value Fan,8,29,1355.0,46.71,50,6
F050156,Phoenix,25-34,High-Value Fan,10,26,1354.0,52.08,87,6
F018357,Chandler,25-34,High-Value Fan,12,27,1354.0,50.13,60,6
F046739,Scottsdale,35-44,High-Value Fan,10,27,1352.0,50.06,96,6
F009501,Peoria,18-24,High-Value Fan,11,26,1352.0,51.99,84,6
F015585,Phoenix,18-24,High-Value Fan,9,23,1351.0,58.74,63,6
F050216,Chandler,25-34,High-Value Fan,10,25,1351.0,54.04,46,6
F015753,Phoenix,25-34,High-Value Fan,14,30,1351.0,45.03,83,6
F019302,Phoenix,45-54,High-Value Fan,13,29,1348.0,46.5,54,6
F051664,Phoenix,45-54,High-Value Fan,8,26,1346.0,51.77,60,6
F048543,Peoria,25-34,High-Value Fan,11,27,1346.0,49.84,60,6
F065554,Out of State,35-44,High-Value Fan,10,24,1345.0,56.06,92,6
F037671,Phoenix,35-44,At-Risk Fan,6,8,1345.0,168.18,87,6
F030030,Out of State,45-54,At-Risk Fan,5,9,1341.0,149.03,100,6
F068392,Glendale,35-44,At-Risk Fan,10,26,1339.0,51.48,87,6
F065455,Gilbert,45-54,High-Value Fan,9,26,1336.0,51.39,100,6
F006182,Mesa,18-24,High-Value Fan,8,26,1335.0,51.34,48,6
F035197,Phoenix,18-24,At-Risk Fan,9,25,1334.0,53.37,90,6
F009327,Phoenix,25-34,At-Risk Fan,11,27,1334.0,49.4,96,6
F055823,Phoenix,25-34,High-Value Fan,9,24,1333.0,55.55,60,6
F035417,Peoria,35-44,High-Value Fan,13,25,1332.0,53.29,55,6
F002918,Gilbert,18-24,At-Risk Fan,10,28,1328.0,47.44,85,6
F032891,Tempe,25-34,High-Value Fan,9,28,1326.0,47.37,98,6
F051000,Phoenix,45-54,High-Value Fan,12,26,1325.0,50.97,100,6
F050725,Tucson,35-44,High-Value Fan,6,24,1323.0,55.14,48,6
F062815,Gilbert,25-34,High-Value Fan,10,30,1322.0,44.08,60,6
F009123,Glendale,45-54,High-Value Fan,8,25,1322.0,52.88,100,6
F033050,Tucson,18-24,At-Risk Fan,5,8,1322.0,165.22,76,6
F060956,Gilbert,35-44,High-Value Fan,8,24,1320.0,55.02,65,6
F030219,Chandler,45-54,High-Value Fan,9,27,1320.0,48.89,100,6
F008022,Glendale,18-24,High-Value Fan,11,28,1319.0,47.12,98,6
F054835,Phoenix,55-64,High-Value Fan,9,26,1318.0,50.68,100,6
F039853,Scottsdale,35-44,High-Value Fan,5,8,1317.0,164.64,82,6
F020699,Scottsdale,25-34,High-Value Fan,8,22,1314.0,59.74,57,6
F031297,Peoria,18-24,High-Value Fan,5,7,1314.0,187.73,60,6
F033860,Phoenix,35-44,High-Value Fan,9,22,1314.0,59.73,77,6
F004855,Chandler,18-24,At-Risk Fan,5,10,1314.0,131.38,90,6
F006341,Phoenix,35-44,High-Value Fan,9,23,1313.0,57.09,57,6
F059782,Gilbert,35-44,At-Risk Fan,9,26,1311.0,50.42,88,6
F058164,Scottsdale,25-34,High-Value Fan,12,28,1311.0,46.81,100,6
F071474,Tempe,45-54,High-Value Fan,5,8,1308.0,163.54,73,6
F048724,Out of State,45-54,High-Value Fan,8,23,1306.0,56.77,87,6
F038681,Tempe,18-24,High-Value Fan,12,29,1305.0,45.01,54,6
F011783,Out of State,25-34,High-Value Fan,10,26,1305.0,50.2,100,6
F036240,Out of State,18-24,High-Value Fan,8,22,1305.0,59.3,60,6
F060604,Chandler,25-34,High-Value Fan,5,25,1305.0,52.18,87,6
F003562,Chandler,18-24,High-Value Fan,14,28,1304.0,46.58,78,6
F005942,Peoria,35-44,At-Risk Fan,5,10,1304.0,130.37,73,6
F005162,Gilbert,25-34,High-Value Fan,9,26,1300.0,50.0,100,6
F039386,Glendale,18-24,High-Value Fan,12,29,1298.0,44.77,60,6
F058265,Peoria,35-44,High-Value Fan,10,30,1298.0,43.28,52,6
F026584,Glendale,25-34,High-Value Fan,14,27,1298.0,48.08,81,6
F060224,Glendale,18-24,At-Risk Fan,5,8,1297.0,162.09,80,6
F070764,Glendale,18-24,High-Value Fan,7,22,1296.0,58.92,100,6
F012234,Phoenix,25-34,High-Value Fan,10,26,1295.0,49.8,46,6
F061534,Phoenix,35-44,High-Value Fan,5,8,1295.0,161.82,87,6
F009057,Gilbert,45-54,High-Value Fan,9,27,1294.0,47.94,56,6
F030142,Peoria,35-44,High-Value Fan,9,26,1294.0,49.77,80,6
F024808,Tempe,25-34,High-Value Fan,9,27,1294.0,47.91,100,6
F009273,Phoenix,25-34,High-Value Fan,10,26,1292.0,49.7,44,6
F022619,Phoenix,18-24,High-Value Fan,9,24,1289.0,53.71,60,6
F054975,Phoenix,18-24,High-Value Fan,11,25,1289.0,51.55,90,6
F048469,Tempe,25-34,High-Value Fan,10,28,1289.0,46.02,56,6
F042067,Out of State,25-34,High-Value Fan,10,23,1287.0,55.97,97,6
F037078,Glendale,25-34,High-Value Fan,8,24,1287.0,53.62,88,6
F005396,Peoria,18-24,High-Value Fan,8,23,1286.0,55.93,97,6
F061943,Scottsdale,55-64,High-Value Fan,6,27,1285.0,47.59,69,6
F034566,Out of State,45-54,High-Value Fan,9,23,1284.0,55.85,57,6
F046924,Gilbert,35-44,High-Value Fan,12,29,1284.0,44.28,98,6
F017948,Scottsdale,25-34,High-Value Fan,9,23,1284.0,55.82,60,6
F070795,Phoenix,25-34,High-Value Fan,5,8,1283.0,160.34,90,6
F072824,Gilbert,35-44,At-Risk Fan,5,10,1283.0,128.26,100,6
F012359,Phoenix,55-64,High-Value Fan,5,11,1282.0,116.57,60,6
F070921,Phoenix,45-54,High-Value Fan,5,8,1281.0,160.17,92,6
F062687,Tempe,35-44,High-Value Fan,10,30,1281.0,42.71,56,6
F047578,Out of State,18-24,High-Value Fan,9,25,1280.0,51.2,48,6
F014185,Scottsdale,18-24,High-Value Fan,9,29,1279.0,44.12,56,6
F036717,Mesa,45-54,High-Value Fan,8,23,1279.0,55.61,64,6
F003705,Glendale,45-54,High-Value Fan,12,24,1278.0,53.25,79,6
F071298,Tucson,45-54,High-Value Fan,9,25,1276.0,51.06,60,6
F055170,Tempe,25-34,High-Value Fan,8,21,1276.0,60.75,57,6
F048257,Gilbert,35-44,High-Value Fan,11,29,1275.0,43.97,100,6
F046086,Phoenix,18-24,High-Value Fan,9,28,1275.0,45.54,82,6
F014537,Scottsdale,45-54,High-Value Fan,10,26,1275.0,49.04,60,6
F047724,Phoenix,35-44,High-Value Fan,9,27,1273.0,47.17,76,6
F057745,Phoenix,25-34,High-Value Fan,12,28,1272.0,45.43,51,6
F024886,Mesa,25-34,High-Value Fan,9,24,1272.0,53.0,92,6
F004517,Phoenix,45-54,High-Value Fan,13,28,1272.0,45.41,60,6
F011642,Scottsdale,35-44,High-Value Fan,9,25,1271.0,50.82,100,6
F053243,Chandler,25-34,At-Risk Fan,5,9,1271.0,141.18,60,6
F016685,Scottsdale,35-44,High-Value Fan,8,25,1270.0,50.79,60,6
F035249,Scottsdale,55-64,High-Value Fan,7,22,1267.0,57.6,80,6
F007609,Mesa,25-34,High-Value Fan,9,22,1267.0,57.59,81,6
F021074,Phoenix,18-24,High-Value Fan,5,8,1267.0,158.38,52,6
F055113,Mesa,35-44,High-Value Fan,10,26,1267.0,48.73,51,6
F040092,Gilbert,18-24,High-Value Fan,11,25,1266.0,50.66,88,6
F024993,Phoenix,25-34,High-Value Fan,9,26,1266.0,48.7,100,6
F039332,Gilbert,18-24,High-Value Fan,7,26,1265.0,48.65,100,6
F011663,Phoenix,35-44,High-Value Fan,9,24,1263.0,52.64,60,6
F042017,Tucson,25-34,At-Risk Fan,8,25,1263.0,50.53,98,6
F005930,Tempe,18-24,High-Value Fan,8,21,1263.0,60.13,80,6
F005726,Phoenix,25-34,High-Value Fan,7,21,1263.0,60.12,57,6
F015479,Phoenix,35-44,High-Value Fan,13,25,1262.0,50.48,90,6
F015064,Chandler,25-34,High-Value Fan,8,26,1260.0,48.48,53,6
F059755,Mesa,45-54,At-Risk Fan,5,9,1260.0,139.97,47,6
F015143,Chandler,18-24,High-Value Fan,8,22,1259.0,57.22,100,6
F033405,Gilbert,25-34,High-Value Fan,12,26,1258.0,48.4,86,6
F055236,Out of State,55-64,High-Value Fan,5,35,1258.0,35.93,90,6
F071048,Out of State,18-24,High-Value Fan,9,24,1256.0,52.35,60,6
F038968,Tempe,18-24,High-Value Fan,8,26,1255.0,48.29,55,6
F040200,Phoenix,45-54,High-Value Fan,6,10,1255.0,125.54,80,6
F066067,Scottsdale,25-34,High-Value Fan,10,25,1255.0,50.22,58,6
F009435,Gilbert,35-44,High-Value Fan,7,23,1255.0,54.58,73,6
F054849,Chandler,18-24,High-Value Fan,10,27,1255.0,46.47,80,6
F067649,Phoenix,25-34,High-Value Fan,10,26,1254.0,48.23,58,6
F005747,Chandler,35-44,High-Value Fan,11,29,1254.0,43.23,56,6
F041670,Glendale,35-44,At-Risk Fan,8,24,1253.0,52.22,68,6
F022376,Phoenix,25-34,High-Value Fan,8,27,1252.0,46.39,71,6
F007848,Mesa,45-54,High-Value Fan,9,26,1252.0,48.16,51,6
F072184,Peoria,35-44,High-Value Fan,5,8,1252.0,156.49,80,6
F059291,Phoenix,25-34,High-Value Fan,12,27,1252.0,46.37,100,6
F020257,Peoria,18-24,High-Value Fan,9,27,1251.0,46.32,51,6
F048434,Mesa,45-54,High-Value Fan,10,25,1250.0,50.01,53,6
F011623,Chandler,25-34,High-Value Fan,6,22,1250.0,56.8,87,6
F052628,Peoria,25-34,High-Value Fan,5,8,1249.0,156.17,58,6
F031299,Phoenix,18-24,High-Value Fan,10,26,1249.0,48.03,95,6
F031442,Phoenix,25-34,High-Value Fan,5,8,1248.0,156.02,64,6
F059318,Peoria,45-54,High-Value Fan,7,36,1248.0,34.66,57,6
F032463,Gilbert,18-24,High-Value Fan,11,28,1247.0,44.55,58,6
F055161,Glendale,25-34,High-Value Fan,9,24,1247.0,51.96,79,6
F050286,Scottsdale,35-44,High-Value Fan,8,23,1247.0,54.21,90,6
F056813,Chandler,45-54,At-Risk Fan,10,25,1247.0,49.86,85,6
F065731,Tempe,35-44,High-Value Fan,10,25,1246.0,49.85,73,6
F065598,Gilbert,55-64,At-Risk Fan,10,27,1246.0,46.15,87,6
F037186,Chandler,18-24,High-Value Fan,9,24,1245.0,51.89,88,6
F045564,Glendale,18-24,High-Value Fan,10,26,1244.0,47.85,91,6
F068396,Chandler,25-34,High-Value Fan,9,24,1243.0,51.78,55,6
F041541,Phoenix,55-64,High-Value Fan,9,26,1242.0,47.79,100,6
F022382,Chandler,25-34,High-Value Fan,11,24,1242.0,51.76,77,6
F012259,Phoenix,25-34,High-Value Fan,7,23,1242.0,54.01,67,6
F023768,Mesa,18-24,At-Risk Fan,6,21,1242.0,59.13,84,6
F011437,Phoenix,65+,High-Value Fan,9,25,1240.0,49.61,60,6
F029362,Chandler,18-24,High-Value Fan,11,25,1240.0,49.6,41,6
F039010,Scottsdale,25-34,High-Value Fan,10,26,1239.0,47.67,95,6
F037619,Phoenix,25-34,High-Value Fan,10,28,1239.0,44.24,60,6
F030661,Out of State,18-24,High-Value Fan,9,25,1237.0,49.48,93,6
F044383,Phoenix,45-54,At-Risk Fan,8,24,1236.0,51.49,73,6
F036013,Phoenix,25-34,High-Value Fan,9,25,1236.0,49.42,93,6
F064600,Phoenix,45-54,High-Value Fan,8,25,1236.0,49.42,81,6
F038317,Chandler,35-44,At-Risk Fan,10,25,1235.0,49.41,58,6
F034549,Scottsdale,25-34,At-Risk Fan,9,25,1235.0,49.39,70,6
F067871,Out of State,55-64,At-Risk Fan,8,27,1234.0,45.7,76,6
F034751,Gilbert,18-24,High-Value Fan,13,25,1233.0,49.32,58,6
F063584,Scottsdale,18-24,High-Value Fan,8,22,1232.0,56.02,77,6
F060665,Gilbert,18-24,High-Value Fan,9,25,1232.0,49.29,98,6
F064878,Glendale,45-54,High-Value Fan,11,24,1231.0,51.31,52,6
F020974,Tempe,25-34,High-Value Fan,6,19,1231.0,64.78,97,6
F008911,Peoria,25-34,High-Value Fan,12,27,1230.0,45.55,93,6
F063819,Out of State,18-24,At-Risk Fan,11,24,1229.0,51.21,77,6
F008183,Phoenix,35-44,High-Value Fan,9,26,1229.0,47.27,95,6
F022693,Chandler,18-24,High-Value Fan,11,25,1228.0,49.13,71,6
F030021,Peoria,18-24,High-Value Fan,9,25,1228.0,49.11,100,6
F036625,Scottsdale,35-44,High-Value Fan,5,33,1227.0,37.17,60,6
F072094,Gilbert,45-54,High-Value Fan,8,23,1227.0,53.33,80,6
F019303,Out of State,18-24,High-Value Fan,9,23,1226.0,53.31,97,6
F071307,Chandler,35-44,High-Value Fan,8,22,1226.0,55.72,100,6
F041465,Tempe,35-44,High-Value Fan,7,22,1225.0,55.69,75,6
F022257,Mesa,55-64,High-Value Fan,9,26,1225.0,47.1,55,6
F066525,Out of State,35-44,High-Value Fan,10,25,1224.0,48.95,60,6
F026764,Phoenix,18-24,High-Value Fan,9,24,1224.0,50.99,68,6
F037367,Glendale,45-54,High-Value Fan,8,25,1223.0,48.93,100,6
F040407,Phoenix,35-44,High-Value Fan,9,22,1223.0,55.57,100,6
F071621,Scottsdale,45-54,High-Value Fan,10,23,1222.0,53.13,100,6
F058567,Peoria,45-54,High-Value Fan,8,24,1222.0,50.91,75,6
F062574,Phoenix,18-24,High-Value Fan,8,24,1222.0,50.9,75,6
F066214,Tempe,25-34,High-Value Fan,7,22,1221.0,55.48,80,6
F072067,Phoenix,18-24,High-Value Fan,5,8,1220.0,152.55,80,6
F010655,Phoenix,25-34,High-Value Fan,11,28,1220.0,43.58,56,6
F070341,Tempe,25-34,High-Value Fan,11,27,1219.0,45.15,73,6
F011857,Gilbert,18-24,At-Risk Fan,12,27,1219.0,45.15,78,6
F019772,Phoenix,45-54,High-Value Fan,8,24,1218.0,50.76,50,6
F051242,Phoenix,18-24,High-Value Fan,10,24,1218.0,50.75,84,6
F029350,Tempe,18-24,High-Value Fan,8,24,1217.0,50.71,98,6
F025255,Out of State,35-44,High-Value Fan,11,25,1216.0,48.66,58,7
F022516,Scottsdale,35-44,High-Value Fan,8,22,1216.0,55.28,100,7
F018320,Mesa,25-34,High-Value Fan,10,26,1216.0,46.77,55,7
F010130,Tempe,45-54,High-Value Fan,12,27,1215.0,45.02,76,7
F057756,Mesa,25-34,High-Value Fan,9,25,1214.0,48.58,60,7
F037494,Chandler,25-34,High-Value Fan,9,24,1214.0,50.57,100,7
F025125,Gilbert,45-54,High-Value Fan,12,25,1213.0,48.53,75,7
F015173,Scottsdale,25-34,High-Value Fan,7,24,1212.0,50.52,50,7
F025358,Out of State,18-24,At-Risk Fan,7,23,1211.0,52.64,60,7
F058676,Tempe,18-24,High-Value Fan,5,9,1211.0,134.5,73,7
F072250,Scottsdale,35-44,High-Value Fan,8,23,1209.0,52.57,87,7
F016751,Out of State,25-34,High-Value Fan,6,30,1209.0,40.29,87,7
F004635,Gilbert,55-64,High-Value Fan,8,22,1208.0,54.92,65,7
F057318,Phoenix,18-24,High-Value Fan,10,25,1208.0,48.33,55,7
F011042,Chandler,25-34,High-Value Fan,8,23,1208.0,52.51,47,7
F031676,Mesa,25-34,High-Value Fan,10,25,1207.0,48.29,84,7
F065592,Phoenix,25-34,High-Value Fan,7,25,1207.0,48.29,58,7
F018145,Out of State,45-54,At-Risk Fan,9,25,1206.0,48.25,100,7
F021505,Gilbert,18-24,High-Value Fan,12,26,1204.0,46.3,91,7
F017596,Tempe,45-54,High-Value Fan,6,21,1204.0,57.32,80,7
F046029,Tucson,45-54,High-Value Fan,9,22,1203.0,54.68,100,7
F052194,Mesa,25-34,High-Value Fan,7,21,1203.0,57.27,80,7
F038944,Phoenix,25-34,High-Value Fan,8,24,1202.0,50.08,60,7
F042306,Gilbert,55-64,High-Value Fan,8,21,1201.0,57.18,89,7
F027005,Scottsdale,25-34,High-Value Fan,9,23,1199.0,52.15,60,7
F038621,Chandler,25-34,High-Value Fan,8,24,1199.0,49.96,60,7
F008223,Glendale,25-34,High-Value Fan,10,22,1199.0,54.5,97,7
F066691,Gilbert,35-44,High-Value Fan,10,23,1197.0,52.06,80,7
F004001,Mesa,25-34,High-Value Fan,11,25,1197.0,47.89,60,7
F045339,Phoenix,55-64,High-Value Fan,9,24,1197.0,49.88,100,7
F005543,Gilbert,35-44,High-Value Fan,8,21,1197.0,56.98,80,7
F030988,Mesa,35-44,High-Value Fan,9,24,1196.0,49.85,55,7
F010152,Out of State,25-34,High-Value Fan,8,21,1196.0,56.95,80,7
F043025,Phoenix,25-34,At-Risk Fan,7,23,1194.0,51.93,90,7
F017147,Tempe,45-54,High-Value Fan,8,23,1194.0,51.93,60,7
F038835,Peoria,18-24,High-Value Fan,10,25,1194.0,47.74,58,7
F067573,Out of State,35-44,High-Value Fan,10,25,1192.0,47.7,60,7
F067112,Peoria,35-44,High-Value Fan,8,21,1191.0,56.74,54,7
F016015,Tempe,25-34,High-Value Fan,8,23,1191.0,51.79,71,7
F060346,Mesa,45-54,High-Value Fan,5,9,1190.0,132.22,73,7
F023275,Mesa,35-44,High-Value Fan,9,25,1188.0,47.53,53,7
F031301,Chandler,18-24,High-Value Fan,9,25,1188.0,47.51,100,7
F029810,Phoenix,45-54,At-Risk Fan,9,24,1188.0,49.48,100,7
F042062,Glendale,45-54,High-Value Fan,10,26,1188.0,45.67,71,7
F019479,Phoenix,35-44,High-Value Fan,11,25,1187.0,47.48,78,7
F037360,Mesa,35-44,High-Value Fan,9,24,1187.0,49.45,100,7
F048287,Phoenix,55-64,At-Risk Fan,10,24,1186.0,49.41,60,7
F065234,Chandler,18-24,At-Risk Fan,9,28,1185.0,42.33,80,7
F016329,Phoenix,35-44,At-Risk Fan,9,24,1185.0,49.36,80,7
F014050,Phoenix,18-24,High-Value Fan,10,24,1184.0,49.35,57,7
F009844,Scottsdale,25-34,High-Value Fan,9,23,1184.0,51.47,100,7
F068029,Out of State,25-34,High-Value Fan,7,22,1183.0,53.79,100,7
F037998,Scottsdale,18-24,High-Value Fan,10,23,1183.0,51.44,72,7
F012924,Phoenix,25-34,High-Value Fan,10,24,1182.0,49.27,90,7
F061479,Phoenix,25-34,At-Risk Fan,9,25,1181.0,47.26,78,7
F039569,Phoenix,18-24,High-Value Fan,8,25,1180.0,47.22,60,7
F010207,Out of State,35-44,High-Value Fan,9,25,1180.0,47.2,55,7
F067691,Tucson,25-34,High-Value Fan,9,25,1180.0,47.2,98,7
F006502,Scottsdale,35-44,At-Risk Fan,8,25,1179.0,47.17,78,7
F049478,Glendale,18-24,High-Value Fan,9,23,1178.0,51.23,47,7
F049211,Mesa,35-44,High-Value Fan,11,26,1178.0,45.31,55,7
F072422,Phoenix,45-54,High-Value Fan,9,22,1178.0,53.54,77,7
F050022,Gilbert,25-34,High-Value Fan,9,24,1178.0,49.07,48,7
F051237,Scottsdale,25-34,High-Value Fan,8,24,1178.0,49.07,75,7
F030742,Phoenix,25-34,High-Value Fan,10,23,1177.0,51.19,70,7
F005782,Phoenix,35-44,High-Value Fan,7,21,1177.0,56.05,80,7
F026454,Mesa,18-24,High-Value Fan,8,23,1177.0,51.16,100,7
F016007,Scottsdale,18-24,At-Risk Fan,7,26,1175.0,45.19,68,7
F068063,Phoenix,55-64,High-Value Fan,8,24,1174.0,48.91,55,7
F022428,Out of State,18-24,High-Value Fan,8,25,1173.0,46.91,60,7
F064980,Peoria,35-44,High-Value Fan,8,26,1171.0,45.04,48,7
F043006,Peoria,45-54,High-Value Fan,9,26,1171.0,45.03,55,7
F067279,Phoenix,25-34,High-Value Fan,10,23,1170.0,50.88,60,7
F050899,Scottsdale,25-34,At-Risk Fan,7,22,1170.0,53.18,92,7
F019821,Mesa,25-34,At-Risk Fan,5,10,1169.0,116.95,67,7
F006295,Mesa,55-64,High-Value Fan,8,21,1168.0,55.63,60,7
F071775,Chandler,18-24,High-Value Fan,9,20,1166.0,58.31,42,7
F029396,Tempe,25-34,High-Value Fan,5,9,1166.0,129.56,60,7
F007492,Chandler,35-44,High-Value Fan,8,23,1166.0,50.7,44,7
F034936,Chandler,35-44,High-Value Fan,10,22,1164.0,52.93,100,7
F063011,Mesa,18-24,High-Value Fan,9,23,1164.0,50.6,77,7
F021496,Mesa,35-44,At-Risk Fan,8,22,1164.0,52.9,80,7
F050533,Out of State,35-44,High-Value Fan,11,21,1164.0,55.41,94,7
F009495,Scottsdale,35-44,High-Value Fan,9,26,1164.0,44.75,87,7
F007021,Phoenix,45-54,High-Value Fan,10,22,1163.0,52.87,100,7
F031098,Phoenix,18-24,High-Value Fan,6,22,1162.0,52.83,57,7
F055198,Phoenix,18-24,At-Risk Fan,6,23,1162.0,50.52,63,7
F033797,Mesa,35-44,High-Value Fan,9,25,1161.0,46.45,60,7
F041822,Phoenix,18-24,High-Value Fan,9,22,1161.0,52.77,77,7
F039911,Chandler,35-44,High-Value Fan,10,22,1161.0,52.76,100,7
F019228,Chandler,55-64,High-Value Fan,10,25,1161.0,46.42,58,7
F063888,Phoenix,25-34,High-Value Fan,9,23,1159.0,50.41,57,7
F042334,Scottsdale,45-54,High-Value Fan,11,27,1159.0,42.92,49,7
F016372,Glendale,35-44,High-Value Fan,5,9,1158.0,128.7,76,7
F072257,Chandler,18-24,High-Value Fan,12,21,1158.0,55.13,73,7
F059295,Phoenix,45-54,High-Value Fan,8,24,1157.0,48.21,55,7
F029739,Glendale,45-54,High-Value Fan,9,23,1157.0,50.3,80,7
F033813,Chandler,25-34,High-Value Fan,6,31,1157.0,37.31,60,7
F070875,Phoenix,65+,High-Value Fan,8,22,1156.0,52.56,52,7
F067530,Out of State,18-24,High-Value Fan,7,22,1156.0,52.56,75,7
F066839,Phoenix,25-34,High-Value Fan,10,26,1155.0,44.42,75,7
F035071,Scottsdale,35-44,High-Value Fan,9,22,1154.0,52.43,100,7
F009697,Mesa,25-34,High-Value Fan,10,24,1153.0,48.06,73,7
F020718,Phoenix,25-34,At-Risk Fan,10,25,1153.0,46.1,60,7
F043850,Glendale,45-54,High-Value Fan,6,22,1152.0,52.36,87,7
F048643,Out of State,18-24,High-Value Fan,9,23,1152.0,50.09,55,7
F020668,Tempe,45-54,High-Value Fan,6,22,1151.0,52.32,89,7
F004809,Scottsdale,25-34,High-Value Fan,8,21,1150.0,54.78,94,7
F072706,Phoenix,18-24,High-Value Fan,5,22,1150.0,52.27,80,7
F040047,Phoenix,45-54,High-Value Fan,11,25,1150.0,46.0,93,7
F036244,Chandler,35-44,High-Value Fan,11,26,1150.0,44.21,98,7
F022892,Tucson,45-54,High-Value Fan,8,24,1149.0,47.87,57,7
F026067,Chandler,25-34,High-Value Fan,8,22,1149.0,52.2,73,7
F007601,Chandler,18-24,At-Risk Fan,10,23,1146.0,49.84,60,7
F037345,Mesa,18-24,At-Risk Fan,9,23,1146.0,49.83,97,7
F026063,Phoenix,18-24,High-Value Fan,11,23,1145.0,49.77,90,7
F059042,Phoenix,45-54,At-Risk Fan,10,25,1143.0,45.72,78,7
F071551,Gilbert,35-44,High-Value Fan,8,21,1143.0,54.41,60,7
F043350,Tempe,25-34,High-Value Fan,7,25,1142.0,45.7,77,7
F036912,Tucson,45-54,High-Value Fan,10,24,1142.0,47.6,77,7
F031667,Gilbert,25-34,High-Value Fan,11,22,1142.0,51.92,86,7
F023496,Scottsdale,55-64,High-Value Fan,10,25,1142.0,45.68,100,7
F041576,Gilbert,35-44,High-Value Fan,11,22,1142.0,51.91,100,7
F019473,Peoria,35-44,High-Value Fan,9,25,1142.0,45.68,90,7
F013869,Phoenix,35-44,High-Value Fan,8,20,1141.0,57.04,80,7
F056353,Phoenix,25-34,High-Value Fan,8,23,1140.0,49.58,100,7
F039766,Phoenix,18-24,High-Value Fan,9,23,1140.0,49.58,62,7
F058100,Tempe,18-24,High-Value Fan,6,18,1140.0,63.35,97,7
F038353,Tucson,18-24,High-Value Fan,7,23,1139.0,49.52,60,7
F003252,Glendale,18-24,High-Value Fan,7,19,1138.0,59.9,60,7
F050556,Phoenix,45-54,High-Value Fan,9,22,1138.0,51.71,60,7
F062812,Phoenix,45-54,High-Value Fan,6,22,1138.0,51.71,87,7
F060380,Mesa,35-44,High-Value Fan,10,26,1137.0,43.74,58,7
F005588,Glendale,45-54,High-Value Fan,8,21,1137.0,54.16,100,7
F016834,Tempe,18-24,High-Value Fan,7,21,1137.0,54.15,60,7
F014801,Mesa,45-54,High-Value Fan,7,20,1137.0,56.85,87,7
F026900,Tucson,25-34,At-Risk Fan,7,21,1136.0,54.11,91,7
F072061,Phoenix,18-24,High-Value Fan,8,24,1136.0,47.32,100,7
F067118,Scottsdale,45-54,High-Value Fan,10,22,1135.0,51.6,75,7
F033549,Glendale,25-34,At-Risk Fan,5,8,1135.0,141.89,87,7
F020588,Glendale,45-54,High-Value Fan,8,23,1135.0,49.34,100,7
F051632,Phoenix,25-34,High-Value Fan,8,26,1135.0,43.65,80,7
F029859,Phoenix,35-44,High-Value Fan,8,22,1134.0,51.56,76,7
F063115,Tempe,35-44,High-Value Fan,6,20,1134.0,56.71,85,7
F034980,Glendale,18-24,High-Value Fan,8,24,1134.0,47.26,100,7
F026083,Gilbert,35-44,High-Value Fan,12,24,1134.0,47.25,57,7
F034531,Mesa,18-24,High-Value Fan,9,23,1134.0,49.3,80,7
F009277,Phoenix,35-44,High-Value Fan,11,23,1134.0,49.3,95,7
F071280,Mesa,45-54,High-Value Fan,7,23,1133.0,49.27,77,7
F056584,Mesa,25-34,High-Value Fan,5,9,1133.0,125.88,53,7
F024054,Peoria,45-54,High-Value Fan,7,20,1132.0,56.62,100,7
F052729,Phoenix,35-44,High-Value Fan,10,23,1132.0,49.22,57,7
F035092,Gilbert,45-54,High-Value Fan,12,24,1131.0,47.11,79,7
F060111,Phoenix,35-44,At-Risk Fan,8,21,1130.0,53.82,80,7
F043774,Tempe,35-44,High-Value Fan,9,22,1130.0,51.34,95,7
F032343,Out of State,25-34,High-Value Fan,8,22,1129.0,51.33,81,7
F049795,Phoenix,25-34,High-Value Fan,9,21,1129.0,53.77,54,7
F029888,Glendale,18-24,High-Value Fan,9,22,1129.0,51.31,95,7
F037072,Phoenix,35-44,High-Value Fan,9,23,1127.0,49.0,50,7
F034660,Phoenix,25-34,High-Value Fan,7,23,1127.0,49.0,100,7
F057337,Out of State,55-64,At-Risk Fan,7,23,1127.0,48.99,80,7
F024202,Phoenix,25-34,At-Risk Fan,8,21,1126.0,53.61,80,7
F052189,Mesa,18-24,High-Value Fan,7,22,1126.0,51.17,87,7
F060971,Tempe,35-44,High-Value Fan,7,19,1125.0,59.2,92,7
F048310,Mesa,18-24,At-Risk Fan,9,26,1125.0,43.26,100,7
F010499,Phoenix,35-44,High-Value Fan,7,19,1125.0,59.19,78,7
F051167,Mesa,35-44,High-Value Fan,7,26,1124.0,43.23,51,7
F040046,Phoenix,18-24,High-Value Fan,8,24,1123.0,46.8,100,7
F044371,Phoenix,45-54,High-Value Fan,8,21,1123.0,53.48,100,7
F043983,Peoria,35-44,High-Value Fan,10,22,1122.0,50.98,77,7
F039612,Tempe,25-34,At-Risk Fan,7,22,1120.0,50.93,49,7
F016817,Peoria,45-54,High-Value Fan,9,23,1119.0,48.66,50,7
F012104,Tempe,35-44,High-Value Fan,11,22,1118.0,50.82,89,7
F018491,Peoria,25-34,High-Value Fan,8,22,1118.0,50.82,97,7
F048372,Scottsdale,25-34,At-Risk Fan,9,22,1118.0,50.82,100,7
F020585,Tempe,18-24,High-Value Fan,11,24,1118.0,46.58,92,7
F049545,Glendale,18-24,At-Risk Fan,9,22,1116.0,50.74,95,7
F015116,Phoenix,45-54,High-Value Fan,9,24,1115.0,46.47,98,7
F053573,Scottsdale,18-24,High-Value Fan,9,22,1115.0,50.66,80,7
F038086,Mesa,45-54,High-Value Fan,5,31,1114.0,35.95,98,7
F018547,Gilbert,35-44,High-Value Fan,12,24,1114.0,46.42,98,7
F061969,Scottsdale,45-54,High-Value Fan,7,23,1114.0,48.43,60,7
F027771,Mesa,35-44,High-Value Fan,12,22,1113.0,50.58,92,7
F058101,Gilbert,45-54,High-Value Fan,8,21,1112.0,52.97,83,7
F035635,Gilbert,35-44,High-Value Fan,11,25,1112.0,44.48,84,7
F014076,Mesa,35-44,High-Value Fan,9,24,1111.0,46.28,60,7
F045501,Glendale,35-44,High-Value Fan,8,20,1109.0,55.47,87,7
F017392,Peoria,25-34,High-Value Fan,8,21,1109.0,52.82,100,7
F023263,Chandler,25-34,Repeat Attendee,10,20,1109.0,55.43,75,7
F059366,Glendale,25-34,Repeat Attendee,6,20,1107.0,55.35,97,7
F070333,Phoenix,18-24,Repeat Attendee,8,23,1106.0,48.11,67,7
F029417,Tempe,35-44,Repeat Attendee,9,21,1106.0,52.67,74,7
F032752,Glendale,25-34,Repeat Attendee,6,20,1106.0,55.3,57,7
F027408,Phoenix,45-54,Repeat Attendee,8,25,1105.0,44.2,92,7
F015581,Scottsdale,18-24,Repeat Attendee,9,23,1104.0,48.01,60,7
F036011,Out of State,25-34,Repeat Attendee,9,23,1104.0,47.99,60,7
F018797,Scottsdale,25-34,Repeat Attendee,8,21,1104.0,52.56,94,7
F034090,Phoenix,25-34,Repeat Attendee,8,25,1103.0,44.14,60,7
F037568,Glendale,18-24,Repeat Attendee,6,20,1103.0,55.16,45,7
F043803,Phoenix,45-54,Repeat Attendee,8,24,1103.0,45.96,93,7
F012646,Gilbert,45-54,Repeat Attendee,7,18,1102.0,61.21,87,7
F015760,Gilbert,18-24,Repeat Attendee,7,19,1102.0,57.99,60,7
F049120,Tempe,25-34,Repeat Attendee,8,26,1101.0,42.36,82,7
F031421,Phoenix,18-24,Repeat Attendee,9,22,1101.0,50.05,100,7
F012449,Peoria,25-34,Repeat Attendee,10,24,1101.0,45.88,63,7
F044239,Phoenix,25-34,Repeat Attendee,8,23,1101.0,47.87,100,7
F008489,Scottsdale,35-44,Repeat Attendee,8,21,1101.0,52.43,71,7
F017272,Phoenix,25-34,Repeat Attendee,10,22,1100.0,49.99,92,7
F042764,Phoenix,65+,Repeat Attendee,8,22,1099.0,49.98,77,7
F012250,Phoenix,45-54,Repeat Attendee,7,20,1099.0,54.95,78,7
F021318,Glendale,25-34,At-Risk Fan,9,22,1098.0,49.91,75,7
F035331,Phoenix,25-34,Repeat Attendee,9,20,1097.0,54.85,100,7
F018151,Scottsdale,35-44,At-Risk Fan,6,20,1097.0,54.85,76,7
F046713,Tempe,25-34,Repeat Attendee,9,22,1097.0,49.86,60,7
F011407,Scottsdale,35-44,Repeat Attendee,6,19,1097.0,57.73,80,7
F058609,Phoenix,25-34,Repeat Attendee,10,21,1096.0,52.2,97,7
F027523,Glendale,45-54,Repeat Attendee,8,25,1094.0,43.75,100,7
F023930,Mesa,55-64,Repeat Attendee,8,22,1094.0,49.71,71,7
F041938,Chandler,55-64,Repeat Attendee,11,23,1094.0,47.55,77,7
F069721,Tucson,45-54,Repeat Attendee,6,23,1093.0,47.54,47,7
F011816,Phoenix,18-24,Repeat Attendee,12,24,1093.0,45.53,80,7
F008660,Phoenix,45-54,Repeat Attendee,6,19,1092.0,57.49,68,7
F045239,Phoenix,25-34,Repeat Attendee,8,23,1092.0,47.47,57,7
F066024,Phoenix,35-44,Repeat Attendee,5,17,1091.0,64.2,76,7
F052827,Phoenix,35-44,Repeat Attendee,8,22,1091.0,49.61,95,7
F003182,Gilbert,35-44,At-Risk Fan,11,23,1091.0,47.42,65,7
F054666,Phoenix,45-54,Repeat Attendee,8,20,1091.0,54.53,51,7
F064671,Mesa,35-44,At-Risk Fan,10,26,1090.0,41.93,84,7
F059955,Phoenix,18-24,Repeat Attendee,6,18,1090.0,60.55,60,7
F059606,Phoenix,25-34,Repeat Attendee,9,21,1088.0,51.82,84,7
F059004,Phoenix,18-24,Repeat Attendee,10,24,1088.0,45.32,60,7
F037917,Phoenix,18-24,Repeat Attendee,9,21,1087.0,51.75,57,7
F029988,Scottsdale,35-44,Repeat Attendee,8,21,1086.0,51.74,97,7
F071237,Phoenix,25-34,Repeat Attendee,7,17,1086.0,63.91,80,7
F034041,Out of State,25-34,Repeat Attendee,9,22,1086.0,49.37,52,7
F064939,Mesa,35-44,Repeat Attendee,7,23,1085.0,47.19,70,7
F026728,Phoenix,35-44,Repeat Attendee,9,22,1084.0,49.28,49,7
F033922,Tucson,35-44,At-Risk Fan,8,19,1084.0,57.04,87,7
F051627,Phoenix,35-44,Repeat Attendee,8,22,1083.0,49.22,46,7
F013376,Out of State,55-64,Repeat Attendee,8,24,1082.0,45.09,52,7
F043338,Phoenix,25-34,Repeat Attendee,9,21,1081.0,51.49,57,7
F009203,Phoenix,45-54,Repeat Attendee,9,23,1081.0,47.01,100,7
F068286,Phoenix,25-34,Repeat Attendee,6,19,1080.0,56.86,60,7
F031764,Scottsdale,18-24,Repeat Attendee,6,18,1079.0,59.95,100,7
F072402,Mesa,25-34,Repeat Attendee,9,25,1077.0,43.1,90,7
F046808,Phoenix,45-54,Repeat Attendee,7,24,1077.0,44.88,50,7
F057947,Chandler,35-44,Repeat Attendee,10,21,1077.0,51.29,100,7
F063494,Tempe,45-54,Repeat Attendee,6,22,1077.0,48.94,57,7
F037662,Gilbert,25-34,Repeat Attendee,10,25,1077.0,43.07,100,7
F047648,Gilbert,35-44,Repeat Attendee,8,25,1076.0,43.06,87,7
F024957,Chandler,18-24,Repeat Attendee,9,22,1076.0,48.93,97,7
F054705,Out of State,45-54,Repeat Attendee,7,22,1076.0,48.92,97,7
F054064,Chandler,45-54,At-Risk Fan,10,23,1076.0,46.77,57,7
F051571,Gilbert,25-34,Repeat Attendee,8,20,1075.0,53.75,60,7
F021738,Phoenix,35-44,Repeat Attendee,7,20,1075.0,53.74,54,7
F032003,Tucson,18-24,Repeat Attendee,7,22,1075.0,48.84,77,7
F015048,Phoenix,35-44,Repeat Attendee,9,20,1074.0,53.71,100,7
F008107,Gilbert,35-44,Repeat Attendee,7,23,1073.0,46.64,75,7
F067628,Phoenix,35-44,Repeat Attendee,7,21,1072.0,51.07,80,7
F063395,Tempe,35-44,Repeat Attendee,9,22,1072.0,48.73,84,7
F035318,Out of State,25-34,Repeat Attendee,11,21,1072.0,51.05,100,7
F045814,Scottsdale,25-34,At-Risk Fan,5,8,1071.0,133.93,82,7
F032291,Scottsdale,45-54,Repeat Attendee,9,22,1071.0,48.7,60,7
F050607,Glendale,25-34,Repeat Attendee,6,20,1071.0,53.56,73,7
F066780,Scottsdale,18-24,Repeat Attendee,7,22,1071.0,48.67,80,7
F007815,Out of State,35-44,Repeat Attendee,6,20,1070.0,53.51,67,7
F067482,Phoenix,55-64,Repeat Attendee,10,20,1070.0,53.48,74,7
F069974,Tempe,25-34,Repeat Attendee,6,23,1069.0,46.47,80,7
F018292,Out of State,25-34,At-Risk Fan,8,21,1069.0,50.88,72,7
F056777,Scottsdale,25-34,At-Risk Fan,8,22,1069.0,48.57,86,7
F043653,Scottsdale,25-34,Repeat Attendee,7,19,1067.0,56.15,60,7
F046541,Phoenix,55-64,Repeat Attendee,8,19,1067.0,56.14,86,7
F031307,Peoria,35-44,Repeat Attendee,6,20,1066.0,53.31,77,7
F071154,Out of State,25-34,Repeat Attendee,7,20,1066.0,53.3,77,7
F035102,Scottsdale,35-44,Repeat Attendee,8,23,1066.0,46.34,100,7
F019487,Gilbert,35-44,Repeat Attendee,8,22,1066.0,48.44,60,7
F009169,Glendale,18-24,At-Risk Fan,9,26,1066.0,40.99,60,7
F063933,Mesa,25-34,At-Risk Fan,10,25,1064.0,42.56,83,7
F004111,Phoenix,25-34,Repeat Attendee,8,23,1064.0,46.26,100,7
F039826,Peoria,25-34,Repeat Attendee,12,23,1062.0,46.16,100,7
F015942,Scottsdale,25-34,Repeat Attendee,9,22,1061.0,48.22,57,7
F035189,Phoenix,18-24,Repeat Attendee,7,20,1060.0,53.01,78,7
F050150,Scottsdale,35-44,Repeat Attendee,8,22,1060.0,48.19,87,7
F051540,Glendale,25-34,Repeat Attendee,6,20,1059.0,52.97,71,7
F020926,Scottsdale,35-44,Repeat Attendee,8,22,1059.0,48.15,57,7
F013053,Phoenix,25-34,Repeat Attendee,10,22,1059.0,48.14,68,7
F061904,Tempe,55-64,Repeat Attendee,8,21,1059.0,50.42,100,7
F041787,Out of State,35-44,Repeat Attendee,9,23,1058.0,46.0,57,7
F005574,Phoenix,35-44,Repeat Attendee,11,24,1058.0,44.09,85,7
F020612,Tempe,45-54,Repeat Attendee,7,20,1058.0,52.9,74,7
F052047,Peoria,35-44,Repeat Attendee,6,20,1057.0,52.86,84,7
F055294,Scottsdale,35-44,Repeat Attendee,8,20,1057.0,52.85,48,7
F015750,Chandler,25-34,Repeat Attendee,9,21,1057.0,50.31,77,7
F009911,Glendale,25-34,Repeat Attendee,7,22,1055.0,47.95,84,7
F046405,Tempe,18-24,Repeat Attendee,7,26,1054.0,40.55,73,7
F055009,Chandler,35-44,Repeat Attendee,5,8,1054.0,131.7,80,7
F012096,Phoenix,25-34,Repeat Attendee,6,21,1053.0,50.13,87,7
F056854,Glendale,25-34,Repeat Attendee,6,21,1053.0,50.13,87,7
F040519,Phoenix,18-24,Repeat Attendee,8,20,1053.0,52.63,57,7
F062697,Scottsdale,18-24,Repeat Attendee,8,21,1052.0,50.11,87,7
F068088,Gilbert,35-44,Repeat Attendee,10,22,1052.0,47.8,89,7
F036675,Scottsdale,25-34,Repeat Attendee,8,21,1051.0,50.04,60,7
F027886,Chandler,25-34,Repeat Attendee,7,19,1050.0,55.29,77,7
F055361,Phoenix,35-44,Repeat Attendee,9,22,1049.0,47.7,57,7
F053435,Phoenix,18-24,Repeat Attendee,7,22,1049.0,47.7,60,7
F065479,Gilbert,18-24,Repeat Attendee,5,8,1049.0,131.12,73,7
F058969,Scottsdale,25-34,At-Risk Fan,5,7,1049.0,149.83,60,7
F057724,Phoenix,35-44,Repeat Attendee,10,22,1048.0,47.66,60,7
F035096,Gilbert,45-54,At-Risk Fan,7,21,1048.0,49.92,65,7
F035905,Chandler,25-34,At-Risk Fan,7,19,1048.0,55.16,84,7
F069113,Phoenix,18-24,Repeat Attendee,9,21,1047.0,49.88,54,7
F012282,Tempe,18-24,At-Risk Fan,8,24,1047.0,43.61,80,7
F040304,Phoenix,35-44,Repeat Attendee,6,22,1046.0,47.55,55,7
F054287,Phoenix,55-64,Repeat Attendee,11,20,1045.0,52.27,60,7
F069280,Peoria,25-34,Repeat Attendee,7,20,1045.0,52.25,60,7
F069468,Peoria,35-44,Repeat Attendee,6,22,1045.0,47.48,62,7
F056072,Out of State,35-44,At-Risk Fan,6,23,1044.0,45.38,91,7
F014712,Mesa,35-44,Repeat Attendee,10,22,1044.0,47.44,92,7
F019256,Gilbert,55-64,Repeat Attendee,7,19,1043.0,54.87,57,7
F015451,Gilbert,25-34,Repeat Attendee,9,24,1042.0,43.42,92,7
F066102,Phoenix,35-44,At-Risk Fan,6,22,1041.0,47.32,70,7
F008371,Glendale,18-24,Repeat Attendee,7,23,1041.0,45.24,60,7
F071715,Glendale,25-34,Repeat Attendee,6,18,1041.0,57.81,93,7
F010584,Scottsdale,25-34,Repeat Attendee,9,24,1040.0,43.35,79,7
F034985,Phoenix,25-34,Repeat Attendee,8,19,1040.0,54.73,100,7
F039086,Out of State,18-24,At-Risk Fan,10,21,1039.0,49.5,100,7
F029093,Tucson,35-44,Repeat Attendee,8,20,1039.0,51.96,60,7
F049528,Peoria,25-34,Repeat Attendee,7,20,1039.0,51.94,57,7
F003973,Chandler,45-54,Repeat Attendee,9,20,1039.0,51.94,91,7
F004583,Scottsdale,35-44,Repeat Attendee,8,21,1039.0,49.46,87,7
F049453,Out of State,35-44,Repeat Attendee,6,22,1038.0,47.18,80,7
F022130,Chandler,45-54,Repeat Attendee,11,23,1036.0,45.06,60,7
F014552,Mesa,25-34,Repeat Attendee,6,21,1036.0,49.35,60,7
F022752,Phoenix,18-24,Repeat Attendee,11,22,1036.0,47.09,60,7
F065655,Glendale,25-34,Repeat Attendee,7,22,1035.0,47.07,80,7
F022750,Phoenix,35-44,At-Risk Fan,8,22,1035.0,47.05,97,7
F008544,Phoenix,35-44,Repeat Attendee,9,20,1034.0,51.72,54,7
F040359,Chandler,18-24,Repeat Attendee,7,19,1034.0,54.4,80,7
F068136,Scottsdale,18-24,Repeat Attendee,5,16,1033.0,64.59,56,7
F028838,Phoenix,25-34,Repeat Attendee,9,19,1033.0,54.38,71,7
F069196,Peoria,45-54,Repeat Attendee,8,20,1033.0,51.66,66,7
F064489,Phoenix,55-64,Repeat Attendee,7,18,1032.0,57.35,57,7
F067668,Phoenix,25-34,Repeat Attendee,7,20,1030.0,51.52,60,7
F052928,Phoenix,35-44,Repeat Attendee,9,19,1029.0,54.18,70,7
F030836,Phoenix,18-24,Repeat Attendee,8,21,1029.0,49.0,97,7
F063035,Out of State,65+,Repeat Attendee,7,20,1029.0,51.43,57,7
F021889,Glendale,18-24,Repeat Attendee,9,20,1028.0,51.4,60,7
F028485,Mesa,25-34,Repeat Attendee,7,16,1027.0,64.16,60,7
F037462,Phoenix,25-34,Repeat Attendee,7,21,1026.0,48.88,100,7
F020573,Scottsdale,25-34,Repeat Attendee,7,21,1026.0,48.88,100,7
F014849,Tempe,45-54,At-Risk Fan,6,19,1026.0,54.02,44,7
F057150,Scottsdale,25-34,Repeat Attendee,6,20,1026.0,51.32,60,7
F048298,Mesa,45-54,Repeat Attendee,7,18,1025.0,56.97,50,7
F005196,Phoenix,55-64,Repeat Attendee,11,21,1025.0,48.82,60,7
F053718,Out of State,18-24,Repeat Attendee,8,22,1025.0,46.59,60,7
F010500,Phoenix,25-34,Repeat Attendee,8,23,1022.0,44.45,80,7
F038161,Phoenix,35-44,Repeat Attendee,8,21,1022.0,48.67,51,7
F064733,Scottsdale,65+,Repeat Attendee,8,22,1022.0,46.46,97,7
F032328,Chandler,25-34,Repeat Attendee,8,20,1022.0,51.09,67,7
F032843,Phoenix,25-34,Repeat Attendee,7,20,1021.0,51.04,100,7
F003054,Phoenix,35-44,Repeat Attendee,6,17,1020.0,59.99,100,7
F021812,Phoenix,25-34,Repeat Attendee,6,22,1019.0,46.31,73,7
F023994,Mesa,35-44,Repeat Attendee,7,19,1019.0,53.61,87,7
F007934,Mesa,35-44,Repeat Attendee,8,19,1018.0,53.58,57,7
F038265,Phoenix,25-34,Repeat Attendee,5,8,1018.0,127.26,45,7
F048140,Scottsdale,18-24,Repeat Attendee,8,17,1017.0,59.83,60,7
F058131,Peoria,25-34,Repeat Attendee,8,22,1017.0,46.22,60,7
F036486,Phoenix,25-34,Repeat Attendee,8,18,1015.0,56.4,77,7
F045596,Scottsdale,25-34,Repeat Attendee,7,22,1015.0,46.13,49,7
F010845,Phoenix,45-54,Repeat Attendee,7,20,1013.0,50.63,100,7
F070336,Phoenix,45-54,Repeat Attendee,8,20,1012.0,50.61,60,7
F047261,Glendale,35-44,Repeat Attendee,6,17,1011.0,59.48,80,7
F067278,Phoenix,18-24,Repeat Attendee,10,23,1011.0,43.96,92,7
F007264,Out of State,25-34,Repeat Attendee,7,19,1011.0,53.21,87,7
F048986,Chandler,45-54,Repeat Attendee,9,23,1010.0,43.91,100,7
F033248,Chandler,35-44,Repeat Attendee,6,22,1009.0,45.88,80,7
F071366,Scottsdale,25-34,Repeat Attendee,9,21,1009.0,48.05,74,7
F021295,Phoenix,35-44,Repeat Attendee,6,19,1009.0,53.11,67,7
F065321,Mesa,25-34,Repeat Attendee,8,20,1009.0,50.44,60,7
F058297,Out of State,45-54,Repeat Attendee,8,19,1009.0,53.09,60,7
F059861,Phoenix,45-54,Repeat Attendee,7,17,1007.0,59.22,66,7
F040514,Phoenix,65+,Repeat Attendee,5,18,1006.0,55.91,60,7
F061290,Phoenix,35-44,Repeat Attendee,9,20,1006.0,50.3,60,7
F007275,Phoenix,45-54,Repeat Attendee,8,20,1005.0,50.25,70,7
F008851,Out of State,25-34,Repeat Attendee,8,20,1005.0,50.25,88,7
F047075,Mesa,35-44,At-Risk Fan,8,22,1005.0,45.68,65,7
F020274,Phoenix,18-24,At-Risk Fan,6,21,1004.0,47.8,80,7
F048272,Phoenix,35-44,Repeat Attendee,7,20,1003.0,50.14,57,7
F034585,Tempe,25-34,At-Risk Fan,8,18,1002.0,55.67,77,7
F066797,Mesa,25-34,Repeat Attendee,7,19,1002.0,52.74,100,7
F004699,Out of State,45-54,Repeat Attendee,10,19,1002.0,52.71,94,7
F057322,Tempe,45-54,Repeat Attendee,7,21,1002.0,47.69,91,7
F046011,Out of State,25-34,Repeat Attendee,6,19,1001.0,52.69,68,7
F018135,Tempe,35-44,Repeat Attendee,6,21,1000.0,47.62,77,7
F039236,Mesa,35-44,Repeat Attendee,8,18,999.0,55.48,60,7
F033221,Chandler,45-54,Repeat Attendee,9,22,999.0,45.39,77,7
F004903,Tucson,25-34,Repeat Attendee,7,22,998.0,45.36,60,7
F044404,Peoria,35-44,Repeat Attendee,8,21,998.0,47.51,60,7
F056471,Phoenix,45-54,Repeat Attendee,9,23,997.0,43.33,60,7
F012852,Mesa,25-34,Repeat Attendee,8,22,997.0,45.3,97,7
F054256,Gilbert,25-34,Repeat Attendee,7,17,996.0,58.59,59,7
F047155,Scottsdale,25-34,Repeat Attendee,9,20,995.0,49.77,54,7
F065894,Chandler,18-24,Repeat Attendee,9,18,995.0,55.29,80,7
F023093,Phoenix,35-44,Repeat Attendee,6,18,995.0,55.28,60,7
F032145,Glendale,45-54,At-Risk Fan,11,21,995.0,47.38,80,7
F031516,Glendale,18-24,Repeat Attendee,10,22,995.0,45.23,55,7
F053570,Phoenix,18-24,At-Risk Fan,7,21,995.0,47.38,57,7
F028341,Out of State,25-34,Repeat Attendee,7,20,994.0,49.7,100,7
F028124,Phoenix,25-34,Repeat Attendee,6,18,994.0,55.21,92,7
F050910,Phoenix,35-44,Repeat Attendee,9,19,994.0,52.3,47,7
F011153,Glendale,25-34,At-Risk Fan,7,23,993.0,43.17,100,7
F040709,Phoenix,25-34,Repeat Attendee,8,22,992.0,45.08,57,7
F024981,Glendale,35-44,Repeat Attendee,8,19,992.0,52.19,54,7
F027449,Mesa,18-24,Repeat Attendee,9,24,991.0,41.27,55,7
F050535,Scottsdale,35-44,Repeat Attendee,7,18,990.0,55.01,87,7
F031068,Chandler,35-44,At-Risk Fan,9,22,990.0,45.01,77,7
F053830,Scottsdale,35-44,Repeat Attendee,8,21,989.0,47.11,70,7
F058124,Phoenix,35-44,Repeat Attendee,7,22,988.0,44.9,80,7
F011680,Phoenix,35-44,Repeat Attendee,5,18,987.0,54.85,100,7
F020023,Phoenix,25-34,Repeat Attendee,8,18,987.0,54.81,60,7
F055282,Scottsdale,18-24,At-Risk Fan,8,19,987.0,51.92,60,7
F017554,Phoenix,25-34,Repeat Attendee,7,18,986.0,54.78,87,7
F056632,Scottsdale,25-34,Repeat Attendee,9,24,985.0,41.05,95,7
F065496,Peoria,18-24,Repeat Attendee,7,18,985.0,54.72,60,7
F010157,Phoenix,18-24,Repeat Attendee,6,20,985.0,49.23,60,7
F026463,Phoenix,35-44,Repeat Attendee,11,19,984.0,51.81,97,7
F042697,Out of State,25-34,Repeat Attendee,7,19,984.0,51.78,100,7
F055376,Phoenix,18-24,Repeat Attendee,7,18,984.0,54.65,73,7
F061220,Glendale,45-54,Repeat Attendee,8,17,984.0,57.85,49,7
F005306,Tucson,35-44,Repeat Attendee,8,20,982.0,49.11,100,7
F070052,Phoenix,25-34,Repeat Attendee,7,20,982.0,49.1,57,7
F038448,Glendale,35-44,Repeat Attendee,6,18,981.0,54.49,90,7
F068065,Chandler,18-24,Repeat Attendee,6,20,980.0,49.02,84,7
F070163,Out of State,25-34,Repeat Attendee,7,18,980.0,54.44,43,7
F035931,Phoenix,18-24,Repeat Attendee,5,16,980.0,61.23,60,7
F003062,Phoenix,25-34,At-Risk Fan,6,20,980.0,48.98,100,7
F013796,Out of State,25-34,Repeat Attendee,6,20,979.0,48.93,60,7
F010396,Chandler,35-44,At-Risk Fan,8,20,978.0,48.88,60,7
F006803,Peoria,25-34,Repeat Attendee,5,17,977.0,57.47,56,7
F053342,Peoria,25-34,Repeat Attendee,11,21,977.0,46.52,86,7
F006157,Scottsdale,25-34,Repeat Attendee,7,18,977.0,54.27,97,7
F038149,Glendale,55-64,Repeat Attendee,8,21,976.0,46.47,57,7
F051683,Mesa,35-44,Repeat Attendee,10,21,976.0,46.46,97,7
F045079,Scottsdale,18-24,Repeat Attendee,6,21,976.0,46.45,100,7
F042072,Glendale,45-54,At-Risk Fan,10,24,975.0,40.62,45,7
F063110,Tempe,18-24,Repeat Attendee,7,19,975.0,51.31,74,7
F041106,Scottsdale,45-54,Repeat Attendee,9,18,975.0,54.16,100,7
F007695,Phoenix,55-64,At-Risk Fan,7,21,975.0,46.41,57,7
F021813,Phoenix,25-34,Repeat Attendee,8,20,975.0,48.73,80,7
F029652,Scottsdale,65+,Repeat Attendee,7,20,975.0,48.73,74,7
F025110,Phoenix,18-24,Repeat Attendee,8,20,974.0,48.7,51,7
F052740,Scottsdale,35-44,Repeat Attendee,7,20,973.0,48.64,85,7
F031656,Phoenix,25-34,Repeat Attendee,6,19,973.0,51.19,60,7
F051435,Phoenix,18-24,Repeat Attendee,7,19,973.0,51.19,91,7
F053772,Chandler,45-54,Repeat Attendee,7,18,972.0,53.98,50,7
F066996,Phoenix,18-24,Repeat Attendee,6,19,971.0,51.1,100,7
F038907,Phoenix,65+,Repeat Attendee,7,17,971.0,57.11,73,7
F044050,Tempe,35-44,Repeat Attendee,7,20,971.0,48.54,60,7
F036569,Scottsdale,18-24,Repeat Attendee,6,17,970.0,57.07,53,7
F037773,Glendale,18-24,Repeat Attendee,5,17,970.0,57.06,100,7
F011752,Phoenix,25-34,Repeat Attendee,8,20,970.0,48.49,60,7
F029593,Mesa,18-24,Repeat Attendee,5,17,970.0,57.04,60,7
F065946,Gilbert,45-54,Repeat Attendee,9,19,970.0,51.04,100,7
F048891,Phoenix,18-24,At-Risk Fan,8,18,970.0,53.87,90,7
F007345,Tucson,18-24,At-Risk Fan,9,21,970.0,46.17,63,7
F027821,Mesa,25-34,Repeat Attendee,8,19,969.0,51.02,100,7
F006040,Phoenix,25-34,Repeat Attendee,9,19,969.0,51.01,60,7
F010369,Gilbert,18-24,At-Risk Fan,6,20,969.0,48.44,100,7
F035367,Scottsdale,45-54,Repeat Attendee,9,18,969.0,53.82,83,7
F015725,Mesa,45-54,Repeat Attendee,6,23,969.0,42.11,71,7
F028489,Tempe,35-44,Repeat Attendee,9,20,968.0,48.41,58,7
F050031,Tucson,25-34,Repeat Attendee,9,21,968.0,46.09,97,7
F072844,Scottsdale,25-34,At-Risk Fan,8,18,968.0,53.77,87,7
F041724,Scottsdale,35-44,Repeat Attendee,7,23,968.0,42.07,87,7
F049867,Tucson,18-24,Repeat Attendee,6,20,967.0,48.37,70,7
F008716,Phoenix,35-44,Repeat Attendee,6,17,967.0,56.89,60,7
F015298,Tempe,55-64,Repeat Attendee,7,22,967.0,43.95,84,7
F070528,Mesa,35-44,Repeat Attendee,6,20,966.0,48.32,60,7
F008533,Mesa,35-44,Repeat Attendee,8,22,966.0,43.92,57,7
F052211,Phoenix,45-54,Repeat Attendee,8,20,966.0,48.3,100,7
F007289,Phoenix,18-24,Repeat Attendee,8,20,966.0,48.3,54,7
F029464,Glendale,18-24,Repeat Attendee,6,18,965.0,53.63,100,7
F003884,Gilbert,35-44,Repeat Attendee,8,20,965.0,48.24,54,7
F045850,Peoria,45-54,Repeat Attendee,9,20,965.0,48.23,84,7
F071779,Phoenix,18-24,Repeat Attendee,7,19,964.0,50.74,60,7
F027526,Scottsdale,18-24,Repeat Attendee,5,17,964.0,56.7,73,7
F039930,Gilbert,35-44,Repeat Attendee,6,19,963.0,50.71,74,7
F055580,Mesa,18-24,Repeat Attendee,8,20,963.0,48.16,57,7
F019196,Gilbert,45-54,Repeat Attendee,8,20,963.0,48.14,100,7
F005098,Chandler,55-64,Repeat Attendee,8,20,962.0,48.12,87,7
F068801,Scottsdale,25-34,Repeat Attendee,7,19,962.0,50.63,91,7
F047302,Scottsdale,18-24,Repeat Attendee,7,16,962.0,60.11,56,7
F036628,Scottsdale,55-64,Repeat Attendee,8,23,960.0,41.73,60,7
F065651,Gilbert,35-44,Repeat Attendee,7,20,959.0,47.97,97,7
F030618,Phoenix,25-34,Repeat Attendee,5,16,959.0,59.96,81,7
F049373,Phoenix,18-24,Repeat Attendee,6,19,959.0,50.46,58,7
F021607,Phoenix,25-34,Repeat Attendee,9,18,959.0,53.25,57,7
F056514,Phoenix,25-34,At-Risk Fan,6,19,959.0,50.45,87,7
F063054,Chandler,35-44,Repeat Attendee,7,20,958.0,47.92,84,7
F064692,Tucson,45-54,Repeat Attendee,8,17,958.0,56.37,60,7
F066064,Mesa,35-44,Repeat Attendee,6,20,958.0,47.92,100,7
F026107,Phoenix,45-54,Repeat Attendee,8,21,958.0,45.63,97,7
F017207,Peoria,35-44,Repeat Attendee,5,21,958.0,45.62,60,7
F024960,Gilbert,35-44,Repeat Attendee,7,20,957.0,47.84,59,7
F060870,Scottsdale,18-24,Repeat Attendee,9,21,956.0,45.54,73,7
F035362,Phoenix,25-34,Repeat Attendee,5,19,955.0,50.25,60,7
F032215,Scottsdale,45-54,Repeat Attendee,8,19,954.0,50.19,54,7
F038553,Mesa,35-44,Repeat Attendee,6,17,953.0,56.07,60,7
F052909,Scottsdale,45-54,Repeat Attendee,12,23,953.0,41.44,52,7
F036642,Tempe,35-44,Repeat Attendee,7,18,953.0,52.94,67,7
F020631,Gilbert,18-24,Repeat Attendee,7,22,953.0,43.31,97,7
F017468,Tempe,25-34,Repeat Attendee,7,20,953.0,47.63,60,7
F025949,Out of State,45-54,Repeat Attendee,9,21,952.0,45.35,100,7
F013395,Phoenix,45-54,Repeat Attendee,5,17,952.0,56.0,96,7
F009533,Phoenix,35-44,At-Risk Fan,6,17,952.0,55.98,83,7
F009870,Out of State,25-34,Repeat Attendee,8,19,951.0,50.07,80,7
F003160,Phoenix,18-24,Repeat Attendee,7,22,951.0,43.21,80,7
F008478,Gilbert,45-54,Repeat Attendee,7,17,950.0,55.88,80,7
F006071,Phoenix,25-34,Repeat Attendee,10,20,950.0,47.49,77,7
F036201,Mesa,18-24,Repeat Attendee,6,18,949.0,52.75,83,7
F045844,Phoenix,35-44,Repeat Attendee,8,19,949.0,49.95,60,7
F046773,Mesa,45-54,Repeat Attendee,6,20,949.0,47.43,100,7
F032682,Phoenix,35-44,Repeat Attendee,8,18,948.0,52.68,100,7
F003126,Mesa,18-24,Repeat Attendee,7,20,948.0,47.39,88,7
F033159,Tempe,18-24,Repeat Attendee,8,19,948.0,49.87,60,7
F067864,Mesa,25-34,Repeat Attendee,7,16,947.0,59.22,80,7
F061573,Chandler,25-34,Repeat Attendee,8,18,947.0,52.64,100,7
F003970,Scottsdale,25-34,Repeat Attendee,9,21,947.0,45.12,89,7
F047537,Out of State,18-24,Repeat Attendee,8,20,947.0,47.37,94,7
F041503,Tempe,25-34,Repeat Attendee,8,18,946.0,52.58,80,7
F016544,Phoenix,18-24,At-Risk Fan,9,19,946.0,49.81,77,7
F051886,Chandler,35-44,Repeat Attendee,7,22,946.0,43.01,60,7
F049175,Phoenix,45-54,Repeat Attendee,8,20,946.0,47.3,80,7
F050561,Scottsdale,35-44,Repeat Attendee,8,19,946.0,49.77,97,7
F044116,Phoenix,18-24,Repeat Attendee,9,17,945.0,55.62,93,7
F016914,Phoenix,45-54,Repeat Attendee,6,20,945.0,47.24,100,7
F065306,Chandler,25-34,At-Risk Fan,9,21,944.0,44.98,66,7
F071996,Glendale,55-64,Repeat Attendee,7,16,944.0,58.99,73,7
F066903,Phoenix,45-54,At-Risk Fan,7,18,944.0,52.43,83,7
F003234,Mesa,25-34,Repeat Attendee,7,19,943.0,49.63,57,7
F064194,Phoenix,25-34,Repeat Attendee,6,21,942.0,44.88,77,7
F048777,Phoenix,35-44,Repeat Attendee,7,18,942.0,52.35,87,7
F011759,Mesa,25-34,Repeat Attendee,6,19,942.0,49.59,91,7
F060713,Gilbert,55-64,Repeat Attendee,7,18,942.0,52.35,80,7
F046972,Scottsdale,25-34,At-Risk Fan,5,17,942.0,55.39,90,7
F063650,Tempe,35-44,Repeat Attendee,5,18,941.0,52.28,87,7
F009345,Scottsdale,35-44,At-Risk Fan,7,23,941.0,40.9,44,7
F068254,Peoria,35-44,Repeat Attendee,7,23,941.0,40.89,97,7
F051465,Gilbert,55-64,Repeat Attendee,6,17,940.0,55.31,56,7
F022249,Mesa,18-24,Repeat Attendee,6,18,940.0,52.23,60,7
F042368,Glendale,25-34,Repeat Attendee,7,17,939.0,55.26,70,7
F057002,Scottsdale,45-54,At-Risk Fan,6,17,939.0,55.25,80,7
F058203,Tempe,35-44,Repeat Attendee,5,17,938.0,55.16,82,7
F014119,Chandler,25-34,Repeat Attendee,7,20,938.0,46.88,57,7
F031959,Out of State,45-54,Repeat Attendee,6,18,938.0,52.09,60,7
F066454,Phoenix,35-44,Repeat Attendee,7,17,937.0,55.12,56,7
F028678,Gilbert,25-34,Repeat Attendee,7,21,937.0,44.61,100,7
F008235,Glendale,35-44,Repeat Attendee,8,20,936.0,46.82,81,7
F045976,Gilbert,35-44,Repeat Attendee,9,19,936.0,49.27,60,7
F040670,Mesa,18-24,At-Risk Fan,6,20,935.0,46.74,84,7
F031527,Phoenix,25-34,Repeat Attendee,8,20,935.0,46.73,54,7
F006827,Chandler,25-34,Repeat Attendee,7,19,934.0,49.17,57,7
F059339,Mesa,18-24,Repeat Attendee,7,16,934.0,58.38,60,7
F038181,Phoenix,45-54,Repeat Attendee,6,21,934.0,44.47,54,7
F010249,Out of State,45-54,Repeat Attendee,9,20,934.0,46.68,68,7
F040430,Chandler,45-54,Repeat Attendee,6,19,933.0,49.1,57,7
F005713,Phoenix,35-44,Repeat Attendee,10,19,932.0,49.07,100,7
F029216,Phoenix,45-54,At-Risk Fan,5,19,932.0,49.07,87,7
F038611,Scottsdale,25-34,Repeat Attendee,7,18,932.0,51.8,100,7
F038330,Out of State,45-54,Repeat Attendee,8,20,932.0,46.61,74,7
F008145,Mesa,35-44,Repeat Attendee,7,16,932.0,58.25,60,7
F061484,Tempe,18-24,Repeat Attendee,6,19,932.0,49.05,80,7
F015208,Phoenix,18-24,At-Risk Fan,11,21,932.0,44.38,54,7
F064364,Mesa,18-24,At-Risk Fan,5,19,930.0,48.95,73,7
F025040,Phoenix,25-34,Repeat Attendee,10,21,930.0,44.27,60,7
F019741,Phoenix,25-34,Repeat Attendee,8,20,929.0,46.45,81,7
F053009,Phoenix,35-44,At-Risk Fan,6,21,927.0,44.15,83,7
F036857,Scottsdale,35-44,Repeat Attendee,5,18,927.0,51.51,87,7
F012054,Phoenix,18-24,Repeat Attendee,6,20,927.0,46.33,60,7
F007669,Gilbert,18-24,Repeat Attendee,7,21,926.0,44.09,73,7
F008965,Gilbert,55-64,Repeat Attendee,6,20,925.0,46.27,100,8
F045303,Phoenix,35-44,At-Risk Fan,7,21,925.0,44.06,73,8
F037648,Phoenix,45-54,At-Risk Fan,7,20,925.0,46.24,77,8
F032110,Out of State,45-54,Repeat Attendee,7,16,924.0,57.77,100,8
F066566,Mesa,25-34,Repeat Attendee,5,16,924.0,57.75,73,8
F070118,Peoria,25-34,Repeat Attendee,7,16,924.0,57.75,79,8
F008884,Glendale,35-44,At-Risk Fan,9,20,924.0,46.2,45,8
F015296,Mesa,35-44,At-Risk Fan,8,20,923.0,46.17,60,8
F035050,Phoenix,35-44,Repeat Attendee,8,17,923.0,54.31,60,8
F041701,Chandler,25-34,Repeat Attendee,8,19,923.0,48.57,60,8
F046398,Phoenix,18-24,Repeat Attendee,6,18,923.0,51.25,100,8
F021978,Out of State,35-44,Repeat Attendee,8,23,922.0,40.11,87,8
F063222,Mesa,65+,Repeat Attendee,6,20,922.0,46.12,33,8
F050566,Mesa,35-44,Repeat Attendee,6,21,922.0,43.89,74,8
F039231,Glendale,35-44,Repeat Attendee,5,16,921.0,57.57,83,8
F024045,Phoenix,25-34,Repeat Attendee,8,19,921.0,48.48,100,8
F006867,Tucson,18-24,Repeat Attendee,6,18,921.0,51.15,60,8
F015960,Phoenix,35-44,Repeat Attendee,7,17,920.0,54.15,60,8
F022841,Scottsdale,35-44,Repeat Attendee,6,19,920.0,48.44,100,8
F045328,Glendale,35-44,Repeat Attendee,6,17,920.0,54.1,80,8
F046311,Peoria,25-34,At-Risk Fan,9,20,920.0,45.98,60,8
F025591,Phoenix,55-64,Repeat Attendee,5,16,920.0,57.47,45,8
F058473,Peoria,25-34,Repeat Attendee,7,17,919.0,54.08,100,8
F004246,Phoenix,18-24,Repeat Attendee,9,21,919.0,43.78,100,8
F021854,Phoenix,55-64,Repeat Attendee,8,21,919.0,43.77,51,8
F055080,Mesa,25-34,At-Risk Fan,5,16,917.0,57.33,70,8
F039275,Phoenix,25-34,Repeat Attendee,6,18,916.0,50.91,60,8
F004572,Peoria,55-64,Repeat Attendee,6,15,916.0,61.08,83,8
F034987,Mesa,45-54,Repeat Attendee,8,16,916.0,57.25,80,8
F054121,Glendale,18-24,At-Risk Fan,7,17,916.0,53.86,96,8
F061287,Phoenix,25-34,Repeat Attendee,7,18,915.0,50.85,57,8
F056981,Mesa,35-44,Repeat Attendee,5,19,915.0,48.17,100,8
F021437,Chandler,35-44,Repeat Attendee,6,19,915.0,48.15,100,8
F018996,Out of State,35-44,Repeat Attendee,8,18,914.0,50.78,73,8
F062368,Glendale,35-44,Repeat Attendee,6,17,914.0,53.75,60,8
F008160,Gilbert,18-24,Repeat Attendee,6,18,914.0,50.76,60,8
F054335,Gilbert,25-34,Repeat Attendee,7,17,914.0,53.74,63,8
F036423,Gilbert,45-54,Repeat Attendee,6,15,913.0,60.88,92,8
F053628,Gilbert,35-44,At-Risk Fan,7,21,913.0,43.45,87,8
F033891,Glendale,35-44,Repeat Attendee,7,20,913.0,45.63,60,8
F067227,Phoenix,25-34,Repeat Attendee,5,15,912.0,60.83,87,8
F056465,Chandler,45-54,Repeat Attendee,7,18,912.0,50.67,77,8
F020802,Phoenix,45-54,Repeat Attendee,5,16,912.0,57.01,100,8
F055354,Scottsdale,25-34,At-Risk Fan,5,19,912.0,48.0,70,8
F011037,Scottsdale,35-44,At-Risk Fan,6,16,912.0,56.98,76,8
F013378,Phoenix,25-34,At-Risk Fan,7,18,912.0,50.64,80,8
F036825,Scottsdale,35-44,Repeat Attendee,8,19,912.0,47.98,94,8
F048659,Phoenix,45-54,Repeat Attendee,7,16,912.0,56.97,56,8
F050229,Chandler,25-34,Repeat Attendee,8,19,911.0,47.95,80,8
F058403,Chandler,55-64,Repeat Attendee,8,19,911.0,47.93,71,8
F014494,Mesa,35-44,Repeat Attendee,11,19,910.0,47.91,51,8
F060939,Phoenix,25-34,Repeat Attendee,8,18,910.0,50.57,60,8
F047279,Gilbert,18-24,At-Risk Fan,5,17,910.0,53.53,63,8
F054378,Phoenix,55-64,Repeat Attendee,6,19,910.0,47.87,60,8
F031828,Tucson,35-44,At-Risk Fan,11,22,909.0,41.33,73,8
F023599,Mesa,45-54,Repeat Attendee,7,20,909.0,45.46,84,8
F006767,Chandler,25-34,Repeat Attendee,5,17,909.0,53.47,49,8
F018058,Mesa,18-24,Repeat Attendee,5,18,908.0,50.45,53,8
F013989,Gilbert,35-44,Repeat Attendee,8,19,908.0,47.78,57,8
F017552,Gilbert,25-34,At-Risk Fan,7,17,908.0,53.39,89,8
F059296,Phoenix,25-34,Repeat Attendee,5,16,908.0,56.73,41,8
F041327,Scottsdale,18-24,Repeat Attendee,10,21,907.0,43.17,54,8
F017379,Tucson,25-34,Repeat Attendee,7,18,906.0,50.34,53,8
F038865,Tucson,35-44,Repeat Attendee,7,16,906.0,56.62,89,8
F036940,Out of State,35-44,Repeat Attendee,5,18,906.0,50.31,83,8
F046870,Phoenix,45-54,Repeat Attendee,5,17,905.0,53.23,80,8
F012811,Phoenix,18-24,At-Risk Fan,8,19,904.0,47.58,70,8
F042095,Phoenix,45-54,Repeat Attendee,6,15,904.0,60.26,100,8
F003980,Out of State,18-24,Repeat Attendee,8,15,904.0,60.26,80,8
F042784,Out of State,25-34,Repeat Attendee,6,18,904.0,50.21,60,8
F064715,Phoenix,35-44,Repeat Attendee,6,19,904.0,47.55,74,8
F006618,Glendale,18-24,Repeat Attendee,7,20,903.0,45.15,82,8
F008216,Tempe,35-44,At-Risk Fan,7,19,902.0,47.47,70,8
F063922,Chandler,55-64,Repeat Attendee,7,18,901.0,50.07,97,8
F049975,Out of State,25-34,Repeat Attendee,6,18,901.0,50.05,40,8
F039958,Glendale,18-24,Repeat Attendee,5,16,901.0,56.3,52,8
F028929,Scottsdale,18-24,Repeat Attendee,7,19,901.0,47.4,54,8
F013070,Phoenix,45-54,Repeat Attendee,8,20,900.0,45.02,100,8
F006177,Tucson,25-34,Repeat Attendee,6,15,900.0,60.01,60,8
F039024,Phoenix,35-44,Repeat Attendee,8,18,900.0,50.0,77,8
F009645,Gilbert,25-34,Repeat Attendee,7,19,900.0,47.36,80,8
F013293,Phoenix,18-24,Repeat Attendee,8,18,900.0,49.99,80,8
F003125,Tempe,35-44,At-Risk Fan,5,16,900.0,56.23,70,8
F043515,Phoenix,35-44,Repeat Attendee,7,16,899.0,56.16,56,8
F064137,Scottsdale,18-24,Repeat Attendee,7,18,898.0,49.91,73,8
F030535,Gilbert,35-44,Repeat Attendee,8,19,898.0,47.25,100,8
F017567,Out of State,55-64,At-Risk Fan,7,18,898.0,49.86,68,8
F034136,Phoenix,65+,Repeat Attendee,6,17,897.0,52.77,90,8
F068745,Scottsdale,45-54,Repeat Attendee,7,16,897.0,56.05,73,8
F062827,Tempe,55-64,Repeat Attendee,5,14,897.0,64.05,100,8
F040141,Scottsdale,45-54,Repeat Attendee,6,18,897.0,49.81,27,8
F009828,Phoenix,18-24,Repeat Attendee,6,17,897.0,52.74,76,8
F066048,Phoenix,25-34,Repeat Attendee,7,18,897.0,49.81,77,8
F034083,Peoria,25-34,Repeat Attendee,8,17,896.0,52.7,100,8
F070994,Chandler,35-44,Repeat Attendee,9,21,896.0,42.65,94,8
F032707,Phoenix,55-64,Repeat Attendee,6,16,895.0,55.96,55,8
F023237,Phoenix,45-54,Repeat Attendee,5,16,894.0,55.88,96,8
F049333,Peoria,45-54,Repeat Attendee,7,17,894.0,52.57,53,8
F055569,Phoenix,55-64,Repeat Attendee,6,18,894.0,49.65,60,8
F058956,Phoenix,25-34,Repeat Attendee,7,17,893.0,52.54,56,8
F003551,Glendale,35-44,Repeat Attendee,6,20,893.0,44.64,48,8
F040346,Phoenix,45-54,Repeat Attendee,7,19,892.0,46.97,54,8
F047547,Out of State,35-44,Repeat Attendee,6,16,892.0,55.76,87,8
F051777,Chandler,25-34,Repeat Attendee,9,18,892.0,49.56,67,8
F018275,Tucson,35-44,Repeat Attendee,8,17,892.0,52.47,86,8
F049471,Chandler,25-34,Repeat Attendee,6,17,892.0,52.47,60,8
F009262,Phoenix,35-44,Repeat Attendee,7,16,891.0,55.69,41,8
F031557,Glendale,35-44,Repeat Attendee,6,20,891.0,44.55,60,8
F038378,Chandler,65+,Repeat Attendee,7,17,891.0,52.4,56,8
F042759,Phoenix,25-34,Repeat Attendee,6,18,890.0,49.47,73,8
F072077,Glendale,25-34,Repeat Attendee,10,17,890.0,52.36,100,8
F018981,Mesa,18-24,Repeat Attendee,8,17,890.0,52.35,66,8
F018090,Scottsdale,18-24,At-Risk Fan,6,16,890.0,55.61,100,8
F025202,Phoenix,18-24,Repeat Attendee,6,15,890.0,59.31,68,8
F037594,Phoenix,35-44,Repeat Attendee,7,19,889.0,46.81,51,8
F034535,Phoenix,35-44,Repeat Attendee,9,19,889.0,46.81,60,8
F005531,Tempe,25-34,Repeat Attendee,9,20,889.0,44.44,97,8
F049128,Phoenix,55-64,Repeat Attendee,6,15,889.0,59.25,60,8
F038171,Scottsdale,35-44,Repeat Attendee,6,17,888.0,52.22,66,8
F016707,Mesa,35-44,Repeat Attendee,6,18,888.0,49.32,70,8
F039871,Phoenix,45-54,Repeat Attendee,6,16,888.0,55.47,100,8
F054588,Peoria,25-34,Repeat Attendee,7,17,887.0,52.2,100,8
F036451,Mesa,35-44,Repeat Attendee,6,18,887.0,49.28,97,8
F038661,Gilbert,35-44,Repeat Attendee,7,15,887.0,59.14,86,8
F003136,Phoenix,25-34,Repeat Attendee,5,17,886.0,52.14,100,8
F014734,Phoenix,35-44,Repeat Attendee,5,16,884.0,55.27,79,8
F066394,Mesa,25-34,At-Risk Fan,8,17,883.0,51.96,80,8
F060044,Gilbert,35-44,At-Risk Fan,5,17,883.0,51.96,70,8
F010863,Out of State,25-34,Repeat Attendee,6,17,883.0,51.93,56,8
F014293,Gilbert,25-34,Repeat Attendee,6,16,883.0,55.17,80,8
F045105,Mesa,35-44,Repeat Attendee,6,15,882.0,58.82,52,8
F025225,Mesa,25-34,Repeat Attendee,9,18,882.0,49.02,97,8
F028778,Tempe,55-64,Repeat Attendee,6,17,882.0,51.89,86,8
F006130,Phoenix,25-34,Repeat Attendee,8,18,882.0,48.97,87,8
F016192,Peoria,55-64,Repeat Attendee,6,16,882.0,55.1,73,8
F069004,Tempe,35-44,At-Risk Fan,8,18,881.0,48.93,80,8
F035353,Glendale,35-44,Repeat Attendee,7,17,881.0,51.8,60,8
F071884,Mesa,35-44,At-Risk Fan,5,16,880.0,55.02,75,8
F030246,Phoenix,18-24,Repeat Attendee,6,16,880.0,55.01,52,8
F023255,Phoenix,35-44,At-Risk Fan,7,18,879.0,48.85,87,8
F036086,Phoenix,25-34,Repeat Attendee,6,14,879.0,62.81,80,8
F005905,Peoria,25-34,Repeat Attendee,8,20,878.0,43.9,88,8
F068786,Scottsdale,45-54,At-Risk Fan,6,19,877.0,46.14,94,8
F047541,Mesa,35-44,At-Risk Fan,9,21,876.0,41.7,84,8
F016203,Gilbert,18-24,Repeat Attendee,9,16,875.0,54.71,96,8
F024749,Phoenix,35-44,Repeat Attendee,5,21,875.0,41.68,43,8
F004223,Mesa,18-24,Repeat Attendee,7,16,875.0,54.69,80,8
F065088,Mesa,25-34,Repeat Attendee,7,15,875.0,58.34,87,8
F020556,Scottsdale,18-24,Repeat Attendee,6,15,875.0,58.32,87,8
F005963,Phoenix,35-44,Repeat Attendee,5,15,875.0,58.31,100,8
F022675,Phoenix,25-34,Repeat Attendee,5,15,875.0,58.31,87,8
F037059,Phoenix,35-44,Repeat Attendee,7,18,875.0,48.59,100,8
F057134,Mesa,18-24,Repeat Attendee,7,19,874.0,46.01,73,8
F045925,Glendale,25-34,At-Risk Fan,7,19,874.0,45.99,60,8
F054758,Chandler,25-34,Repeat Attendee,6,16,874.0,54.6,65,8
F028770,Phoenix,35-44,Repeat Attendee,6,17,874.0,51.39,100,8
F039625,Phoenix,35-44,Repeat Attendee,7,16,873.0,54.57,100,8
F065085,Tucson,25-34,Repeat Attendee,8,16,872.0,54.53,100,8
F024790,Scottsdale,35-44,At-Risk Fan,7,20,872.0,43.61,60,8
F048745,Gilbert,18-24,Repeat Attendee,6,18,872.0,48.44,40,8
F042362,Scottsdale,35-44,At-Risk Fan,6,17,872.0,51.28,73,8
F007363,Gilbert,35-44,At-Risk Fan,7,19,872.0,45.88,57,8
F067835,Out of State,45-54,Repeat Attendee,5,17,871.0,51.25,100,8
F063167,Tucson,25-34,Repeat Attendee,7,16,870.0,54.38,92,8
F068257,Scottsdale,25-34,Repeat Attendee,10,16,870.0,54.37,80,8
F066802,Chandler,35-44,Repeat Attendee,6,16,870.0,54.36,60,8
F038702,Scottsdale,35-44,Repeat Attendee,6,16,869.0,54.33,89,8
F053986,Phoenix,45-54,Repeat Attendee,8,19,869.0,45.73,87,8
F019313,Phoenix,45-54,At-Risk Fan,5,15,869.0,57.91,83,8
F042650,Out of State,18-24,Repeat Attendee,6,15,868.0,57.9,80,8
F064183,Glendale,35-44,Repeat Attendee,8,18,868.0,48.21,47,8
F006180,Phoenix,25-34,At-Risk Fan,6,18,868.0,48.21,47,8
F021041,Glendale,25-34,At-Risk Fan,7,18,868.0,48.2,80,8
F004194,Scottsdale,35-44,Repeat Attendee,8,18,868.0,48.2,60,8
F028570,Phoenix,18-24,Repeat Attendee,5,16,868.0,54.22,80,8
F069407,Phoenix,45-54,Repeat Attendee,6,17,867.0,51.02,60,8
F020661,Out of State,18-24,Repeat Attendee,5,15,867.0,57.82,52,8
F060042,Out of State,35-44,Repeat Attendee,7,17,867.0,51.0,100,8
F054925,Gilbert,35-44,Repeat Attendee,6,19,867.0,45.63,73,8
F041148,Phoenix,25-34,Repeat Attendee,5,19,867.0,45.63,84,8
F007929,Chandler,18-24,Repeat Attendee,7,17,866.0,50.95,53,8
F005669,Tucson,35-44,Repeat Attendee,6,15,866.0,57.73,60,8
F066150,Tempe,45-54,At-Risk Fan,7,19,866.0,45.56,90,8
F037294,Scottsdale,35-44,Repeat Attendee,6,14,866.0,61.83,54,8
F003608,Phoenix,25-34,Repeat Attendee,7,19,865.0,45.55,87,8
F049030,Phoenix,25-34,Repeat Attendee,6,16,865.0,54.09,38,8
F017470,Phoenix,25-34,Repeat Attendee,6,18,865.0,48.07,100,8
F064519,Scottsdale,45-54,Repeat Attendee,5,14,865.0,61.78,43,8
F014788,Peoria,18-24,Repeat Attendee,9,17,864.0,50.84,96,8
F057692,Tucson,18-24,Repeat Attendee,5,20,864.0,43.21,60,8
F003143,Phoenix,45-54,Repeat Attendee,7,16,863.0,53.94,80,8
F024702,Phoenix,18-24,At-Risk Fan,8,17,863.0,50.74,46,8
F028019,Peoria,35-44,Repeat Attendee,6,17,863.0,50.74,83,8
F033869,Phoenix,35-44,Repeat Attendee,5,17,862.0,50.73,79,8
F047020,Glendale,18-24,Repeat Attendee,6,17,862.0,50.72,96,8
F056043,Gilbert,55-64,Repeat Attendee,5,16,862.0,53.87,78,8
F016094,Phoenix,18-24,Repeat Attendee,7,18,862.0,47.88,84,8
F046695,Phoenix,18-24,Repeat Attendee,7,18,861.0,47.86,57,8
F025606,Scottsdale,45-54,Repeat Attendee,8,19,861.0,45.32,74,8
F046632,Peoria,45-54,Repeat Attendee,5,18,861.0,47.84,80,8
F064283,Peoria,25-34,Repeat Attendee,6,15,860.0,57.34,86,8
F023940,Phoenix,35-44,Repeat Attendee,5,15,859.0,57.29,48,8
F060473,Phoenix,35-44,Repeat Attendee,6,18,859.0,47.73,63,8
F065442,Mesa,18-24,Repeat Attendee,7,15,859.0,57.26,32,8
F010699,Glendale,35-44,Repeat Attendee,5,18,859.0,47.72,57,8
F023408,Scottsdale,25-34,Repeat Attendee,7,19,858.0,45.18,87,8
F004768,Peoria,35-44,Repeat Attendee,8,19,858.0,45.18,44,8
F031471,Phoenix,18-24,Repeat Attendee,6,19,858.0,45.17,57,8
F004488,Phoenix,45-54,Repeat Attendee,6,16,858.0,53.64,73,8
F022645,Phoenix,25-34,Repeat Attendee,5,16,858.0,53.62,73,8
F035069,Phoenix,25-34,Repeat Attendee,7,16,858.0,53.61,66,8
F059567,Phoenix,25-34,Repeat Attendee,7,15,858.0,57.18,83,8
F045642,Phoenix,35-44,Repeat Attendee,7,17,857.0,50.4,87,8
F018123,Phoenix,25-34,Repeat Attendee,7,17,857.0,50.4,73,8
F069383,Tempe,25-34,Repeat Attendee,7,16,856.0,53.52,85,8
F005297,Tempe,35-44,At-Risk Fan,6,17,856.0,50.37,60,8
F011463,Chandler,18-24,At-Risk Fan,7,20,856.0,42.82,75,8
F042116,Peoria,55-64,Repeat Attendee,7,16,855.0,53.46,70,8
F045945,Phoenix,35-44,Repeat Attendee,9,18,855.0,47.48,53,8
F058074,Tucson,18-24,At-Risk Fan,7,17,855.0,50.27,87,8
F047030,Mesa,45-54,At-Risk Fan,6,18,855.0,47.48,77,8
F046954,Phoenix,45-54,Repeat Attendee,8,20,854.0,42.72,51,8
F027417,Out of State,35-44,At-Risk Fan,6,18,854.0,47.46,100,8
F070896,Gilbert,25-34,Repeat Attendee,5,14,854.0,61.02,60,8
F004689,Out of State,25-34,Repeat Attendee,7,17,854.0,50.23,60,8
F054460,Tempe,25-34,Repeat Attendee,6,15,854.0,56.93,58,8
F065513,Mesa,18-24,Repeat Attendee,5,17,854.0,50.23,87,8
F062867,Phoenix,25-34,Repeat Attendee,8,18,854.0,47.43,83,8
F047212,Phoenix,25-34,Repeat Attendee,10,19,854.0,44.93,57,8
F015310,Chandler,25-34,Repeat Attendee,9,19,853.0,44.91,87,8
F028331,Phoenix,45-54,At-Risk Fan,8,18,853.0,47.39,53,8
F007357,Phoenix,35-44,At-Risk Fan,6,17,853.0,50.17,100,8
F014139,Phoenix,45-54,Repeat Attendee,6,18,852.0,47.36,80,8
F012711,Phoenix,18-24,Repeat Attendee,5,13,852.0,65.54,80,8
F047748,Phoenix,18-24,Repeat Attendee,7,22,851.0,38.7,60,8
F044569,Out of State,25-34,Repeat Attendee,5,15,851.0,56.73,100,8
F070303,Mesa,18-24,Repeat Attendee,7,17,851.0,50.05,76,8
F007078,Out of State,35-44,Repeat Attendee,5,15,851.0,56.73,87,8
F021207,Chandler,18-24,Repeat Attendee,6,21,850.0,40.49,80,8
F052242,Phoenix,35-44,Repeat Attendee,7,17,850.0,50.0,60,8
F047343,Chandler,45-54,Repeat Attendee,5,16,850.0,53.12,60,8
F030327,Peoria,55-64,Repeat Attendee,8,17,850.0,49.98,56,8
F038525,Phoenix,18-24,Repeat Attendee,7,18,849.0,47.19,77,8
F011598,Gilbert,45-54,Repeat Attendee,7,18,849.0,47.15,100,8
F044026,Scottsdale,18-24,Repeat Attendee,6,17,849.0,49.92,35,8
F039791,Gilbert,18-24,Repeat Attendee,5,17,849.0,49.91,83,8
F004299,Phoenix,18-24,Repeat Attendee,6,15,848.0,56.54,87,8
F067612,Tucson,35-44,Repeat Attendee,7,19,848.0,44.63,100,8
F035863,Mesa,18-24,Repeat Attendee,7,19,848.0,44.63,77,8
F028936,Tempe,45-54,Repeat Attendee,9,18,848.0,47.1,93,8
F013999,Phoenix,35-44,Repeat Attendee,7,16,848.0,52.97,60,8
F068992,Phoenix,18-24,At-Risk Fan,7,16,847.0,52.94,80,8
F049846,Out of State,25-34,Repeat Attendee,6,15,847.0,56.45,100,8
F033249,Mesa,18-24,Repeat Attendee,5,14,846.0,60.43,100,8
F042348,Phoenix,35-44,Repeat Attendee,5,16,846.0,52.87,60,8
F012907,Scottsdale,35-44,Repeat Attendee,7,16,846.0,52.87,65,8
F042922,Out of State,25-34,Repeat Attendee,7,19,846.0,44.52,87,8
F062112,Glendale,25-34,Repeat Attendee,5,16,845.0,52.83,88,8
F040526,Tempe,45-54,Repeat Attendee,7,20,844.0,42.21,70,8
F007476,Tempe,18-24,Repeat Attendee,8,17,844.0,49.64,76,8
F068121,Phoenix,35-44,At-Risk Fan,6,16,844.0,52.74,60,8
F066517,Phoenix,25-34,Repeat Attendee,7,18,844.0,46.86,87,8
F004054,Tucson,18-24,Repeat Attendee,7,15,844.0,56.23,100,8
F005264,Gilbert,25-34,Repeat Attendee,7,16,843.0,52.7,45,8
F034990,Peoria,45-54,Repeat Attendee,7,18,843.0,46.82,80,8
F044644,Out of State,25-34,Repeat Attendee,6,17,843.0,49.57,60,8
F013972,Scottsdale,45-54,Repeat Attendee,7,16,843.0,52.66,45,8
F072278,Phoenix,35-44,Repeat Attendee,5,17,842.0,49.55,87,8
F027141,Phoenix,55-64,Repeat Attendee,6,17,842.0,49.54,76,8
F009600,Scottsdale,35-44,Repeat Attendee,7,18,842.0,46.79,97,8
F035186,Glendale,35-44,Repeat Attendee,8,19,842.0,44.3,54,8
F030769,Out of State,25-34,Repeat Attendee,7,18,842.0,46.75,87,8
F026333,Scottsdale,55-64,Repeat Attendee,7,18,841.0,46.74,68,8
F070177,Phoenix,45-54,Repeat Attendee,7,15,841.0,56.08,79,8
F031570,Glendale,25-34,Repeat Attendee,8,18,841.0,46.73,97,8
F064081,Gilbert,18-24,Repeat Attendee,6,18,841.0,46.71,47,8
F012597,Phoenix,18-24,Repeat Attendee,7,19,840.0,44.23,77,8
F037087,Mesa,18-24,Repeat Attendee,7,16,840.0,52.5,60,8
F056496,Chandler,25-34,At-Risk Fan,5,18,840.0,46.64,100,8
F072082,Mesa,18-24,Repeat Attendee,6,18,839.0,46.62,67,8
F061351,Scottsdale,25-34,Repeat Attendee,7,15,839.0,55.93,73,8
F063915,Mesa,25-34,Repeat Attendee,6,18,839.0,46.61,80,8
F035702,Phoenix,18-24,Repeat Attendee,7,14,839.0,59.9,56,8
F027136,Tempe,45-54,Repeat Attendee,5,14,839.0,59.89,80,8
F037548,Glendale,25-34,Repeat Attendee,5,15,838.0,55.89,60,8
F047140,Out of State,45-54,Repeat Attendee,7,15,838.0,55.87,87,8
F036335,Tucson,35-44,Repeat Attendee,5,14,838.0,59.84,80,8
F061874,Scottsdale,25-34,Repeat Attendee,7,19,838.0,44.08,100,8
F021313,Mesa,45-54,Repeat Attendee,7,17,837.0,49.22,60,8
F046701,Mesa,18-24,Repeat Attendee,5,14,837.0,59.75,100,8
F021390,Tempe,25-34,Repeat Attendee,7,17,836.0,49.15,66,8
F011067,Phoenix,45-54,Repeat Attendee,7,16,835.0,52.2,78,8
F069494,Scottsdale,45-54,At-Risk Fan,5,16,835.0,52.16,73,8
F035654,Out of State,25-34,Repeat Attendee,5,15,834.0,55.62,76,8
F010010,Scottsdale,35-44,At-Risk Fan,5,16,834.0,52.13,60,8
F007575,Glendale,18-24,Repeat Attendee,8,18,833.0,46.3,93,8
F061460,Glendale,18-24,Repeat Attendee,6,15,833.0,55.55,92,8
F027647,Glendale,25-34,Repeat Attendee,7,15,833.0,55.53,60,8
F054104,Out of State,18-24,Repeat Attendee,5,14,833.0,59.48,100,8
F048146,Tucson,18-24,Repeat Attendee,8,21,832.0,39.63,84,8
F071297,Gilbert,25-34,Repeat Attendee,7,15,832.0,55.48,80,8
F007790,Peoria,45-54,Repeat Attendee,7,20,832.0,41.59,60,8
F033882,Chandler,35-44,Repeat Attendee,8,17,831.0,48.9,56,8
F055859,Glendale,45-54,Repeat Attendee,5,19,831.0,43.73,97,8
F005924,Mesa,45-54,Repeat Attendee,5,16,831.0,51.92,56,8
F072866,Phoenix,18-24,Repeat Attendee,7,15,831.0,55.37,56,8
F055901,Chandler,35-44,Repeat Attendee,7,17,830.0,48.82,96,8
F044374,Scottsdale,18-24,At-Risk Fan,6,18,830.0,46.11,80,8
F025038,Glendale,55-64,Repeat Attendee,6,17,830.0,48.81,80,8
F024730,Mesa,25-34,Repeat Attendee,5,18,830.0,46.09,100,8
F043914,Gilbert,18-24,Repeat Attendee,7,17,829.0,48.79,49,8
F034808,Peoria,45-54,Repeat Attendee,7,18,829.0,46.07,60,8
F052911,Tempe,35-44,Repeat Attendee,5,14,829.0,59.21,73,8
F058889,Phoenix,35-44,Repeat Attendee,7,17,828.0,48.72,60,8
F022341,Phoenix,35-44,At-Risk Fan,8,18,828.0,46.01,83,8
F069496,Tempe,25-34,At-Risk Fan,7,17,828.0,48.7,83,8
F021772,Gilbert,18-24,At-Risk Fan,7,18,828.0,45.98,100,8
F048982,Scottsdale,35-44,Repeat Attendee,6,15,827.0,55.16,88,8
F004280,Peoria,25-34,Repeat Attendee,5,17,827.0,48.66,96,8
F066836,Tempe,18-24,Repeat Attendee,6,14,827.0,59.08,87,8
F038699,Peoria,18-24,Repeat Attendee,6,14,827.0,59.05,100,8
F003838,Glendale,25-34,Repeat Attendee,6,16,826.0,51.62,56,8
F065106,Phoenix,35-44,At-Risk Fan,7,16,826.0,51.62,60,8
F060633,Phoenix,18-24,Repeat Attendee,5,14,826.0,58.99,51,8
F069298,Out of State,35-44,Repeat Attendee,5,17,826.0,48.57,96,8
F014589,Chandler,18-24,Repeat Attendee,7,16,825.0,51.59,87,8
F052374,Out of State,25-34,Repeat Attendee,5,15,825.0,55.03,76,8
F021236,Tempe,55-64,Repeat Attendee,8,15,825.0,55.02,96,8
F014385,Chandler,45-54,Repeat Attendee,6,15,825.0,55.01,48,8
F070282,Scottsdale,18-24,Repeat Attendee,5,17,825.0,48.53,56,8
F007315,Scottsdale,55-64,Repeat Attendee,5,15,825.0,54.97,100,8
F022303,Peoria,25-34,Repeat Attendee,5,13,825.0,63.42,87,8
F017781,Mesa,35-44,At-Risk Fan,8,17,824.0,48.5,80,8
F035639,Tucson,25-34,Repeat Attendee,9,19,824.0,43.36,57,8
F019384,Mesa,35-44,Repeat Attendee,6,18,823.0,45.73,73,8
F009715,Phoenix,25-34,At-Risk Fan,7,16,823.0,51.44,92,8
F044728,Out of State,18-24,Repeat Attendee,7,16,822.0,51.39,76,8
F040034,Mesa,35-44,Repeat Attendee,6,16,822.0,51.37,62,8
F034432,Phoenix,45-54,Repeat Attendee,6,15,822.0,54.8,90,8
F050091,Peoria,35-44,Repeat Attendee,6,15,822.0,54.77,72,8
F060621,Phoenix,35-44,Repeat Attendee,6,17,821.0,48.3,80,8
F049784,Phoenix,55-64,Repeat Attendee,6,15,821.0,54.74,73,8
F043334,Tempe,35-44,Repeat Attendee,7,17,821.0,48.28,66,8
F032757,Phoenix,45-54,Repeat Attendee,8,18,820.0,45.56,73,8
F017953,Tempe,25-34,At-Risk Fan,6,16,820.0,51.23,52,8
F009933,Gilbert,35-44,Repeat Attendee,6,16,819.0,51.21,60,8
F008161,Phoenix,45-54,Repeat Attendee,5,16,819.0,51.18,60,8
F013214,Phoenix,25-34,Repeat Attendee,6,13,819.0,62.97,80,8
F042541,Phoenix,45-54,Repeat Attendee,5,16,819.0,51.16,73,8
F027410,Mesa,55-64,Repeat Attendee,6,16,818.0,51.13,73,8
F027212,Scottsdale,35-44,Repeat Attendee,6,16,818.0,51.13,87,8
F053655,Scottsdale,25-34,At-Risk Fan,5,14,818.0,58.4,80,8
F059956,Glendale,45-54,Repeat Attendee,7,17,818.0,48.09,60,8
F039402,Mesa,35-44,Repeat Attendee,6,15,818.0,54.5,90,8
F052320,Phoenix,18-24,Repeat Attendee,5,15,817.0,54.5,88,8
F029103,Peoria,18-24,Repeat Attendee,6,16,817.0,51.05,57,8
F029022,Phoenix,25-34,Repeat Attendee,5,15,817.0,54.43,72,8
F034904,Out of State,25-34,At-Risk Fan,6,15,816.0,54.4,80,8
F007623,Mesa,25-34,Repeat Attendee,7,16,816.0,50.97,60,8
F030189,Gilbert,25-34,Repeat Attendee,5,14,816.0,58.25,71,8
F061439,Scottsdale,25-34,Repeat Attendee,5,14,815.0,58.24,100,8
F006946,Phoenix,35-44,Repeat Attendee,7,17,815.0,47.96,96,8
F034220,Phoenix,18-24,Repeat Attendee,7,17,815.0,47.96,73,8
F058402,Phoenix,18-24,Repeat Attendee,8,16,815.0,50.93,73,8
F028111,Chandler,18-24,Repeat Attendee,7,17,815.0,47.92,100,8
F056511,Phoenix,35-44,Repeat Attendee,7,18,815.0,45.25,80,8
F035095,Chandler,25-34,Repeat Attendee,5,16,815.0,50.91,65,8
F042290,Tempe,18-24,Repeat Attendee,7,16,814.0,50.88,62,8
F011499,Scottsdale,18-24,Repeat Attendee,5,15,814.0,54.27,100,8
F013393,Tucson,18-24,Repeat Attendee,8,18,814.0,45.22,93,8
F068216,Phoenix,18-24,Repeat Attendee,8,18,814.0,45.22,47,8
F038878,Phoenix,25-34,Repeat Attendee,5,13,814.0,62.6,51,8
F060470,Mesa,35-44,Repeat Attendee,8,18,814.0,45.21,53,8
F052699,Mesa,35-44,Repeat Attendee,7,16,814.0,50.86,52,8
F021463,Phoenix,45-54,Repeat Attendee,6,17,813.0,47.85,73,8
F048823,Scottsdale,18-24,Repeat Attendee,8,19,813.0,42.8,60,8
F004462,Out of State,35-44,Repeat Attendee,6,14,813.0,58.07,100,8
F047684,Tempe,45-54,Repeat Attendee,7,18,812.0,45.12,73,8
F015995,Tempe,45-54,At-Risk Fan,7,17,811.0,47.73,96,8
F024799,Chandler,45-54,Repeat Attendee,5,16,811.0,50.68,96,8
F017617,Phoenix,35-44,At-Risk Fan,5,15,811.0,54.05,83,8
F018565,Glendale,25-34,Repeat Attendee,6,15,811.0,54.04,100,8
F013960,Phoenix,45-54,At-Risk Fan,6,20,810.0,40.51,73,8
F041395,Chandler,18-24,Repeat Attendee,6,16,810.0,50.64,96,8
F072694,Chandler,35-44,Repeat Attendee,7,16,810.0,50.63,56,8
F020301,Out of State,18-24,Repeat Attendee,7,16,810.0,50.63,83,8
F003083,Mesa,18-24,Repeat Attendee,6,13,809.0,62.24,82,8
F002904,Mesa,25-34,Repeat Attendee,7,16,809.0,50.56,96,8
F041930,Phoenix,45-54,Repeat Attendee,5,17,809.0,47.58,80,8
F050400,Gilbert,45-54,Repeat Attendee,8,17,809.0,47.57,73,8
F005216,Tucson,25-34,At-Risk Fan,6,17,809.0,47.57,96,8
F050124,Scottsdale,18-24,Repeat Attendee,5,17,809.0,47.57,80,8
F067769,Phoenix,18-24,Repeat Attendee,6,15,808.0,53.89,65,8
F044386,Phoenix,25-34,Repeat Attendee,6,18,808.0,44.9,87,8
F041778,Phoenix,18-24,At-Risk Fan,6,17,808.0,47.53,87,8
F004374,Mesa,35-44,Repeat Attendee,5,17,808.0,47.52,60,8
F021815,Phoenix,35-44,Repeat Attendee,5,13,807.0,62.09,80,8
F006888,Out of State,18-24,Repeat Attendee,6,19,807.0,42.46,70,8
F030466,Glendale,35-44,Repeat Attendee,6,18,806.0,44.79,100,8
F020149,Peoria,35-44,Repeat Attendee,5,14,806.0,57.54,78,8
F007057,Tempe,25-34,Repeat Attendee,5,14,806.0,57.54,80,8
F060963,Chandler,25-34,Repeat Attendee,8,16,805.0,50.32,73,8
F022529,Chandler,25-34,Repeat Attendee,5,15,805.0,53.68,76,8
F034274,Peoria,45-54,Repeat Attendee,5,13,805.0,61.93,80,8
F065575,Peoria,25-34,At-Risk Fan,5,16,805.0,50.3,84,8
F004182,Scottsdale,35-44,Repeat Attendee,8,17,805.0,47.34,80,8
F067371,Phoenix,25-34,Repeat Attendee,6,16,805.0,50.3,96,8
F027040,Phoenix,18-24,Repeat Attendee,5,15,804.0,53.62,60,8
F024177,Scottsdale,45-54,Repeat Attendee,8,16,804.0,50.22,89,8
F061079,Scottsdale,45-54,Repeat Attendee,5,16,803.0,50.22,60,8
F036981,Glendale,45-54,Repeat Attendee,8,17,803.0,47.26,96,8
F070144,Mesa,25-34,Repeat Attendee,7,17,803.0,47.26,60,8
F008788,Phoenix,25-34,Repeat Attendee,6,18,803.0,44.63,83,8
F038055,Tempe,25-34,Repeat Attendee,5,13,803.0,61.79,87,8
F038717,Out of State,18-24,At-Risk Fan,6,17,803.0,47.24,73,8
F056572,Phoenix,55-64,Repeat Attendee,5,16,802.0,50.12,60,8
F068588,Phoenix,35-44,Repeat Attendee,5,15,802.0,53.44,60,8
F054072,Scottsdale,45-54,At-Risk Fan,5,14,802.0,57.25,60,8
F013355,Chandler,18-24,Repeat Attendee,7,17,801.0,47.11,87,8
F058751,Out of State,35-44,Repeat Attendee,8,17,801.0,47.1,100,8
F049672,Out of State,25-34,At-Risk Fan,6,19,800.0,42.13,80,8
F060515,Scottsdale,35-44,Repeat Attendee,7,15,800.0,53.34,60,8
F050615,Tucson,25-34,Repeat Attendee,7,17,800.0,47.07,66,8
F046219,Tempe,35-44,Repeat Attendee,6,15,800.0,53.34,100,8
F020527,Phoenix,25-34,Repeat Attendee,8,17,800.0,47.05,53,8
F072011,Phoenix,25-34,Repeat Attendee,5,13,800.0,61.51,87,8
F052226,Phoenix,55-64,Repeat Attendee,7,16,800.0,49.97,92,8
F011124,Phoenix,35-44,Repeat Attendee,7,18,799.0,44.39,53,8
F029609,Tempe,35-44,Repeat Attendee,7,16,799.0,49.93,80,8
F019566,Mesa,25-34,Repeat Attendee,5,16,798.0,49.88,60,8
F062860,Scottsdale,35-44,At-Risk Fan,5,14,798.0,56.99,91,8
F033917,Peoria,45-54,Repeat Attendee,5,15,798.0,53.19,72,8
F070800,Glendale,45-54,Repeat Attendee,5,16,798.0,49.86,100,8
F032303,Gilbert,25-34,Repeat Attendee,5,15,798.0,53.18,72,8
F054410,Gilbert,45-54,Repeat Attendee,5,15,798.0,53.17,56,8
F035309,Scottsdale,45-54,Repeat Attendee,6,19,798.0,41.98,87,8
F065023,Phoenix,35-44,Repeat Attendee,5,15,798.0,53.17,87,8
F009187,Peoria,18-24,Repeat Attendee,5,15,797.0,53.17,60,8
F016646,Glendale,25-34,Repeat Attendee,6,14,797.0,56.96,63,8
F017519,Chandler,18-24,Repeat Attendee,7,16,797.0,49.8,100,8
F031263,Glendale,18-24,Repeat Attendee,7,15,797.0,53.11,80,8
F049813,Scottsdale,65+,Repeat Attendee,6,14,797.0,56.9,80,8
F058086,Mesa,45-54,Repeat Attendee,6,15,796.0,53.08,76,8
F031395,Phoenix,35-44,Repeat Attendee,6,15,796.0,53.08,56,8
F052027,Phoenix,45-54,Repeat Attendee,8,16,796.0,49.76,75,8
F018650,Tucson,45-54,At-Risk Fan,5,13,796.0,61.21,51,8
F012186,Phoenix,25-34,Repeat Attendee,7,16,796.0,49.73,87,8
F030255,Gilbert,35-44,Repeat Attendee,6,17,795.0,46.75,87,8
F014828,Tempe,25-34,Repeat Attendee,6,17,795.0,46.75,83,8
F067289,Phoenix,25-34,Repeat Attendee,7,16,795.0,49.66,80,8
F022004,Mesa,25-34,Repeat Attendee,7,17,794.0,46.73,96,8
F019699,Phoenix,45-54,Repeat Attendee,7,15,793.0,52.89,72,8
F051845,Glendale,45-54,Repeat Attendee,6,18,793.0,44.07,100,8
F063382,Gilbert,55-64,Repeat Attendee,6,17,793.0,46.64,76,8
F062790,Phoenix,18-24,Repeat Attendee,6,15,793.0,52.85,60,8
F055885,Phoenix,25-34,Repeat Attendee,6,15,792.0,52.83,100,8
F039224,Phoenix,45-54,Repeat Attendee,6,16,792.0,49.52,100,8
F045492,Glendale,35-44,Repeat Attendee,6,16,792.0,49.5,60,8
F055079,Out of State,18-24,Repeat Attendee,7,16,792.0,49.48,92,8
F008150,Phoenix,45-54,Repeat Attendee,6,15,791.0,52.76,87,8
F005292,Phoenix,35-44,Repeat Attendee,6,14,791.0,56.51,60,8
F069427,Out of State,35-44,Repeat Attendee,6,15,791.0,52.74,40,8
F072649,Phoenix,45-54,Repeat Attendee,7,15,790.0,52.65,76,8
F023296,Mesa,35-44,Repeat Attendee,7,17,790.0,46.45,53,8
F052399,Phoenix,45-54,Repeat Attendee,5,16,789.0,49.33,73,8
F071578,Tempe,18-24,Repeat Attendee,6,15,789.0,52.61,69,8
F061976,Tempe,35-44,At-Risk Fan,6,14,789.0,56.36,100,8
F021299,Tempe,18-24,Repeat Attendee,6,16,789.0,49.29,76,8
F046665,Scottsdale,25-34,Repeat Attendee,6,15,788.0,52.55,48,8
F064614,Chandler,18-24,Repeat Attendee,6,16,788.0,49.26,60,8
F022569,Chandler,55-64,Repeat Attendee,6,16,788.0,49.23,60,8
F018414,Gilbert,18-24,Repeat Attendee,5,16,787.0,49.21,38,8
F025214,Chandler,45-54,At-Risk Fan,5,16,787.0,49.16,80,8
F045933,Scottsdale,35-44,At-Risk Fan,6,15,787.0,52.43,72,8
F005432,Peoria,25-34,Repeat Attendee,6,15,786.0,52.38,60,8
F037252,Tempe,35-44,Repeat Attendee,6,17,785.0,46.2,60,8
F042987,Phoenix,35-44,Repeat Attendee,5,17,785.0,46.17,100,8
F032061,Phoenix,18-24,Repeat Attendee,7,14,785.0,56.05,60,8
F069182,Phoenix,45-54,Repeat Attendee,8,18,785.0,43.59,80,8
F047006,Scottsdale,25-34,Repeat Attendee,5,14,785.0,56.04,78,8
F055053,Mesa,35-44,At-Risk Fan,8,18,784.0,43.55,97,8
F004592,Chandler,35-44,Repeat Attendee,6,16,784.0,48.98,60,8
F052494,Gilbert,25-34,Repeat Attendee,7,18,784.0,43.53,63,8
F037076,Phoenix,25-34,At-Risk Fan,5,14,783.0,55.95,74,8
F017219,Chandler,45-54,Repeat Attendee,5,14,783.0,55.92,96,8
F004841,Mesa,45-54,Repeat Attendee,5,14,783.0,55.91,100,8
F022465,Scottsdale,25-34,Repeat Attendee,7,18,783.0,43.48,87,8
F004480,Phoenix,35-44,Repeat Attendee,6,17,782.0,46.02,100,8
F037318,Phoenix,25-34,Repeat Attendee,6,15,782.0,52.13,76,8
F022400,Glendale,18-24,Repeat Attendee,6,15,782.0,52.11,83,8
F032652,Glendale,25-34,Repeat Attendee,7,15,782.0,52.1,56,8
F012512,Tucson,25-34,Repeat Attendee,9,17,781.0,45.97,76,8
F063899,Phoenix,25-34,Repeat Attendee,6,17,781.0,45.97,90,8
F005328,Scottsdale,45-54,Repeat Attendee,6,17,781.0,45.93,56,8
F012942,Scottsdale,18-24,At-Risk Fan,5,15,781.0,52.05,79,8
F072248,Tempe,35-44,Repeat Attendee,6,18,781.0,43.37,73,8
F009769,Mesa,25-34,Repeat Attendee,6,19,781.0,41.09,100,8
F067989,Tempe,35-44,Repeat Attendee,5,14,780.0,55.73,56,8
F019156,Glendale,35-44,At-Risk Fan,6,17,780.0,45.89,86,8
F046890,Glendale,35-44,Repeat Attendee,6,15,780.0,52.01,60,8
F037103,Tucson,35-44,Repeat Attendee,6,13,780.0,59.97,100,8
F060708,Phoenix,45-54,At-Risk Fan,5,17,779.0,45.85,76,8
F044892,Scottsdale,35-44,At-Risk Fan,6,15,779.0,51.93,90,8
F039041,Phoenix,45-54,Repeat Attendee,5,12,779.0,64.88,60,8
F014101,Phoenix,45-54,Repeat Attendee,8,17,778.0,45.77,73,8
F004766,Phoenix,65+,Repeat Attendee,5,16,778.0,48.62,56,8
F005044,Chandler,35-44,Repeat Attendee,6,15,778.0,51.85,73,8
F066268,Phoenix,25-34,Repeat Attendee,6,16,778.0,48.61,65,8
F028426,Scottsdale,25-34,At-Risk Fan,7,15,778.0,51.85,100,8
F064133,Chandler,25-34,Repeat Attendee,5,14,778.0,55.55,60,8
F021683,Gilbert,25-34,At-Risk Fan,7,16,778.0,48.6,60,8
F029618,Scottsdale,25-34,At-Risk Fan,6,14,778.0,55.54,100,8
F058069,Tucson,18-24,Repeat Attendee,7,18,777.0,43.19,60,8
F064010,Chandler,18-24,At-Risk Fan,5,16,777.0,48.58,96,8
F058744,Peoria,35-44,Repeat Attendee,6,14,777.0,55.5,100,8
F037158,Phoenix,35-44,Repeat Attendee,7,15,777.0,51.78,96,8
F031026,Mesa,18-24,Repeat Attendee,7,15,777.0,51.77,52,8
F035704,Out of State,25-34,Repeat Attendee,5,13,776.0,59.73,100,8
F016558,Out of State,18-24,Repeat Attendee,6,14,776.0,55.46,51,8
F072646,Out of State,18-24,Repeat Attendee,6,16,776.0,48.51,100,8
F042083,Glendale,45-54,Repeat Attendee,8,15,776.0,51.73,84,8
F031066,Phoenix,25-34,Repeat Attendee,6,17,776.0,45.64,73,8
F063563,Phoenix,45-54,Repeat Attendee,5,16,776.0,48.49,100,8
F004585,Scottsdale,45-54,Repeat Attendee,6,16,775.0,48.43,85,8
F072351,Phoenix,25-34,Repeat Attendee,6,17,774.0,45.54,87,8
F046378,Peoria,25-34,Repeat Attendee,7,16,774.0,48.38,45,8
F019241,Phoenix,25-34,Repeat Attendee,6,15,774.0,51.59,60,8
F036225,Tempe,18-24,Repeat Attendee,6,18,774.0,42.98,90,8
F065542,Scottsdale,25-34,Repeat Attendee,8,17,774.0,45.51,73,8
F046231,Out of State,45-54,Repeat Attendee,6,16,773.0,48.34,87,8
F066343,Gilbert,18-24,Repeat Attendee,7,16,773.0,48.34,82,8
F028900,Chandler,25-34,Repeat Attendee,6,15,773.0,51.56,80,8
F057525,Phoenix,25-34,At-Risk Fan,5,17,773.0,45.49,73,8
F013465,Mesa,35-44,Repeat Attendee,5,15,773.0,51.54,100,8
F058961,Out of State,35-44,Repeat Attendee,7,16,773.0,48.3,56,8
F022172,Phoenix,25-34,Repeat Attendee,7,16,773.0,48.29,56,8
F044100,Out of State,25-34,Repeat Attendee,6,15,772.0,51.49,60,8
F036099,Peoria,35-44,Repeat Attendee,6,17,772.0,45.42,87,8
F072886,Mesa,18-24,Repeat Attendee,5,15,772.0,51.47,44,8
F011881,Phoenix,35-44,Repeat Attendee,5,14,772.0,55.14,60,8
F068604,Phoenix,55-64,Repeat Attendee,8,17,772.0,45.39,60,8
F034869,Scottsdale,25-34,Repeat Attendee,5,15,771.0,51.41,84,8
F072133,Phoenix,35-44,Repeat Attendee,5,15,771.0,51.39,52,8
F027269,Phoenix,35-44,At-Risk Fan,6,17,770.0,45.27,66,8
F059587,Tempe,35-44,Repeat Attendee,6,16,769.0,48.09,60,8
F020381,Scottsdale,25-34,Repeat Attendee,7,15,769.0,51.3,87,8
F014083,Phoenix,45-54,Repeat Attendee,5,16,769.0,48.04,34,8
F009337,Chandler,45-54,Repeat Attendee,5,16,768.0,48.0,70,8
F025043,Phoenix,35-44,Repeat Attendee,6,14,768.0,54.85,96,8
F069130,Phoenix,18-24,Repeat Attendee,7,16,768.0,47.99,80,8
F013718,Tempe,55-64,Repeat Attendee,7,16,768.0,47.99,52,8
F035106,Gilbert,35-44,Repeat Attendee,8,17,767.0,45.14,60,8
F004238,Tempe,18-24,Repeat Attendee,6,14,767.0,54.77,56,8
F017168,Phoenix,35-44,At-Risk Fan,6,15,767.0,51.11,80,8
F015616,Mesa,25-34,Repeat Attendee,9,15,766.0,51.06,52,8
F038126,Mesa,55-64,At-Risk Fan,7,19,766.0,40.3,100,8
F047521,Out of State,35-44,Repeat Attendee,5,16,766.0,47.84,80,8
F048368,Mesa,25-34,Repeat Attendee,6,16,765.0,47.83,96,8
F047507,Gilbert,55-64,Repeat Attendee,5,20,765.0,38.24,80,8
F003728,Phoenix,45-54,Repeat Attendee,7,16,765.0,47.79,87,8
F047677,Gilbert,18-24,Repeat Attendee,5,14,764.0,54.59,87,8
F062565,Phoenix,25-34,Repeat Attendee,6,15,764.0,50.94,60,8
F023844,Tempe,35-44,Repeat Attendee,6,18,764.0,42.45,100,8
F041734,Glendale,18-24,Repeat Attendee,8,20,764.0,38.18,57,8
F029935,Scottsdale,18-24,Repeat Attendee,7,17,763.0,44.9,53,8
F058528,Phoenix,35-44,Repeat Attendee,6,17,763.0,44.89,100,8
F041758,Phoenix,18-24,Repeat Attendee,7,18,763.0,42.39,57,8
F017387,Chandler,45-54,At-Risk Fan,5,15,763.0,50.85,84,8
F019291,Mesa,25-34,Repeat Attendee,5,13,763.0,58.67,51,8
F070824,Chandler,35-44,At-Risk Fan,7,14,763.0,54.47,100,8
F050801,Phoenix,35-44,Repeat Attendee,6,16,762.0,47.65,100,8
F025424,Phoenix,25-34,Repeat Attendee,7,16,762.0,47.64,68,8
F031737,Peoria,25-34,Repeat Attendee,5,13,762.0,58.61,100,8
F040420,Tempe,25-34,Repeat Attendee,6,16,762.0,47.6,69,8
F014295,Phoenix,35-44,Repeat Attendee,6,16,762.0,47.6,49,8
F011101,Phoenix,25-34,Repeat Attendee,5,13,761.0,58.57,60,8
F020389,Phoenix,25-34,Repeat Attendee,6,14,761.0,54.38,60,8
F028102,Scottsdale,25-34,Repeat Attendee,6,15,761.0,50.72,80,8
F060521,Scottsdale,35-44,Repeat Attendee,7,17,761.0,44.75,80,8
F061106,Phoenix,18-24,Repeat Attendee,5,16,760.0,47.53,89,8
F071139,Glendale,18-24,Repeat Attendee,6,16,760.0,47.5,52,9
F050339,Tempe,18-24,Repeat Attendee,7,18,759.0,42.18,70,9
F033749,Glendale,35-44,Repeat Attendee,8,16,759.0,47.45,72,9
F039196,Phoenix,25-34,Repeat Attendee,6,18,759.0,42.17,80,9
F029902,Phoenix,18-24,Repeat Attendee,7,17,758.0,44.6,80,9
F006216,Peoria,18-24,Repeat Attendee,6,14,758.0,54.15,91,9
F032686,Peoria,65+,Repeat Attendee,6,15,758.0,50.51,60,9
F061902,Phoenix,45-54,Repeat Attendee,5,17,758.0,44.56,46,9
F029501,Phoenix,25-34,Repeat Attendee,5,14,757.0,54.07,51,9
F022223,Glendale,35-44,At-Risk Fan,8,17,757.0,44.53,70,9
F031413,Phoenix,18-24,Repeat Attendee,5,18,757.0,42.04,57,9
F030114,Phoenix,25-34,Repeat Attendee,7,15,756.0,50.4,84,9
F044929,Phoenix,18-24,Repeat Attendee,7,12,756.0,62.99,55,9
F071209,Scottsdale,25-34,Repeat Attendee,6,15,756.0,50.38,88,9
F065059,Gilbert,18-24,Repeat Attendee,7,16,755.0,47.2,62,9
F025298,Out of State,35-44,Repeat Attendee,5,15,754.0,50.29,83,9
F061053,Phoenix,45-54,Repeat Attendee,5,15,754.0,50.27,60,9
F064241,Phoenix,35-44,Repeat Attendee,5,14,754.0,53.85,100,9
F006884,Phoenix,55-64,Repeat Attendee,7,17,754.0,44.34,80,9
F072132,Peoria,18-24,Repeat Attendee,6,15,754.0,50.25,80,9
F012109,Phoenix,25-34,Repeat Attendee,6,15,753.0,50.22,72,9
F048735,Out of State,55-64,Repeat Attendee,7,15,752.0,50.15,52,9
F012347,Out of State,35-44,Repeat Attendee,6,16,752.0,47.01,87,9
F043998,Chandler,35-44,Repeat Attendee,6,16,752.0,47.01,96,9
F065717,Scottsdale,25-34,Repeat Attendee,5,13,752.0,57.83,87,9
F015884,Phoenix,25-34,Repeat Attendee,5,14,752.0,53.7,60,9
F064660,Tempe,18-24,Repeat Attendee,6,17,752.0,44.23,73,9
F008086,Glendale,18-24,Repeat Attendee,5,14,752.0,53.7,59,9
F015814,Glendale,25-34,Repeat Attendee,5,16,752.0,46.98,96,9
F056457,Mesa,25-34,At-Risk Fan,7,17,751.0,44.2,100,9
F003674,Scottsdale,45-54,At-Risk Fan,7,15,751.0,50.09,68,9
F054337,Peoria,35-44,Repeat Attendee,6,13,751.0,57.79,100,9
F012773,Gilbert,18-24,Repeat Attendee,6,17,751.0,44.17,96,9
F060758,Phoenix,25-34,At-Risk Fan,8,17,751.0,44.17,82,9
F072211,Glendale,35-44,Repeat Attendee,5,15,750.0,50.0,100,9
F038016,Glendale,45-54,Repeat Attendee,5,15,750.0,50.0,96,9
F059582,Peoria,25-34,Repeat Attendee,8,16,750.0,46.86,60,9
F069370,Phoenix,25-34,Repeat Attendee,5,15,750.0,49.97,100,9
F027788,Phoenix,35-44,Repeat Attendee,6,14,750.0,53.54,96,9
F030636,Phoenix,18-24,Repeat Attendee,6,15,749.0,49.92,92,9
F033962,Peoria,25-34,At-Risk Fan,5,16,749.0,46.79,45,9
F006638,Out of State,18-24,Repeat Attendee,6,15,749.0,49.91,87,9
F022274,Glendale,35-44,Repeat Attendee,6,13,748.0,57.55,80,9
F014866,Chandler,45-54,Repeat Attendee,7,15,748.0,49.86,52,9
F009541,Mesa,35-44,Repeat Attendee,6,16,748.0,46.74,83,9
F015969,Scottsdale,35-44,Repeat Attendee,5,15,748.0,49.84,92,9
F014492,Phoenix,45-54,At-Risk Fan,7,16,747.0,46.71,73,9
F026532,Phoenix,18-24,Repeat Attendee,7,17,747.0,43.94,60,9
F034415,Tempe,18-24,At-Risk Fan,5,14,747.0,53.33,90,9
F016667,Phoenix,25-34,At-Risk Fan,5,17,746.0,43.91,43,9
F062636,Phoenix,25-34,Repeat Attendee,5,16,746.0,46.65,80,9
F032570,Gilbert,18-24,Repeat Attendee,9,15,746.0,49.73,56,9
F071243,Phoenix,25-34,Repeat Attendee,5,17,745.0,43.84,96,9
F010248,Peoria,18-24,At-Risk Fan,6,15,745.0,49.68,80,9
F024306,Glendale,25-34,Repeat Attendee,5,16,745.0,46.56,100,9
F038714,Chandler,25-34,Repeat Attendee,5,12,745.0,62.08,55,9
F014007,Scottsdale,25-34,Repeat Attendee,5,14,745.0,53.21,73,9
F032038,Phoenix,25-34,Repeat Attendee,5,15,745.0,49.64,56,9
F032260,Scottsdale,25-34,Repeat Attendee,8,17,745.0,43.79,53,9
F069101,Chandler,25-34,At-Risk Fan,6,14,744.0,53.13,70,9
F020553,Tempe,18-24,Repeat Attendee,5,14,744.0,53.12,84,9
F015555,Out of State,18-24,Repeat Attendee,5,16,744.0,46.48,52,9
F059922,Phoenix,35-44,At-Risk Fan,5,14,743.0,53.08,60,9
F049744,Phoenix,35-44,Repeat Attendee,7,15,743.0,49.54,52,9
F043684,Mesa,18-24,Repeat Attendee,6,16,743.0,46.43,56,9
F064250,Mesa,18-24,Repeat Attendee,7,19,742.0,39.08,87,9
F065139,Scottsdale,25-34,Repeat Attendee,6,15,742.0,49.46,70,9
F010476,Mesa,35-44,At-Risk Fan,5,14,742.0,52.97,60,9
F065947,Phoenix,18-24,Repeat Attendee,7,16,741.0,46.33,41,9
F042354,Out of State,45-54,At-Risk Fan,5,16,741.0,46.32,60,9
F050293,Tempe,25-34,Repeat Attendee,6,14,741.0,52.93,100,9
F055545,Mesa,55-64,At-Risk Fan,7,15,741.0,49.39,70,9
F015514,Phoenix,18-24,Repeat Attendee,6,15,741.0,49.38,56,9
F072579,Scottsdale,35-44,Repeat Attendee,5,13,740.0,56.96,73,9
F029557,Phoenix,18-24,Repeat Attendee,6,15,740.0,49.36,87,9
F035656,Gilbert,18-24,Repeat Attendee,8,18,740.0,41.13,60,9
F021829,Phoenix,35-44,Repeat Attendee,6,16,740.0,46.23,56,9
F054185,Phoenix,18-24,Repeat Attendee,5,13,739.0,56.88,73,9
F058951,Scottsdale,25-34,Repeat Attendee,5,20,739.0,36.97,77,9
F056916,Glendale,45-54,At-Risk Fan,7,18,739.0,41.07,57,9
F022415,Phoenix,35-44,At-Risk Fan,5,14,739.0,52.79,82,9
F066570,Phoenix,18-24,Repeat Attendee,6,14,739.0,52.79,60,9
F039264,Mesa,35-44,Repeat Attendee,7,17,739.0,43.47,70,9
F010981,Phoenix,25-34,Repeat Attendee,5,13,738.0,56.78,75,9
F066389,Mesa,55-64,At-Risk Fan,7,14,737.0,52.66,91,9
F040916,Scottsdale,35-44,Repeat Attendee,6,14,737.0,52.66,34,9
F049021,Phoenix,35-44,Repeat Attendee,5,16,737.0,46.06,85,9
F024122,Mesa,55-64,Repeat Attendee,5,15,737.0,49.12,80,9
F034261,Mesa,18-24,Repeat Attendee,6,15,737.0,49.11,72,9
F068482,Phoenix,35-44,Repeat Attendee,5,16,737.0,46.03,60,9
F025784,Peoria,18-24,At-Risk Fan,6,13,736.0,56.63,100,9
F059323,Phoenix,35-44,Repeat Attendee,6,13,736.0,56.63,100,9
F050171,Tucson,18-24,Repeat Attendee,7,14,736.0,52.58,96,9
F026243,Tempe,55-64,Repeat Attendee,6,14,736.0,52.57,80,9
F004455,Phoenix,25-34,Repeat Attendee,6,16,735.0,45.94,83,9
F032270,Phoenix,35-44,Repeat Attendee,5,14,735.0,52.48,65,9
F055585,Tucson,45-54,Repeat Attendee,6,16,734.0,45.91,49,9
F026743,Out of State,35-44,Repeat Attendee,7,16,734.0,45.89,80,9
F036139,Chandler,18-24,At-Risk Fan,6,14,734.0,52.44,60,9
F018872,Phoenix,25-34,Repeat Attendee,5,12,734.0,61.18,100,9
F026189,Peoria,35-44,Repeat Attendee,7,16,734.0,45.87,69,9
F012129,Chandler,35-44,Repeat Attendee,5,12,734.0,61.13,65,9
F054607,Chandler,45-54,Repeat Attendee,6,17,733.0,43.14,60,9
F058534,Out of State,55-64,Repeat Attendee,6,16,733.0,45.82,60,9
F021196,Phoenix,25-34,Repeat Attendee,7,17,733.0,43.13,80,9
F004334,Out of State,45-54,Repeat Attendee,6,17,733.0,43.11,90,9
F039117,Tucson,45-54,At-Risk Fan,7,17,733.0,43.11,70,9
F044213,Phoenix,35-44,Repeat Attendee,6,13,733.0,56.37,86,9
F065174,Scottsdale,55-64,Repeat Attendee,5,14,733.0,52.33,73,9
F031078,Phoenix,35-44,Repeat Attendee,5,14,733.0,52.33,76,9
F070697,Phoenix,35-44,Repeat Attendee,7,14,732.0,52.27,96,9
F065277,Phoenix,35-44,At-Risk Fan,6,13,732.0,56.28,100,9
F006316,Tempe,35-44,Repeat Attendee,5,13,731.0,56.23,87,9
F003421,Tempe,35-44,Repeat Attendee,6,17,731.0,42.98,53,9
F056387,Mesa,35-44,Repeat Attendee,6,13,731.0,56.2,95,9
F032776,Out of State,45-54,Repeat Attendee,6,18,731.0,40.59,57,9
F038482,Mesa,18-24,Repeat Attendee,5,13,730.0,56.19,60,9
F016697,Out of State,25-34,Repeat Attendee,6,17,730.0,42.96,56,9
F050144,Tempe,25-34,Repeat Attendee,5,14,730.0,52.13,56,9
F050050,Gilbert,25-34,Repeat Attendee,5,14,730.0,52.13,87,9
F047039,Peoria,35-44,Repeat Attendee,7,15,729.0,48.63,92,9
F003863,Tempe,18-24,Repeat Attendee,6,14,729.0,52.09,80,9
F024448,Phoenix,45-54,At-Risk Fan,5,16,728.0,45.53,69,9
F032062,Tucson,25-34,Repeat Attendee,6,13,728.0,56.03,60,9
F034397,Tucson,65+,Repeat Attendee,7,17,728.0,42.85,96,9
F064177,Gilbert,18-24,Repeat Attendee,5,17,728.0,42.83,90,9
F027512,Out of State,35-44,At-Risk Fan,5,12,728.0,60.67,80,9
F052023,Phoenix,18-24,Repeat Attendee,5,13,728.0,56.0,90,9
F039797,Phoenix,45-54,Repeat Attendee,6,15,728.0,48.52,56,9
F027890,Scottsdale,18-24,Repeat Attendee,5,15,728.0,48.52,56,9
F038031,Out of State,45-54,Repeat Attendee,6,18,728.0,40.43,100,9
F015475,Out of State,45-54,Repeat Attendee,5,16,727.0,45.47,80,9
F022881,Scottsdale,25-34,At-Risk Fan,5,14,727.0,51.94,76,9
F042260,Phoenix,25-34,At-Risk Fan,7,15,727.0,48.47,100,9
F056454,Tempe,35-44,Repeat Attendee,5,13,727.0,55.92,80,9
F053864,Tempe,25-34,Repeat Attendee,6,15,727.0,48.46,76,9
F042263,Glendale,35-44,Repeat Attendee,5,16,727.0,45.42,51,9
F047645,Glendale,45-54,Repeat Attendee,6,18,726.0,40.33,87,9
F020915,Phoenix,25-34,Repeat Attendee,7,16,726.0,45.35,56,9
F012621,Out of State,35-44,Repeat Attendee,5,16,725.0,45.34,60,9
F029970,Phoenix,25-34,Repeat Attendee,7,15,725.0,48.34,60,9
F047284,Peoria,25-34,Repeat Attendee,7,15,725.0,48.32,87,9
F054783,Phoenix,18-24,Repeat Attendee,5,15,725.0,48.32,90,9
F065492,Tempe,35-44,Repeat Attendee,7,15,725.0,48.31,60,9
F067580,Phoenix,25-34,Repeat Attendee,6,12,725.0,60.39,70,9
F004735,Phoenix,55-64,Repeat Attendee,5,14,725.0,51.75,51,9
F017440,Out of State,35-44,Repeat Attendee,5,12,724.0,60.34,100,9
F049520,Peoria,18-24,Repeat Attendee,5,16,724.0,45.25,70,9
F057809,Chandler,35-44,At-Risk Fan,7,15,723.0,48.23,82,9
F020762,Phoenix,35-44,At-Risk Fan,5,13,723.0,55.64,91,9
F016510,Phoenix,25-34,Repeat Attendee,7,16,723.0,45.17,80,9
F003930,Chandler,35-44,Repeat Attendee,7,17,723.0,42.5,90,9
F018319,Phoenix,18-24,Repeat Attendee,5,14,722.0,51.59,84,9
F041306,Glendale,25-34,Repeat Attendee,6,14,721.0,51.5,96,9
F029847,Tempe,25-34,Repeat Attendee,5,15,721.0,48.03,80,9
F031053,Phoenix,25-34,Repeat Attendee,5,18,720.0,39.99,60,9
F042240,Mesa,55-64,Repeat Attendee,7,17,720.0,42.33,72,9
F008035,Tempe,18-24,Repeat Attendee,5,12,720.0,59.97,73,9
F027328,Mesa,18-24,Repeat Attendee,6,13,719.0,55.35,51,9
F035088,Mesa,35-44,Repeat Attendee,5,16,719.0,44.96,60,9
F028742,Phoenix,35-44,Repeat Attendee,7,15,719.0,47.94,56,9
F028558,Glendale,18-24,Repeat Attendee,7,14,719.0,51.35,56,9
F033060,Out of State,25-34,At-Risk Fan,5,16,719.0,44.91,73,9
F044776,Tucson,55-64,Repeat Attendee,7,15,718.0,47.88,80,9
F068620,Phoenix,25-34,Repeat Attendee,5,15,718.0,47.88,80,9
F057365,Glendale,35-44,Repeat Attendee,6,15,718.0,47.86,60,9
F063275,Gilbert,45-54,At-Risk Fan,7,14,718.0,51.26,70,9
F013681,Phoenix,45-54,Repeat Attendee,7,15,717.0,47.81,96,9
F057156,Phoenix,35-44,At-Risk Fan,6,15,717.0,47.78,60,9
F067084,Scottsdale,25-34,Repeat Attendee,6,13,717.0,55.13,100,9
F048730,Gilbert,55-64,Repeat Attendee,6,16,716.0,44.78,100,9
F057718,Phoenix,45-54,At-Risk Fan,6,15,716.0,47.75,100,9
F054592,Scottsdale,18-24,At-Risk Fan,5,14,716.0,51.12,100,9
F072398,Mesa,25-34,Repeat Attendee,9,15,715.0,47.67,76,9
F062804,Phoenix,18-24,At-Risk Fan,5,13,714.0,54.91,79,9
F022164,Scottsdale,35-44,Repeat Attendee,6,14,714.0,50.99,87,9
F067233,Scottsdale,25-34,Repeat Attendee,5,15,714.0,47.57,73,9
F056013,Peoria,25-34,Repeat Attendee,6,17,713.0,41.96,80,9
F062108,Tempe,18-24,Repeat Attendee,6,14,713.0,50.95,84,9
F063606,Scottsdale,35-44,Repeat Attendee,5,14,713.0,50.92,51,9
F027739,Glendale,18-24,Repeat Attendee,5,17,713.0,41.92,80,9
F014370,Phoenix,18-24,Repeat Attendee,5,15,713.0,47.5,96,9
F067625,Phoenix,35-44,Repeat Attendee,5,13,712.0,54.81,100,9
F005723,Out of State,25-34,Repeat Attendee,6,13,712.0,54.8,80,9
F057613,Peoria,35-44,Repeat Attendee,6,16,712.0,44.52,60,9
F045705,Phoenix,25-34,Repeat Attendee,5,13,712.0,54.78,73,9
F055565,Scottsdale,45-54,Repeat Attendee,6,14,712.0,50.87,60,9
F011403,Phoenix,18-24,Repeat Attendee,7,14,712.0,50.85,65,9
F054011,Tempe,18-24,Repeat Attendee,5,13,712.0,54.75,51,9
F058343,Mesa,25-34,Repeat Attendee,5,15,712.0,47.45,76,9
F028017,Phoenix,25-34,Repeat Attendee,5,13,711.0,54.73,55,9
F023279,Phoenix,25-34,Repeat Attendee,6,14,711.0,50.82,73,9
F033207,Phoenix,55-64,Repeat Attendee,8,15,711.0,47.4,56,9
F021860,Phoenix,18-24,Repeat Attendee,8,16,710.0,44.4,60,9
F050086,Phoenix,18-24,Repeat Attendee,5,16,710.0,44.4,60,9
F054107,Out of State,35-44,Repeat Attendee,6,16,710.0,44.38,60,9
F041093,Glendale,35-44,Repeat Attendee,7,17,710.0,41.75,53,9
F021118,Phoenix,35-44,Repeat Attendee,8,16,709.0,44.3,96,9
F066423,Tucson,18-24,Repeat Attendee,5,15,709.0,47.23,80,9
F010693,Tempe,35-44,At-Risk Fan,6,13,708.0,54.44,91,9
F035301,Mesa,25-34,Repeat Attendee,7,13,707.0,54.41,80,9
F068574,Peoria,45-54,Repeat Attendee,6,14,707.0,50.51,76,9
F013858,Scottsdale,25-34,Repeat Attendee,5,13,707.0,54.39,60,9
F037147,Tempe,25-34,Repeat Attendee,6,15,707.0,47.14,80,9
F040631,Tempe,25-34,Repeat Attendee,6,17,707.0,41.57,83,9
F051109,Chandler,35-44,Repeat Attendee,5,17,706.0,41.56,32,9
F047657,Chandler,18-24,Repeat Attendee,5,15,706.0,47.09,90,9
F055866,Tempe,25-34,Repeat Attendee,5,14,706.0,50.44,76,9
F047074,Peoria,18-24,Repeat Attendee,6,15,706.0,47.07,100,9
F050597,Phoenix,25-34,At-Risk Fan,6,13,706.0,54.3,80,9
F024406,Chandler,35-44,Repeat Attendee,8,15,705.0,47.01,56,9
F027951,Phoenix,25-34,Repeat Attendee,9,16,705.0,44.07,60,9
F050734,Phoenix,18-24,Repeat Attendee,6,14,705.0,50.34,76,9
F035059,Tempe,35-44,Repeat Attendee,6,14,704.0,50.32,51,9
F040104,Mesa,35-44,At-Risk Fan,5,14,704.0,50.32,80,9
F057194,Chandler,18-24,At-Risk Fan,6,16,704.0,44.02,100,9
F068081,Phoenix,55-64,Repeat Attendee,6,13,704.0,54.15,100,9
F054894,Scottsdale,35-44,Repeat Attendee,7,15,704.0,46.92,88,9
F068576,Phoenix,35-44,Repeat Attendee,5,13,704.0,54.12,80,9
F065448,Phoenix,25-34,Repeat Attendee,5,14,703.0,50.24,60,9
F056792,Scottsdale,45-54,Repeat Attendee,6,14,703.0,50.22,100,9
F019785,Scottsdale,25-34,Repeat Attendee,6,15,703.0,46.86,60,9
F015592,Phoenix,25-34,Repeat Attendee,5,15,702.0,46.82,80,9
F049460,Glendale,25-34,Repeat Attendee,7,15,702.0,46.82,60,9
F058675,Tempe,35-44,Repeat Attendee,6,17,702.0,41.31,46,9
F067264,Gilbert,18-24,Repeat Attendee,5,13,702.0,54.01,60,9
F004340,Tempe,45-54,Repeat Attendee,8,15,702.0,46.8,87,9
F045257,Gilbert,55-64,Repeat Attendee,5,14,702.0,50.12,100,9
F015461,Tempe,25-34,Repeat Attendee,7,17,701.0,41.24,89,9
F049981,Mesa,18-24,At-Risk Fan,5,14,701.0,50.08,80,9
F015320,Phoenix,18-24,Repeat Attendee,6,17,701.0,41.23,89,9
F004872,Glendale,18-24,At-Risk Fan,6,17,701.0,41.23,73,9
F061676,Mesa,18-24,Repeat Attendee,5,14,701.0,50.06,57,9
F025889,Chandler,35-44,Repeat Attendee,5,13,701.0,53.89,71,9
F026142,Phoenix,18-24,Repeat Attendee,7,15,701.0,46.7,100,9
F051365,Glendale,18-24,Repeat Attendee,5,12,700.0,58.35,100,9
F032741,Phoenix,35-44,Repeat Attendee,6,14,700.0,50.0,86,9
F035269,Phoenix,45-54,Repeat Attendee,6,14,700.0,50.0,80,9
F061992,Phoenix,18-24,Repeat Attendee,7,14,700.0,49.99,71,9
F036553,Phoenix,25-34,Repeat Attendee,6,14,700.0,49.98,80,9
F043303,Phoenix,35-44,At-Risk Fan,5,14,699.0,49.94,60,9
F045346,Scottsdale,45-54,At-Risk Fan,5,14,699.0,49.94,86,9
F041089,Phoenix,35-44,Repeat Attendee,5,12,699.0,58.25,65,9
F018672,Scottsdale,25-34,Repeat Attendee,5,12,699.0,58.25,80,9
F043695,Peoria,25-34,Repeat Attendee,7,14,699.0,49.91,56,9
F026170,Mesa,35-44,Repeat Attendee,6,13,698.0,53.72,95,9
F035010,Mesa,18-24,Repeat Attendee,7,14,698.0,49.87,56,9
F030177,Peoria,18-24,At-Risk Fan,7,16,698.0,43.61,80,9
F009131,Mesa,25-34,Repeat Attendee,7,16,697.0,43.58,66,9
F016551,Scottsdale,25-34,Repeat Attendee,6,14,697.0,49.79,56,9
F066594,Scottsdale,45-54,Repeat Attendee,6,13,697.0,53.61,55,9
F050451,Phoenix,18-24,Repeat Attendee,6,15,697.0,46.46,60,9
F043190,Phoenix,35-44,Repeat Attendee,7,16,697.0,43.54,60,9
F021992,Mesa,25-34,Repeat Attendee,5,11,697.0,63.32,100,9
F049455,Scottsdale,45-54,Repeat Attendee,5,14,696.0,49.71,50,9
F018917,Mesa,35-44,Repeat Attendee,5,16,696.0,43.5,68,9
F027705,Peoria,18-24,Repeat Attendee,5,18,696.0,38.65,83,9
F003538,Phoenix,45-54,Repeat Attendee,6,14,695.0,49.67,51,9
F019692,Phoenix,35-44,Repeat Attendee,7,13,695.0,53.47,68,9
F005296,Chandler,35-44,Repeat Attendee,6,13,695.0,53.46,86,9
F014854,Phoenix,18-24,At-Risk Fan,6,15,695.0,46.33,56,9
F052334,Chandler,55-64,Repeat Attendee,7,15,695.0,46.31,87,9
F023262,Scottsdale,18-24,Repeat Attendee,7,14,694.0,49.59,76,9
F062153,Phoenix,35-44,At-Risk Fan,6,17,694.0,40.83,88,9
F004427,Gilbert,18-24,Repeat Attendee,5,12,694.0,57.84,90,9
F070040,Glendale,35-44,Repeat Attendee,7,13,694.0,53.39,95,9
F032934,Tucson,35-44,Repeat Attendee,5,13,694.0,53.35,82,9
F030800,Peoria,25-34,Repeat Attendee,5,11,693.0,63.04,75,9
F008628,Phoenix,25-34,At-Risk Fan,5,12,693.0,57.78,80,9
F018085,Phoenix,25-34,Repeat Attendee,5,13,693.0,53.32,46,9
F033162,Tempe,45-54,Repeat Attendee,7,15,693.0,46.21,65,9
F045397,Phoenix,25-34,Repeat Attendee,6,15,693.0,46.2,65,9
F007800,Phoenix,25-34,Repeat Attendee,5,15,693.0,46.18,100,9
F056106,Glendale,45-54,Repeat Attendee,7,15,693.0,46.17,60,9
F045970,Gilbert,45-54,At-Risk Fan,6,12,692.0,57.66,47,9
F051080,Phoenix,18-24,At-Risk Fan,7,15,692.0,46.13,68,9
F044240,Scottsdale,18-24,Repeat Attendee,5,12,692.0,57.65,65,9
F057948,Gilbert,45-54,Repeat Attendee,7,15,692.0,46.12,100,9
F036314,Tempe,65+,Repeat Attendee,7,15,691.0,46.09,87,9
F048046,Phoenix,18-24,Repeat Attendee,7,15,691.0,46.08,100,9
F006009,Phoenix,18-24,Repeat Attendee,6,15,691.0,46.07,96,9
F057675,Out of State,18-24,Repeat Attendee,5,13,691.0,53.15,100,9
F051300,Mesa,25-34,Repeat Attendee,5,14,690.0,49.31,60,9
F055764,Scottsdale,25-34,Repeat Attendee,7,14,690.0,49.3,60,9
F070932,Phoenix,18-24,Repeat Attendee,6,15,690.0,46.01,60,9
F061142,Scottsdale,25-34,Repeat Attendee,6,14,690.0,49.3,30,9
F056039,Glendale,18-24,Repeat Attendee,5,11,690.0,62.72,90,9
F053049,Phoenix,18-24,Repeat Attendee,5,13,690.0,53.07,42,9
F026846,Chandler,55-64,Repeat Attendee,6,14,690.0,49.27,100,9
F025515,Mesa,25-34,Repeat Attendee,6,14,690.0,49.27,87,9
F017629,Chandler,18-24,Repeat Attendee,6,14,689.0,49.23,69,9
F051115,Phoenix,45-54,Repeat Attendee,6,14,689.0,49.19,60,9
F049035,Phoenix,18-24,Repeat Attendee,5,12,689.0,57.38,87,9
F061483,Phoenix,35-44,Repeat Attendee,5,14,689.0,49.18,21,9
F036539,Tempe,25-34,Repeat Attendee,5,17,688.0,40.5,59,9
F065740,Scottsdale,35-44,Repeat Attendee,5,12,688.0,57.37,87,9
F046603,Phoenix,45-54,Repeat Attendee,6,14,687.0,49.08,80,9
F068724,Phoenix,55-64,Repeat Attendee,7,16,687.0,42.94,87,9
F056313,Peoria,25-34,Repeat Attendee,5,14,687.0,49.07,39,9
F062671,Phoenix,25-34,Repeat Attendee,5,16,687.0,42.93,56,9
F054237,Tempe,25-34,At-Risk Fan,5,15,687.0,45.78,44,9
F053768,Tempe,25-34,Repeat Attendee,5,13,687.0,52.82,60,9
F043110,Tucson,35-44,Repeat Attendee,6,15,686.0,45.75,60,9
F064607,Peoria,35-44,Repeat Attendee,5,13,686.0,52.76,90,9
F022305,Out of State,25-34,Repeat Attendee,5,14,686.0,48.97,80,9
F016336,Phoenix,18-24,Repeat Attendee,7,16,685.0,42.84,60,9
F066940,Chandler,18-24,Repeat Attendee,5,15,685.0,45.68,76,9
F027307,Phoenix,25-34,Repeat Attendee,5,14,685.0,48.94,60,9
F044373,Tempe,18-24,At-Risk Fan,5,13,685.0,52.7,60,9
F022201,Out of State,25-34,Repeat Attendee,6,12,685.0,57.08,60,9
F056391,Mesa,45-54,Repeat Attendee,5,14,685.0,48.91,56,9
F051004,Phoenix,45-54,At-Risk Fan,5,13,685.0,52.66,80,9
F054882,Tempe,45-54,Repeat Attendee,5,14,684.0,48.88,73,9
F052518,Gilbert,45-54,Repeat Attendee,5,15,684.0,45.62,80,9
F005515,Phoenix,25-34,Repeat Attendee,5,14,684.0,48.88,90,9
F069881,Gilbert,18-24,Repeat Attendee,6,13,684.0,52.63,76,9
F040904,Out of State,35-44,Repeat Attendee,5,17,684.0,40.25,96,9
F010690,Mesa,45-54,Repeat Attendee,8,14,684.0,48.86,100,9
F022962,Mesa,25-34,Repeat Attendee,5,14,684.0,48.85,60,9
F058215,Tucson,65+,Repeat Attendee,7,13,684.0,52.59,51,9
F061608,Chandler,25-34,Repeat Attendee,5,15,683.0,45.56,90,9
F059340,Phoenix,25-34,At-Risk Fan,6,14,683.0,48.79,67,9
F028083,Chandler,18-24,At-Risk Fan,5,14,683.0,48.79,71,9
F069080,Tempe,35-44,Repeat Attendee,6,16,683.0,42.69,60,9
F020127,Phoenix,35-44,Repeat Attendee,6,15,683.0,45.5,96,9
F041124,Glendale,18-24,Repeat Attendee,5,13,682.0,52.5,37,9
F067503,Phoenix,25-34,Repeat Attendee,7,14,682.0,48.73,100,9
F031380,Scottsdale,35-44,Repeat Attendee,5,14,682.0,48.71,60,9
F068558,Gilbert,35-44,Repeat Attendee,6,15,682.0,45.45,80,9
F027719,Out of State,25-34,At-Risk Fan,7,14,681.0,48.68,80,9
F014708,Phoenix,18-24,Repeat Attendee,5,13,681.0,52.39,100,9
F049609,Phoenix,25-34,At-Risk Fan,5,13,681.0,52.38,73,9
F049270,Gilbert,55-64,Repeat Attendee,5,12,680.0,56.68,90,9
F029540,Scottsdale,25-34,Repeat Attendee,6,16,679.0,42.46,60,9
F029130,Phoenix,25-34,Repeat Attendee,6,14,679.0,48.5,80,9
F040897,Phoenix,25-34,Repeat Attendee,7,14,679.0,48.48,100,9
F069794,Phoenix,65+,Repeat Attendee,5,12,679.0,56.54,100,9
F019977,Mesa,35-44,At-Risk Fan,5,17,678.0,39.91,76,9
F042813,Chandler,18-24,Repeat Attendee,5,13,678.0,52.16,100,9
F031439,Phoenix,45-54,Repeat Attendee,7,13,678.0,52.14,80,9
F038232,Phoenix,25-34,Repeat Attendee,7,12,678.0,56.48,75,9
F067699,Scottsdale,45-54,Repeat Attendee,5,14,677.0,48.39,56,9
F011668,Chandler,18-24,Repeat Attendee,6,13,677.0,52.1,80,9
F021879,Phoenix,25-34,Repeat Attendee,7,15,677.0,45.15,80,9
F045326,Phoenix,45-54,Repeat Attendee,5,14,677.0,48.36,80,9
F028889,Phoenix,25-34,Repeat Attendee,6,14,677.0,48.35,56,9
F042526,Out of State,35-44,Repeat Attendee,7,13,676.0,52.03,46,9
F059893,Peoria,45-54,Repeat Attendee,7,14,676.0,48.3,60,9
F061652,Glendale,45-54,At-Risk Fan,6,12,675.0,56.27,70,9
F030532,Mesa,35-44,Repeat Attendee,7,12,675.0,56.27,50,9
F005882,Mesa,25-34,Repeat Attendee,6,14,675.0,48.19,60,9
F006388,Phoenix,25-34,Repeat Attendee,7,14,674.0,48.18,60,9
F040962,Tucson,18-24,Repeat Attendee,6,16,674.0,42.11,80,9
F022763,Phoenix,18-24,Repeat Attendee,5,16,673.0,42.09,65,9
F022258,Gilbert,35-44,Repeat Attendee,7,15,673.0,44.87,60,9
F020216,Scottsdale,35-44,Repeat Attendee,5,14,673.0,48.06,83,9
F042365,Scottsdale,35-44,Repeat Attendee,5,14,673.0,48.06,100,9
F003834,Scottsdale,18-24,Repeat Attendee,6,13,672.0,51.69,75,9
F054255,Out of State,18-24,Repeat Attendee,6,16,672.0,41.99,92,9
F064032,Phoenix,25-34,Repeat Attendee,7,15,672.0,44.78,80,9
F033247,Glendale,55-64,Repeat Attendee,5,13,671.0,51.65,55,9
F006428,Chandler,45-54,Repeat Attendee,6,16,671.0,41.94,43,9
F039861,Phoenix,18-24,Repeat Attendee,5,13,671.0,51.6,100,9
F060838,Out of State,25-34,Repeat Attendee,5,15,671.0,44.71,56,9
F026184,Mesa,25-34,Repeat Attendee,6,13,671.0,51.58,73,9
F053498,Phoenix,45-54,Repeat Attendee,6,16,670.0,41.9,76,9
F028591,Out of State,18-24,Repeat Attendee,6,13,670.0,51.57,60,9
F058370,Out of State,35-44,Repeat Attendee,5,11,670.0,60.9,95,9
F067679,Phoenix,25-34,Repeat Attendee,5,13,670.0,51.53,73,9
F048392,Phoenix,45-54,Repeat Attendee,7,13,670.0,51.52,60,9
F016063,Tempe,35-44,At-Risk Fan,6,14,669.0,47.82,100,9
F024029,Out of State,18-24,At-Risk Fan,5,11,669.0,60.8,80,9
F017574,Phoenix,45-54,At-Risk Fan,5,12,669.0,55.71,70,9
F027045,Mesa,25-34,Repeat Attendee,5,12,668.0,55.71,100,9
F034957,Phoenix,25-34,At-Risk Fan,5,12,668.0,55.65,60,9
F026349,Mesa,45-54,Repeat Attendee,5,13,668.0,51.36,52,9
F034592,Phoenix,35-44,Repeat Attendee,6,14,668.0,47.68,80,9
F027038,Phoenix,35-44,Repeat Attendee,6,13,667.0,51.3,76,9
F004240,Scottsdale,25-34,Repeat Attendee,5,13,667.0,51.27,73,9
F036311,Scottsdale,25-34,Repeat Attendee,6,13,666.0,51.26,60,9
F034368,Mesa,25-34,Repeat Attendee,6,15,666.0,44.41,96,9
F030514,Peoria,35-44,Repeat Attendee,5,16,666.0,41.62,80,9
F021166,Glendale,18-24,Repeat Attendee,6,14,666.0,47.56,73,9
F011277,Gilbert,25-34,Repeat Attendee,5,14,665.0,47.51,60,9
F068334,Phoenix,55-64,Repeat Attendee,6,12,665.0,55.39,45,9
F048290,Mesa,35-44,Repeat Attendee,6,15,665.0,44.3,80,9
F072574,Mesa,45-54,Repeat Attendee,5,14,664.0,47.45,68,9
F032528,Phoenix,25-34,Repeat Attendee,6,13,664.0,51.06,86,9
F053155,Mesa,45-54,Repeat Attendee,6,14,664.0,47.41,83,9
F035592,Gilbert,65+,Repeat Attendee,7,12,664.0,55.31,95,9
F015171,Gilbert,25-34,Repeat Attendee,5,13,663.0,51.03,100,9
F057049,Scottsdale,35-44,Repeat Attendee,6,14,662.0,47.26,51,9
F017666,Mesa,25-34,Repeat Attendee,6,12,661.0,55.12,60,9
F049953,Phoenix,45-54,Repeat Attendee,7,14,661.0,47.24,70,9
F066876,Phoenix,55-64,At-Risk Fan,5,14,661.0,47.24,73,9
F070574,Scottsdale,45-54,Repeat Attendee,5,12,661.0,55.1,73,9
F016123,Mesa,35-44,Repeat Attendee,5,13,661.0,50.86,100,9
F049257,Phoenix,25-34,Repeat Attendee,5,14,661.0,47.22,60,9
F056543,Glendale,18-24,At-Risk Fan,5,13,661.0,50.84,87,9
F043293,Chandler,65+,Repeat Attendee,5,13,660.0,50.74,70,9
F045162,Peoria,45-54,Repeat Attendee,5,13,660.0,50.74,55,9
F005622,Tucson,35-44,Repeat Attendee,5,13,659.0,50.73,87,9
F024303,Phoenix,35-44,Repeat Attendee,6,12,659.0,54.9,68,9
F047771,Tempe,18-24,Repeat Attendee,6,15,659.0,43.91,80,9
F019781,Chandler,35-44,Repeat Attendee,8,15,658.0,43.9,100,9
F004771,Chandler,35-44,Repeat Attendee,6,12,658.0,54.86,55,9
F009046,Scottsdale,55-64,Repeat Attendee,5,13,658.0,50.6,100,9
F003296,Mesa,35-44,At-Risk Fan,5,15,658.0,43.84,73,9
F004393,Phoenix,25-34,Repeat Attendee,5,15,657.0,43.8,87,9
F068015,Peoria,45-54,At-Risk Fan,6,14,657.0,46.92,71,9
F037412,Phoenix,45-54,At-Risk Fan,6,14,657.0,46.91,60,9
F051829,Tucson,35-44,Repeat Attendee,5,13,657.0,50.5,62,9
F022599,Scottsdale,25-34,Repeat Attendee,5,14,656.0,46.87,80,9
F013638,Mesa,35-44,Repeat Attendee,7,15,656.0,43.72,84,9
F060648,Phoenix,18-24,Repeat Attendee,5,15,656.0,43.71,87,9
F053971,Glendale,45-54,Repeat Attendee,5,14,656.0,46.83,51,9
F003023,Chandler,35-44,Repeat Attendee,7,12,655.0,54.61,82,9
F028422,Phoenix,18-24,Repeat Attendee,6,15,655.0,43.68,69,9
F056676,Phoenix,35-44,Repeat Attendee,5,13,655.0,50.39,55,9
F005987,Scottsdale,25-34,Repeat Attendee,5,13,655.0,50.38,60,9
F053796,Phoenix,18-24,Repeat Attendee,5,13,655.0,50.36,60,9
F018703,Out of State,18-24,Repeat Attendee,6,14,654.0,46.73,91,9
F037580,Mesa,25-34,Repeat Attendee,6,16,654.0,40.89,60,9
F048993,Tucson,35-44,At-Risk Fan,6,15,654.0,43.61,80,9
F054530,Peoria,18-24,At-Risk Fan,5,12,654.0,54.5,60,9
F011563,Tucson,35-44,Repeat Attendee,5,16,654.0,40.88,100,9
F039897,Tempe,25-34,Repeat Attendee,7,13,654.0,50.28,95,9
F058185,Glendale,55-64,Repeat Attendee,6,15,654.0,43.57,92,9
F051144,Tempe,25-34,Repeat Attendee,5,13,653.0,50.26,55,9
F047001,Scottsdale,35-44,Repeat Attendee,6,12,653.0,54.44,65,9
F005087,Tempe,35-44,Repeat Attendee,6,12,653.0,54.42,90,9
F023370,Scottsdale,45-54,Repeat Attendee,5,14,653.0,46.63,63,9
F004449,Gilbert,35-44,Repeat Attendee,5,13,652.0,50.18,100,9
F030953,Phoenix,45-54,Repeat Attendee,5,13,652.0,50.17,92,9
F061060,Phoenix,18-24,Repeat Attendee,5,12,652.0,54.34,87,9
F059835,Mesa,35-44,Repeat Attendee,5,12,652.0,54.33,75,9
F051136,Tempe,25-34,Repeat Attendee,5,13,652.0,50.12,73,9
F018321,Glendale,45-54,Repeat Attendee,6,13,651.0,50.05,87,9
F056319,Scottsdale,45-54,Repeat Attendee,5,15,650.0,43.34,60,9
F038655,Gilbert,18-24,Repeat Attendee,6,14,650.0,46.44,51,9
F004052,Peoria,18-24,Repeat Attendee,5,14,650.0,46.42,73,9
F038464,Phoenix,65+,Repeat Attendee,6,13,650.0,49.98,60,9
F013634,Glendale,25-34,Repeat Attendee,7,13,650.0,49.97,100,9
F070115,Scottsdale,65+,Repeat Attendee,7,15,650.0,43.3,87,9
F008288,Phoenix,25-34,At-Risk Fan,5,12,649.0,54.1,82,9
F025482,Scottsdale,25-34,Repeat Attendee,6,15,649.0,43.25,56,9
F046314,Glendale,25-34,At-Risk Fan,5,14,648.0,46.32,56,9
F003151,Out of State,35-44,Repeat Attendee,5,11,648.0,58.94,60,9
F018992,Chandler,25-34,Repeat Attendee,5,12,648.0,54.01,70,9
F028945,Phoenix,45-54,Repeat Attendee,6,11,648.0,58.92,100,9
F070397,Glendale,35-44,Repeat Attendee,5,13,648.0,49.84,100,9
F023835,Scottsdale,18-24,Repeat Attendee,5,13,648.0,49.84,55,9
F006531,Scottsdale,35-44,Repeat Attendee,5,14,648.0,46.25,60,9
F058803,Glendale,25-34,At-Risk Fan,5,16,647.0,40.46,57,9
F025772,Phoenix,35-44,Repeat Attendee,7,13,647.0,49.78,60,9
F042102,Phoenix,25-34,Repeat Attendee,5,14,646.0,46.14,47,9
F022863,Scottsdale,25-34,Repeat Attendee,7,14,646.0,46.12,100,9
F041979,Tempe,45-54,Repeat Attendee,5,12,646.0,53.8,95,9
F037336,Phoenix,35-44,Repeat Attendee,7,14,645.0,46.1,47,9
F058980,Tempe,25-34,Repeat Attendee,6,12,645.0,53.73,87,9
F042906,Tempe,35-44,Repeat Attendee,5,15,644.0,42.93,80,9
F055281,Glendale,45-54,Repeat Attendee,6,15,644.0,42.92,100,9
F014222,Out of State,45-54,Repeat Attendee,5,12,643.0,53.62,55,9
F030608,Tempe,45-54,At-Risk Fan,6,14,643.0,45.93,76,9
F033226,Tempe,35-44,Repeat Attendee,5,14,643.0,45.91,65,9
F064363,Phoenix,18-24,Repeat Attendee,7,13,642.0,49.4,95,9
F037749,Peoria,55-64,Repeat Attendee,7,14,642.0,45.86,60,9
F006277,Phoenix,35-44,Repeat Attendee,6,15,641.0,42.76,80,9
F031294,Glendale,25-34,Repeat Attendee,5,12,641.0,53.43,55,9
F035580,Phoenix,35-44,Repeat Attendee,5,12,641.0,53.39,100,9
F029839,Mesa,18-24,Repeat Attendee,5,12,640.0,53.37,60,9
F030881,Tempe,45-54,Repeat Attendee,5,13,639.0,49.17,55,9
F026611,Glendale,35-44,Repeat Attendee,5,12,639.0,53.26,85,9
F016714,Glendale,45-54,Repeat Attendee,6,13,639.0,49.16,80,9
F055746,Gilbert,25-34,Repeat Attendee,7,14,639.0,45.64,100,9
F034507,Phoenix,35-44,Repeat Attendee,7,14,639.0,45.63,86,9
F038395,Glendale,18-24,Repeat Attendee,7,14,639.0,45.63,60,9
F043737,Phoenix,35-44,Repeat Attendee,6,13,639.0,49.12,46,9
F048587,Phoenix,35-44,Repeat Attendee,7,17,638.0,37.54,80,9
F070149,Phoenix,65+,Repeat Attendee,6,16,638.0,39.86,80,9
F026166,Peoria,18-24,Repeat Attendee,5,15,637.0,42.45,96,9
F011626,Chandler,18-24,At-Risk Fan,5,14,637.0,45.48,73,9
F071381,Out of State,25-34,Repeat Attendee,6,14,637.0,45.48,60,9
F043854,Chandler,25-34,Repeat Attendee,5,14,637.0,45.47,56,9
F033905,Phoenix,65+,At-Risk Fan,5,12,637.0,53.04,55,9
F072013,Phoenix,18-24,At-Risk Fan,6,12,636.0,53.04,58,9
F049575,Out of State,35-44,Repeat Attendee,5,13,636.0,48.95,73,9
F022624,Gilbert,35-44,Repeat Attendee,6,13,636.0,48.95,73,9
F021181,Tempe,18-24,Repeat Attendee,7,13,636.0,48.94,75,9
F016758,Scottsdale,18-24,At-Risk Fan,5,13,636.0,48.92,79,9
F043917,Peoria,35-44,Repeat Attendee,5,12,636.0,52.99,60,9
F049657,Glendale,25-34,Repeat Attendee,6,16,636.0,39.73,45,9
F016999,Scottsdale,45-54,Repeat Attendee,6,13,636.0,48.9,60,9
F051238,Out of State,25-34,Repeat Attendee,6,16,636.0,39.73,78,9
F016940,Mesa,35-44,Repeat Attendee,5,11,636.0,57.78,80,9
F030819,Mesa,25-34,Repeat Attendee,5,13,635.0,48.88,64,9
F050909,Scottsdale,55-64,Repeat Attendee,6,14,635.0,45.37,47,9
F072893,Gilbert,25-34,Repeat Attendee,5,13,635.0,48.86,100,9
F007714,Mesa,18-24,Repeat Attendee,6,15,635.0,42.34,60,9
F040835,Tempe,35-44,At-Risk Fan,6,13,635.0,48.84,100,9
F034743,Phoenix,45-54,Repeat Attendee,5,13,635.0,48.84,60,9
F008891,Out of State,35-44,Repeat Attendee,6,14,634.0,45.29,60,9
F004277,Chandler,35-44,Repeat Attendee,6,14,634.0,45.29,87,9
F034612,Out of State,45-54,Repeat Attendee,7,12,634.0,52.83,73,9
F068042,Scottsdale,55-64,Repeat Attendee,6,13,634.0,48.76,60,9
F043196,Gilbert,45-54,Repeat Attendee,5,12,634.0,52.82,76,9
F062250,Phoenix,65+,At-Risk Fan,6,14,634.0,45.25,71,9
F013946,Out of State,25-34,Repeat Attendee,5,14,633.0,45.23,100,9
F007326,Tempe,35-44,At-Risk Fan,5,15,633.0,42.21,100,9
F051298,Mesa,55-64,Repeat Attendee,5,12,633.0,52.75,60,9
F054825,Out of State,18-24,At-Risk Fan,5,13,633.0,48.69,80,9
F018527,Phoenix,45-54,Repeat Attendee,5,11,633.0,57.52,65,9
F072868,Scottsdale,35-44,At-Risk Fan,6,13,632.0,48.65,100,9
F012506,Glendale,35-44,Repeat Attendee,5,14,632.0,45.15,90,9
F031146,Phoenix,35-44,Repeat Attendee,6,15,632.0,42.12,56,9
F027717,Tempe,35-44,Repeat Attendee,6,13,631.0,48.55,51,9
F064886,Phoenix,35-44,Repeat Attendee,5,11,631.0,57.35,80,9
F050439,Chandler,35-44,Repeat Attendee,5,14,631.0,45.05,60,9
F062176,Tucson,25-34,Repeat Attendee,5,14,631.0,45.04,80,9
F004325,Phoenix,45-54,At-Risk Fan,5,14,630.0,45.03,60,9
F012527,Tempe,18-24,Repeat Attendee,5,13,630.0,48.49,51,9
F058503,Phoenix,25-34,Repeat Attendee,6,12,630.0,52.53,100,9
F029961,Chandler,18-24,Repeat Attendee,5,13,630.0,48.47,46,9
F054334,Phoenix,45-54,Repeat Attendee,6,14,630.0,44.97,100,9
F015794,Phoenix,18-24,Repeat Attendee,5,14,630.0,44.97,47,9
F044080,Phoenix,18-24,Repeat Attendee,5,14,630.0,44.97,51,9
F067533,Phoenix,35-44,Repeat Attendee,7,14,630.0,44.97,96,9
F049124,Gilbert,25-34,Repeat Attendee,5,14,630.0,44.97,100,9
F034786,Glendale,25-34,At-Risk Fan,6,14,629.0,44.96,91,9
F051564,Out of State,25-34,Repeat Attendee,5,14,629.0,44.96,70,9
F023686,Phoenix,25-34,Repeat Attendee,7,13,629.0,48.41,46,9
F003493,Phoenix,25-34,Repeat Attendee,5,14,629.0,44.94,60,9
F047436,Phoenix,45-54,Repeat Attendee,5,14,629.0,44.92,100,9
F071389,Phoenix,45-54,Repeat Attendee,5,11,628.0,57.07,70,9
F020738,Mesa,25-34,Repeat Attendee,5,12,628.0,52.29,45,9
F054952,Peoria,35-44,Repeat Attendee,9,15,627.0,41.79,72,9
F027289,Tempe,18-24,Repeat Attendee,8,14,627.0,44.76,100,9
F003840,Phoenix,35-44,Repeat Attendee,5,12,626.0,52.2,60,9
F036362,Scottsdale,18-24,Repeat Attendee,7,13,626.0,48.19,100,9
F038625,Chandler,55-64,Repeat Attendee,7,13,626.0,48.17,100,9
F054990,Glendale,25-34,Repeat Attendee,5,12,626.0,52.16,80,9
F014125,Phoenix,25-34,Repeat Attendee,6,11,625.0,56.86,49,9
F026060,Tempe,18-24,Repeat Attendee,5,11,625.0,56.85,100,9
F040189,Mesa,25-34,Repeat Attendee,5,14,625.0,44.66,60,9
F005557,Phoenix,45-54,Repeat Attendee,5,11,625.0,56.78,80,9
F017556,Glendale,25-34,Repeat Attendee,6,12,625.0,52.05,90,9
F024089,Scottsdale,55-64,Repeat Attendee,7,14,625.0,44.61,60,9
F043103,Out of State,35-44,At-Risk Fan,5,15,624.0,41.61,48,9
F003312,Mesa,35-44,Repeat Attendee,5,12,624.0,52.02,60,9
F041902,Glendale,25-34,Repeat Attendee,5,11,624.0,56.74,95,9
F064588,Tempe,45-54,Repeat Attendee,6,12,624.0,52.0,50,9
F045877,Chandler,18-24,At-Risk Fan,5,13,624.0,47.99,75,9
F030989,Tempe,55-64,At-Risk Fan,5,14,623.0,44.51,69,9
F065893,Chandler,35-44,Repeat Attendee,5,13,623.0,47.9,62,9
F014774,Phoenix,45-54,Repeat Attendee,5,13,623.0,47.89,64,9
F058009,Tempe,18-24,Repeat Attendee,5,12,622.0,51.86,60,9
F035004,Chandler,25-34,Repeat Attendee,7,13,622.0,47.87,80,9
F068495,Scottsdale,35-44,Repeat Attendee,5,12,622.0,51.82,100,9
F057373,Tucson,35-44,Repeat Attendee,5,12,622.0,51.81,60,9
F056360,Phoenix,18-24,At-Risk Fan,6,13,621.0,47.77,56,9
F025906,Phoenix,25-34,Repeat Attendee,5,14,621.0,44.34,73,9
F006556,Mesa,25-34,Repeat Attendee,6,13,621.0,47.75,100,9
F048331,Mesa,45-54,Repeat Attendee,5,15,620.0,41.36,80,9
F058455,Phoenix,45-54,Repeat Attendee,7,14,620.0,44.31,60,9
F057898,Phoenix,18-24,Repeat Attendee,5,12,620.0,51.65,60,9
F060260,Phoenix,18-24,Repeat Attendee,5,13,619.0,47.64,55,9
F072369,Phoenix,25-34,Repeat Attendee,5,12,619.0,51.61,68,9
F072566,Scottsdale,18-24,Repeat Attendee,5,15,619.0,41.28,60,9
F033314,Chandler,25-34,Repeat Attendee,5,12,619.0,51.57,77,9
F007391,Scottsdale,25-34,Repeat Attendee,5,14,619.0,44.18,82,9
F043163,Phoenix,45-54,Repeat Attendee,5,11,618.0,56.18,84,9
F056278,Phoenix,35-44,Repeat Attendee,5,12,618.0,51.47,87,9
F064890,Phoenix,45-54,At-Risk Fan,5,13,618.0,47.51,90,9
F022321,Glendale,45-54,At-Risk Fan,5,13,617.0,47.47,73,9
F038949,Phoenix,55-64,Repeat Attendee,6,12,617.0,51.42,90,9
F017404,Peoria,35-44,Repeat Attendee,5,11,617.0,56.09,59,9
F037467,Tempe,25-34,Repeat Attendee,6,15,617.0,41.12,72,9
F066995,Mesa,25-34,Repeat Attendee,5,13,616.0,47.42,75,9
F050545,Glendale,25-34,Repeat Attendee,6,16,616.0,38.53,60,9
F038637,Tucson,35-44,Repeat Attendee,5,14,616.0,44.01,100,9
F045355,Phoenix,35-44,Repeat Attendee,5,13,616.0,47.4,82,10
F036538,Peoria,18-24,Repeat Attendee,5,12,616.0,51.32,80,10
F063180,Phoenix,35-44,Repeat Attendee,6,12,616.0,51.3,95,10
F067656,Phoenix,18-24,Repeat Attendee,6,14,615.0,43.96,60,10
F038845,Phoenix,35-44,Repeat Attendee,6,13,615.0,47.33,69,10
F040625,Phoenix,25-34,Repeat Attendee,6,12,615.0,51.27,60,10
F022876,Phoenix,25-34,At-Risk Fan,6,15,615.0,41.0,68,10
F031601,Scottsdale,25-34,At-Risk Fan,5,14,615.0,43.92,65,10
F067926,Tucson,35-44,Repeat Attendee,6,13,615.0,47.29,80,10
F053167,Phoenix,25-34,Repeat Attendee,5,10,615.0,61.48,84,10
F056458,Chandler,18-24,Repeat Attendee,5,11,615.0,55.86,60,10
F057155,Phoenix,18-24,Repeat Attendee,7,13,614.0,47.22,55,10
F067265,Out of State,25-34,Repeat Attendee,5,12,614.0,51.15,76,10
F042578,Out of State,25-34,At-Risk Fan,5,12,613.0,51.12,100,10
F071001,Phoenix,18-24,Repeat Attendee,5,15,613.0,40.89,76,10
F016277,Tucson,25-34,At-Risk Fan,6,15,613.0,40.88,90,10
F029185,Peoria,35-44,Repeat Attendee,6,13,613.0,47.14,90,10
F039707,Scottsdale,18-24,Repeat Attendee,6,14,613.0,43.77,82,10
F068382,Tucson,18-24,At-Risk Fan,5,12,613.0,51.05,80,10
F050017,Gilbert,25-34,Repeat Attendee,5,13,612.0,47.11,62,10
F026815,Tempe,45-54,At-Risk Fan,7,12,612.0,50.97,95,10
F035512,Out of State,25-34,Repeat Attendee,5,14,611.0,43.67,60,10
F010087,Phoenix,18-24,Repeat Attendee,5,11,611.0,55.57,87,10
F044922,Scottsdale,35-44,At-Risk Fan,6,14,611.0,43.66,96,10
F062522,Tucson,25-34,Repeat Attendee,5,12,611.0,50.93,82,10
F029527,Mesa,35-44,At-Risk Fan,6,14,611.0,43.62,66,10
F060134,Phoenix,25-34,Repeat Attendee,6,11,610.0,55.47,60,10
F003910,Gilbert,45-54,Repeat Attendee,6,13,610.0,46.93,75,10
F007324,Phoenix,35-44,At-Risk Fan,6,12,609.0,50.79,60,10
F027459,Tucson,18-24,At-Risk Fan,6,11,609.0,55.37,84,10
F024367,Mesa,45-54,Repeat Attendee,5,12,609.0,50.74,77,10
F026361,Phoenix,18-24,Repeat Attendee,5,13,608.0,46.78,86,10
F054354,Tempe,25-34,Repeat Attendee,5,13,608.0,46.77,73,10
F056992,Peoria,35-44,At-Risk Fan,5,13,607.0,46.73,91,10
F013012,Mesa,25-34,Repeat Attendee,5,15,607.0,40.48,100,10
F035960,Mesa,18-24,At-Risk Fan,5,11,607.0,55.18,81,10
F045715,Out of State,45-54,Repeat Attendee,5,13,607.0,46.67,87,10
F060392,Phoenix,35-44,Repeat Attendee,5,12,607.0,50.55,80,10
F071869,Phoenix,55-64,Repeat Attendee,5,12,607.0,50.55,100,10
F061268,Tucson,18-24,Repeat Attendee,5,11,606.0,55.13,80,10
F020511,Gilbert,35-44,Repeat Attendee,5,12,606.0,50.53,84,10
F021947,Phoenix,35-44,Repeat Attendee,5,13,604.0,46.45,60,10
F027452,Tucson,65+,At-Risk Fan,5,11,604.0,54.89,95,10
F016698,Scottsdale,25-34,At-Risk Fan,5,13,604.0,46.43,76,10
F045738,Out of State,18-24,Repeat Attendee,5,14,603.0,43.08,76,10
F036158,Phoenix,18-24,Repeat Attendee,5,12,603.0,50.26,87,10
F005100,Scottsdale,25-34,Repeat Attendee,5,12,603.0,50.26,100,10
F032508,Tempe,35-44,Repeat Attendee,5,12,603.0,50.25,60,10
F038708,Glendale,25-34,Repeat Attendee,6,13,603.0,46.37,100,10
F035031,Tempe,25-34,Repeat Attendee,5,11,603.0,54.8,80,10
F069282,Tempe,18-24,Repeat Attendee,5,13,603.0,46.36,82,10
F029285,Glendale,55-64,Repeat Attendee,8,14,603.0,43.04,67,10
F041432,Phoenix,25-34,Repeat Attendee,6,12,603.0,50.21,95,10
F059946,Phoenix,25-34,Repeat Attendee,5,12,603.0,50.21,87,10
F042604,Gilbert,25-34,At-Risk Fan,5,13,602.0,46.32,87,10
F015963,Chandler,35-44,At-Risk Fan,5,13,602.0,46.31,75,10
F017378,Tempe,25-34,Repeat Attendee,7,14,602.0,42.99,91,10
F018912,Chandler,45-54,Repeat Attendee,6,13,602.0,46.28,91,10
F011726,Phoenix,35-44,Repeat Attendee,5,12,601.0,50.11,70,10
F050749,Glendale,35-44,Repeat Attendee,5,11,601.0,54.65,87,10
F030990,Phoenix,35-44,Repeat Attendee,5,14,601.0,42.92,39,10
F004514,Chandler,35-44,Repeat Attendee,5,13,601.0,46.22,73,10
F022572,Gilbert,35-44,Repeat Attendee,6,14,601.0,42.91,60,10
F027952,Gilbert,35-44,Repeat Attendee,5,11,600.0,54.56,80,10
F011056,Phoenix,18-24,Repeat Attendee,5,10,600.0,60.01,60,10
F017430,Gilbert,35-44,Repeat Attendee,5,11,600.0,54.55,38,10
F056245,Out of State,25-34,Repeat Attendee,5,12,600.0,49.99,100,10
F007999,Tucson,45-54,Repeat Attendee,5,12,599.0,49.95,80,10
F064064,Glendale,25-34,Repeat Attendee,6,12,599.0,49.93,68,10
F042019,Glendale,35-44,At-Risk Fan,6,12,599.0,49.89,73,10
F062846,Out of State,45-54,Repeat Attendee,5,11,599.0,54.42,84,10
F062531,Glendale,35-44,Repeat Attendee,6,15,598.0,39.87,88,10
F046783,Tempe,65+,Repeat Attendee,6,10,598.0,59.79,54,10
F003155,Scottsdale,25-34,Repeat Attendee,6,11,598.0,54.32,95,10
F004116,Phoenix,25-34,Repeat Attendee,6,12,597.0,49.78,87,10
F027469,Scottsdale,25-34,Repeat Attendee,5,13,597.0,45.92,87,10
F045447,Phoenix,35-44,Repeat Attendee,5,12,597.0,49.72,95,10
F003818,Glendale,35-44,At-Risk Fan,5,13,596.0,45.83,72,10
F037716,Gilbert,25-34,Repeat Attendee,6,12,595.0,49.62,87,10
F020674,Scottsdale,35-44,Repeat Attendee,5,12,595.0,49.61,100,10
F072882,Gilbert,25-34,Repeat Attendee,5,12,595.0,49.6,80,10
F020169,Glendale,55-64,At-Risk Fan,5,14,594.0,42.45,80,10
F042504,Gilbert,25-34,Repeat Attendee,5,12,594.0,49.52,55,10
F070314,Gilbert,18-24,Repeat Attendee,6,14,593.0,42.39,60,10
F011747,Mesa,25-34,Repeat Attendee,6,14,593.0,42.36,76,10
F013780,Phoenix,18-24,Repeat Attendee,5,14,593.0,42.35,59,10
F056612,Phoenix,35-44,Repeat Attendee,5,11,593.0,53.87,73,10
F061274,Peoria,25-34,At-Risk Fan,5,13,593.0,45.58,69,10
F045202,Phoenix,45-54,At-Risk Fan,5,15,592.0,39.49,80,10
F006876,Phoenix,35-44,Repeat Attendee,6,13,592.0,45.55,73,10
F061432,Glendale,35-44,At-Risk Fan,6,13,592.0,45.52,76,10
F043248,Chandler,18-24,Repeat Attendee,5,10,592.0,59.16,87,10
F007117,Chandler,25-34,Repeat Attendee,5,14,591.0,42.23,56,10
F010009,Tucson,25-34,Repeat Attendee,6,12,591.0,49.26,87,10
F070658,Tucson,18-24,Repeat Attendee,5,12,591.0,49.23,100,10
F004235,Tempe,35-44,Repeat Attendee,5,14,591.0,42.2,91,10
F022457,Scottsdale,55-64,At-Risk Fan,5,11,591.0,53.69,68,10
F014651,Tempe,35-44,At-Risk Fan,5,11,590.0,53.61,68,10
F041882,Phoenix,35-44,Repeat Attendee,5,12,590.0,49.14,80,10
F061569,Mesa,25-34,Repeat Attendee,7,13,589.0,45.27,100,10
F065657,Phoenix,35-44,Repeat Attendee,5,10,588.0,58.83,60,10
F056518,Phoenix,18-24,Repeat Attendee,5,11,588.0,53.44,60,10
F007522,Tucson,45-54,At-Risk Fan,6,12,587.0,48.94,100,10
F046469,Scottsdale,25-34,Repeat Attendee,6,13,587.0,45.17,42,10
F033444,Chandler,18-24,Repeat Attendee,5,14,587.0,41.94,60,10
F024739,Gilbert,25-34,Repeat Attendee,6,13,587.0,45.15,82,10
F071995,Phoenix,35-44,Repeat Attendee,5,14,587.0,41.91,70,10
F057867,Phoenix,18-24,Repeat Attendee,7,11,587.0,53.33,75,10
F023085,Scottsdale,35-44,Repeat Attendee,6,13,587.0,45.12,60,10
F025550,Peoria,45-54,At-Risk Fan,6,12,586.0,48.86,75,10
F046316,Phoenix,25-34,Repeat Attendee,5,11,586.0,53.25,87,10
F029011,Mesa,25-34,Repeat Attendee,5,13,585.0,45.02,60,10
F059301,Gilbert,35-44,Repeat Attendee,6,13,585.0,45.02,51,10
F035443,Tempe,35-44,At-Risk Fan,5,10,585.0,58.52,62,10
F027344,Tucson,45-54,At-Risk Fan,5,12,585.0,48.75,95,10
F025118,Tempe,45-54,At-Risk Fan,5,11,585.0,53.17,48,10
F036858,Phoenix,35-44,Repeat Attendee,6,12,585.0,48.73,85,10
F048776,Phoenix,55-64,Repeat Attendee,5,12,585.0,48.72,100,10
F062034,Out of State,35-44,At-Risk Fan,5,10,585.0,58.45,80,10
F050238,Phoenix,25-34,Repeat Attendee,5,11,584.0,53.05,100,10
F020648,Phoenix,18-24,Repeat Attendee,5,9,583.0,64.83,80,10
F062579,Mesa,18-24,Repeat Attendee,5,12,583.0,48.62,100,10
F037017,Scottsdale,45-54,Repeat Attendee,5,13,583.0,44.86,90,10
F050998,Scottsdale,25-34,Repeat Attendee,5,12,583.0,48.6,77,10
F045678,Tempe,18-24,Repeat Attendee,6,11,583.0,53.01,87,10
F020899,Out of State,35-44,Repeat Attendee,7,13,582.0,44.79,60,10
F043278,Gilbert,45-54,At-Risk Fan,5,12,582.0,48.51,100,10
F069473,Tempe,25-34,Repeat Attendee,5,11,582.0,52.92,68,10
F041319,Chandler,55-64,Repeat Attendee,5,11,581.0,52.84,49,10
F059233,Scottsdale,45-54,Repeat Attendee,5,15,581.0,38.75,87,10
F056364,Out of State,25-34,Repeat Attendee,5,11,581.0,52.79,78,10
F003258,Mesa,35-44,Repeat Attendee,5,11,580.0,52.77,55,10
F064304,Phoenix,35-44,Repeat Attendee,5,14,580.0,41.42,80,10
F070862,Gilbert,25-34,At-Risk Fan,5,13,580.0,44.58,81,10
F007757,Out of State,25-34,Repeat Attendee,6,11,579.0,52.68,65,10
F061298,Out of State,25-34,Repeat Attendee,5,12,579.0,48.29,73,10
F032505,Phoenix,25-34,At-Risk Fan,6,12,578.0,48.18,45,10
F016454,Phoenix,45-54,Repeat Attendee,6,10,578.0,57.8,54,10
F017447,Mesa,35-44,Repeat Attendee,5,13,578.0,44.43,61,10
F060008,Gilbert,45-54,Repeat Attendee,6,13,577.0,44.39,80,10
F014995,Mesa,45-54,Repeat Attendee,5,11,577.0,52.45,68,10
F006776,Gilbert,45-54,Repeat Attendee,6,13,577.0,44.37,60,10
F044918,Mesa,35-44,At-Risk Fan,5,12,577.0,48.06,80,10
F056236,Phoenix,35-44,Repeat Attendee,8,13,576.0,44.34,80,10
F071575,Peoria,35-44,Repeat Attendee,6,15,576.0,38.4,40,10
F063868,Tempe,18-24,Repeat Attendee,5,12,576.0,48.0,75,10
F044967,Out of State,18-24,Repeat Attendee,6,13,576.0,44.28,73,10
F064639,Glendale,35-44,At-Risk Fan,5,12,576.0,47.96,76,10
F009702,Phoenix,25-34,Repeat Attendee,5,12,575.0,47.94,95,10
F022658,Chandler,25-34,Repeat Attendee,6,13,575.0,44.19,100,10
F057380,Phoenix,25-34,Repeat Attendee,6,13,574.0,44.18,80,10
F063957,Phoenix,18-24,At-Risk Fan,5,12,574.0,47.84,80,10
F051277,Phoenix,45-54,Repeat Attendee,6,13,574.0,44.15,59,10
F067706,Scottsdale,55-64,At-Risk Fan,6,15,573.0,38.19,73,10
F033179,Mesa,25-34,Repeat Attendee,5,10,572.0,57.2,100,10
F059276,Tempe,25-34,Repeat Attendee,5,12,572.0,47.65,55,10
F027826,Phoenix,25-34,At-Risk Fan,6,11,572.0,51.96,60,10
F049798,Mesa,25-34,At-Risk Fan,6,13,571.0,43.94,60,10
F060446,Mesa,18-24,Repeat Attendee,5,14,571.0,40.8,100,10
F046573,Gilbert,25-34,At-Risk Fan,6,12,571.0,47.59,85,10
F043529,Phoenix,45-54,Repeat Attendee,5,11,571.0,51.91,49,10
F028076,Glendale,45-54,Repeat Attendee,6,14,571.0,40.78,60,10
F064627,Phoenix,18-24,Repeat Attendee,5,12,571.0,47.58,90,10
F004710,Mesa,25-34,Repeat Attendee,5,13,571.0,43.9,86,10
F071084,Gilbert,55-64,Repeat Attendee,6,11,571.0,51.88,80,10
F058059,Phoenix,45-54,Repeat Attendee,5,11,571.0,51.87,76,10
F065800,Scottsdale,55-64,Repeat Attendee,6,11,570.0,51.85,80,10
F016832,Tempe,25-34,At-Risk Fan,5,13,570.0,43.86,100,10
F025268,Scottsdale,35-44,Repeat Attendee,5,10,570.0,57.0,74,10
F043134,Scottsdale,25-34,Repeat Attendee,5,15,569.0,37.95,60,10
F032409,Tucson,25-34,Repeat Attendee,5,10,569.0,56.92,90,10
F025831,Phoenix,25-34,Repeat Attendee,5,12,569.0,47.43,70,10
F017969,Glendale,65+,Repeat Attendee,6,13,569.0,43.78,60,10
F014388,Phoenix,35-44,Repeat Attendee,5,11,569.0,51.71,100,10
F061727,Gilbert,25-34,Repeat Attendee,8,12,569.0,47.4,100,10
F049525,Scottsdale,18-24,Repeat Attendee,5,10,569.0,56.87,74,10
F007438,Peoria,35-44,Repeat Attendee,5,12,569.0,47.39,67,10
F054089,Gilbert,18-24,Repeat Attendee,5,11,569.0,51.69,60,10
F056872,Gilbert,25-34,Repeat Attendee,5,13,569.0,43.73,87,10
F066847,Phoenix,18-24,Repeat Attendee,5,12,568.0,47.37,60,10
F010569,Chandler,18-24,At-Risk Fan,5,12,568.0,47.36,100,10
F060510,Scottsdale,35-44,Repeat Attendee,5,12,568.0,47.35,100,10
F046654,Tucson,18-24,At-Risk Fan,5,12,568.0,47.32,90,10
F030864,Phoenix,35-44,Repeat Attendee,5,12,568.0,47.32,50,10
F003996,Tempe,35-44,Repeat Attendee,5,12,568.0,47.3,80,10
F013557,Tucson,55-64,Repeat Attendee,5,11,567.0,51.58,60,10
F069906,Phoenix,25-34,Repeat Attendee,6,12,567.0,47.27,95,10
F062877,Tempe,18-24,Repeat Attendee,5,10,567.0,56.72,60,10
F060187,Tempe,55-64,Repeat Attendee,5,12,567.0,47.23,60,10
F050290,Mesa,18-24,Repeat Attendee,5,10,567.0,56.66,54,10
F034099,Peoria,18-24,At-Risk Fan,6,12,566.0,47.15,80,10
F071035,Out of State,18-24,Repeat Attendee,5,14,565.0,40.38,91,10
F029418,Chandler,55-64,Repeat Attendee,6,12,565.0,47.09,100,10
F021942,Tempe,35-44,At-Risk Fan,6,12,565.0,47.06,80,10
F060461,Phoenix,18-24,Repeat Attendee,5,11,564.0,51.3,80,10
F022312,Glendale,18-24,At-Risk Fan,5,13,564.0,43.36,80,10
F007547,Phoenix,18-24,Repeat Attendee,5,12,563.0,46.93,73,10
F027974,Phoenix,25-34,Repeat Attendee,5,11,563.0,51.19,60,10
F029378,Tucson,55-64,Repeat Attendee,5,10,563.0,56.27,100,10
F009578,Gilbert,45-54,Repeat Attendee,6,12,562.0,46.87,63,10
F048654,Phoenix,35-44,Repeat Attendee,5,12,562.0,46.86,90,10
F066987,Phoenix,25-34,Repeat Attendee,5,12,562.0,46.8,90,10
F008085,Scottsdale,35-44,Repeat Attendee,7,14,562.0,40.12,96,10
F047918,Tempe,35-44,Repeat Attendee,6,11,562.0,51.05,89,10
F015139,Peoria,45-54,Repeat Attendee,5,11,561.0,51.03,60,10
F021740,Peoria,18-24,Repeat Attendee,5,10,561.0,56.1,94,10
F032348,Phoenix,18-24,Repeat Attendee,6,12,561.0,46.73,60,10
F068381,Gilbert,35-44,Repeat Attendee,5,13,560.0,43.1,80,10
F039298,Out of State,18-24,Repeat Attendee,6,12,560.0,46.69,50,10
F015331,Phoenix,35-44,Repeat Attendee,6,11,560.0,50.92,95,10
F003157,Phoenix,65+,Repeat Attendee,5,12,560.0,46.66,87,10
F037872,Phoenix,35-44,Repeat Attendee,5,12,560.0,46.65,75,10
F040340,Chandler,35-44,Repeat Attendee,5,11,560.0,50.89,80,10
F056354,Tucson,18-24,Repeat Attendee,5,11,560.0,50.88,60,10
F012036,Glendale,35-44,Repeat Attendee,6,11,560.0,50.88,95,10
F009744,Phoenix,35-44,At-Risk Fan,5,11,560.0,50.87,80,10
F064861,Phoenix,25-34,At-Risk Fan,5,14,559.0,39.96,86,10
F043959,Mesa,18-24,Repeat Attendee,5,14,559.0,39.95,80,10
F068718,Out of State,35-44,At-Risk Fan,5,11,559.0,50.84,55,10
F029743,Chandler,18-24,At-Risk Fan,5,11,559.0,50.77,75,10
F072269,Out of State,35-44,At-Risk Fan,5,13,558.0,42.96,51,10
F028984,Phoenix,25-34,Repeat Attendee,6,11,558.0,50.75,100,10
F021079,Tucson,45-54,Repeat Attendee,5,11,557.0,50.68,55,10
F015921,Chandler,35-44,At-Risk Fan,6,13,557.0,42.86,100,10
F008130,Tempe,25-34,Repeat Attendee,6,13,557.0,42.83,82,10
F051245,Chandler,35-44,Repeat Attendee,6,11,556.0,50.58,44,10
F031815,Peoria,25-34,At-Risk Fan,5,12,556.0,46.37,68,10
F027756,Scottsdale,25-34,Repeat Attendee,5,11,556.0,50.58,87,10
F058727,Phoenix,45-54,At-Risk Fan,5,12,556.0,46.34,80,10
F016934,Peoria,25-34,Repeat Attendee,6,13,555.0,42.72,80,10
F030739,Gilbert,25-34,At-Risk Fan,5,11,555.0,50.46,100,10
F062312,Mesa,18-24,At-Risk Fan,6,11,555.0,50.46,49,10
F032337,Phoenix,35-44,Repeat Attendee,5,12,555.0,46.24,60,10
F012930,Gilbert,25-34,Repeat Attendee,5,10,555.0,55.47,82,10
F015736,Phoenix,25-34,Repeat Attendee,5,13,554.0,42.64,60,10
F064421,Tucson,55-64,At-Risk Fan,6,12,554.0,46.18,45,10
F015349,Phoenix,18-24,Repeat Attendee,6,12,554.0,46.18,55,10
F046676,Glendale,25-34,At-Risk Fan,5,12,554.0,46.17,80,10
F045574,Glendale,35-44,Repeat Attendee,5,11,554.0,50.36,38,10
F020251,Mesa,25-34,Repeat Attendee,6,11,554.0,50.34,76,10
F055287,Peoria,35-44,At-Risk Fan,6,12,553.0,46.12,84,10
F054119,Mesa,18-24,Repeat Attendee,5,12,553.0,46.12,60,10
F028424,Gilbert,35-44,At-Risk Fan,5,13,553.0,42.57,61,10
F050933,Peoria,18-24,Repeat Attendee,5,10,553.0,55.33,67,10
F068661,Out of State,18-24,Repeat Attendee,5,14,553.0,39.5,69,10
F017102,Chandler,25-34,Repeat Attendee,5,9,553.0,61.43,53,10
F032218,Chandler,18-24,Repeat Attendee,5,12,552.0,46.02,100,10
F047504,Phoenix,55-64,At-Risk Fan,5,12,552.0,46.0,100,10
F061474,Chandler,25-34,Repeat Attendee,5,10,552.0,55.18,84,10
F010467,Phoenix,45-54,Repeat Attendee,6,13,551.0,42.41,95,10
F011285,Phoenix,25-34,At-Risk Fan,6,12,551.0,45.95,50,10
F027241,Chandler,35-44,Repeat Attendee,7,10,550.0,55.02,54,10
F025015,Chandler,25-34,Repeat Attendee,6,11,550.0,49.96,60,10
F066915,Phoenix,25-34,Repeat Attendee,5,9,549.0,61.04,73,10
F050263,Tempe,25-34,At-Risk Fan,5,11,549.0,49.92,81,10
F009310,Tucson,45-54,At-Risk Fan,5,12,549.0,45.73,73,10
F068179,Chandler,55-64,Repeat Attendee,5,11,549.0,49.88,100,10
F003707,Chandler,35-44,Repeat Attendee,5,13,548.0,42.19,80,10
F032257,Mesa,25-34,Repeat Attendee,5,11,548.0,49.85,70,10
F066917,Mesa,25-34,At-Risk Fan,5,10,548.0,54.83,73,10
F071627,Tucson,25-34,Repeat Attendee,6,12,548.0,45.69,43,10
F031398,Phoenix,18-24,Repeat Attendee,5,11,548.0,49.83,80,10
F012777,Phoenix,18-24,Repeat Attendee,5,11,548.0,49.81,80,10
F066693,Scottsdale,25-34,Repeat Attendee,5,11,547.0,49.77,87,10
F023810,Out of State,18-24,Repeat Attendee,6,12,547.0,45.61,55,10
F071598,Chandler,35-44,Repeat Attendee,6,11,547.0,49.69,100,10
F014322,Out of State,65+,At-Risk Fan,5,10,546.0,54.62,94,10
F049879,Mesa,25-34,Repeat Attendee,6,13,546.0,41.99,65,10
F024637,Out of State,35-44,At-Risk Fan,5,13,546.0,41.98,69,10
F049698,Scottsdale,25-34,Repeat Attendee,6,14,546.0,38.97,87,10
F065636,Phoenix,35-44,Repeat Attendee,6,12,545.0,45.45,55,10
F027062,Phoenix,35-44,Repeat Attendee,5,10,545.0,54.52,88,10
F067438,Chandler,25-34,Repeat Attendee,5,13,545.0,41.93,100,10
F037254,Phoenix,45-54,Repeat Attendee,6,12,545.0,45.42,77,10
F015644,Chandler,35-44,Repeat Attendee,5,11,545.0,49.51,80,10
F043352,Phoenix,45-54,At-Risk Fan,5,11,544.0,49.49,95,10
F056696,Chandler,25-34,Repeat Attendee,6,11,544.0,49.45,80,10
F036144,Mesa,25-34,Repeat Attendee,5,13,544.0,41.82,84,10
F065848,Scottsdale,35-44,Repeat Attendee,5,13,544.0,41.81,73,10
F025582,Chandler,35-44,Repeat Attendee,5,11,544.0,49.41,89,10
F043146,Peoria,25-34,Repeat Attendee,5,12,543.0,45.28,67,10
F023875,Mesa,25-34,Repeat Attendee,5,9,543.0,60.36,100,10
F041722,Mesa,18-24,Repeat Attendee,5,11,543.0,49.34,92,10
F061968,Phoenix,18-24,Repeat Attendee,6,11,542.0,49.31,49,10
F039765,Mesa,25-34,Repeat Attendee,6,12,542.0,45.17,75,10
F018289,Chandler,18-24,Repeat Attendee,5,12,542.0,45.15,40,10
F022526,Scottsdale,25-34,Repeat Attendee,6,12,541.0,45.12,87,10
F031192,Phoenix,45-54,At-Risk Fan,6,11,541.0,49.2,80,10
F055512,Peoria,45-54,At-Risk Fan,6,12,541.0,45.05,70,10
F025109,Out of State,25-34,Repeat Attendee,6,12,541.0,45.04,72,10
F054878,Phoenix,25-34,Repeat Attendee,5,10,540.0,54.05,73,10
F061247,Tempe,25-34,Repeat Attendee,5,11,540.0,49.11,73,10
F067592,Gilbert,35-44,Repeat Attendee,5,13,539.0,41.44,80,10
F004041,Phoenix,35-44,Repeat Attendee,5,13,539.0,41.43,55,10
F060096,Peoria,35-44,Repeat Attendee,5,10,537.0,53.71,73,10
F034609,Mesa,45-54,Repeat Attendee,5,13,537.0,41.29,80,10
F039947,Peoria,25-34,Repeat Attendee,6,12,537.0,44.71,87,10
F034639,Phoenix,18-24,Repeat Attendee,5,13,536.0,41.26,87,10
F056575,Tempe,35-44,At-Risk Fan,5,12,536.0,44.68,83,10
F039087,Phoenix,35-44,Repeat Attendee,5,10,536.0,53.59,60,10
F036155,Out of State,35-44,Repeat Attendee,5,11,535.0,48.67,55,10
F004131,Phoenix,45-54,Repeat Attendee,5,12,535.0,44.56,60,10
F052013,Glendale,18-24,Repeat Attendee,5,10,535.0,53.46,90,10
F019886,Phoenix,35-44,Repeat Attendee,5,10,534.0,53.42,80,10
F067484,Scottsdale,35-44,Repeat Attendee,5,10,533.0,53.27,100,10
F008694,Tempe,45-54,Repeat Attendee,5,11,533.0,48.42,59,10
F072836,Tempe,45-54,Repeat Attendee,6,14,532.0,38.02,76,10
F064938,Glendale,25-34,Repeat Attendee,5,10,532.0,53.22,80,10
F038164,Out of State,55-64,At-Risk Fan,5,10,532.0,53.18,73,10
F030446,Glendale,25-34,Repeat Attendee,6,12,532.0,44.31,100,10
F062376,Tempe,25-34,At-Risk Fan,6,10,531.0,53.09,68,10
F050688,Out of State,35-44,Repeat Attendee,7,11,531.0,48.23,60,10
F048800,Chandler,25-34,Repeat Attendee,6,11,530.0,48.2,44,10
F030591,Chandler,45-54,Repeat Attendee,6,12,530.0,44.13,50,10
F062675,Chandler,35-44,Repeat Attendee,5,11,529.0,48.12,76,10
F005929,Phoenix,18-24,Repeat Attendee,5,10,529.0,52.9,48,10
F015333,Scottsdale,45-54,At-Risk Fan,7,13,529.0,40.69,71,10
F034082,Mesa,25-34,Repeat Attendee,5,9,529.0,58.74,53,10
F004198,Scottsdale,25-34,Repeat Attendee,5,11,529.0,48.05,55,10
F017056,Scottsdale,35-44,Repeat Attendee,6,12,528.0,43.98,50,10
F066879,Peoria,35-44,Repeat Attendee,5,12,528.0,43.97,100,10
F066374,Phoenix,45-54,Repeat Attendee,5,11,527.0,47.93,89,10
F048969,Scottsdale,18-24,Repeat Attendee,5,10,526.0,52.56,87,10
F052441,Mesa,45-54,Repeat Attendee,5,11,525.0,47.75,87,10
F046367,Glendale,45-54,At-Risk Fan,5,11,525.0,47.74,80,10
F046658,Phoenix,35-44,At-Risk Fan,5,12,525.0,43.76,70,10
F052287,Phoenix,35-44,At-Risk Fan,5,12,525.0,43.75,80,10
F012538,Out of State,25-34,Repeat Attendee,6,11,525.0,47.71,70,10
F025567,Mesa,45-54,Repeat Attendee,5,13,525.0,40.36,73,10
F009303,Glendale,35-44,Repeat Attendee,5,13,524.0,40.3,75,10
F006732,Phoenix,35-44,Repeat Attendee,5,12,524.0,43.63,60,10
F036060,Out of State,35-44,Repeat Attendee,5,10,523.0,52.29,74,10
F008830,Chandler,18-24,At-Risk Fan,5,10,523.0,52.25,92,10
F052680,Mesa,35-44,At-Risk Fan,5,12,522.0,43.51,100,10
F047890,Scottsdale,35-44,At-Risk Fan,5,10,522.0,52.2,88,10
F056957,Tempe,18-24,Repeat Attendee,5,10,522.0,52.17,80,10
F042359,Mesa,25-34,Repeat Attendee,5,11,521.0,47.36,100,10
F026736,Tempe,18-24,Repeat Attendee,7,13,521.0,40.05,95,10
F071832,Scottsdale,25-34,Repeat Attendee,5,11,520.0,47.32,60,10
F055063,Tempe,45-54,Repeat Attendee,5,10,520.0,52.0,67,10
F028948,Chandler,25-34,Repeat Attendee,5,13,520.0,39.99,60,10
F056733,Scottsdale,18-24,Repeat Attendee,5,11,520.0,47.25,80,10
F059066,Tempe,25-34,Repeat Attendee,6,11,520.0,47.23,69,10
F057402,Phoenix,25-34,Repeat Attendee,6,11,519.0,47.22,73,10
F013934,Phoenix,18-24,Repeat Attendee,7,12,519.0,43.25,60,10
F005589,Phoenix,35-44,Repeat Attendee,5,12,519.0,43.25,70,10
F055656,Scottsdale,35-44,At-Risk Fan,5,13,518.0,39.88,64,10
F038275,Mesa,18-24,Repeat Attendee,5,14,518.0,37.0,60,10
F023434,Out of State,35-44,Repeat Attendee,6,11,517.0,47.04,55,10
F009505,Chandler,18-24,Repeat Attendee,5,12,516.0,43.03,95,10
F044136,Scottsdale,25-34,Repeat Attendee,5,12,516.0,42.98,73,10
F044697,Tempe,25-34,Repeat Attendee,5,10,516.0,51.56,48,10
F066233,Mesa,35-44,At-Risk Fan,6,10,515.0,51.55,73,10
F019668,Tucson,45-54,Repeat Attendee,5,10,515.0,51.49,100,10
F038823,Phoenix,18-24,Repeat Attendee,5,13,515.0,39.58,73,10
F014639,Tucson,45-54,Repeat Attendee,6,10,514.0,51.45,60,10
F011432,Glendale,18-24,Repeat Attendee,5,11,513.0,46.66,73,10
F062927,Mesa,25-34,Repeat Attendee,5,9,513.0,56.99,87,10
F033956,Phoenix,45-54,Repeat Attendee,5,11,513.0,46.6,75,10
F012425,Glendale,35-44,Repeat Attendee,5,11,513.0,46.6,100,10
F035108,Out of State,35-44,Repeat Attendee,5,10,512.0,51.24,60,10
F051708,Peoria,25-34,Repeat Attendee,5,13,512.0,39.41,73,10
F071876,Scottsdale,25-34,Repeat Attendee,5,11,512.0,46.55,60,10
F070030,Tucson,18-24,Repeat Attendee,7,9,512.0,56.85,87,10
F029404,Chandler,35-44,Repeat Attendee,5,12,512.0,42.64,50,10
F065666,Phoenix,35-44,At-Risk Fan,5,11,511.0,46.44,60,10
F067944,Phoenix,25-34,Repeat Attendee,5,10,511.0,51.06,80,10
F049057,Phoenix,35-44,Repeat Attendee,5,11,510.0,46.4,80,10
F006422,Gilbert,35-44,Repeat Attendee,5,12,510.0,42.5,58,10
F060572,Phoenix,18-24,Repeat Attendee,6,11,510.0,46.33,84,10
F019771,Phoenix,55-64,Repeat Attendee,6,11,509.0,46.28,68,10
F030123,Phoenix,18-24,Repeat Attendee,5,10,509.0,50.87,60,10
F046045,Mesa,18-24,Repeat Attendee,5,13,507.0,39.03,71,10
F022613,Phoenix,35-44,Repeat Attendee,6,10,507.0,50.69,68,10
F034318,Out of State,18-24,Repeat Attendee,6,11,507.0,46.07,73,10
F040096,Scottsdale,45-54,Repeat Attendee,5,10,506.0,50.61,60,10
F065816,Phoenix,35-44,Repeat Attendee,6,10,506.0,50.58,60,10
F031067,Mesa,35-44,Repeat Attendee,5,11,506.0,45.96,55,10
F033711,Phoenix,25-34,Repeat Attendee,5,12,505.0,42.08,95,10
F064160,Scottsdale,18-24,Repeat Attendee,5,10,504.0,50.37,84,10
F044714,Tucson,18-24,Repeat Attendee,5,11,503.0,45.75,55,10
F063351,Glendale,25-34,Repeat Attendee,5,9,503.0,55.9,73,10
F048649,Tucson,25-34,Repeat Attendee,6,10,503.0,50.29,94,10
F019609,Phoenix,35-44,Repeat Attendee,5,11,502.0,45.65,60,10
F018887,Gilbert,35-44,Repeat Attendee,5,11,502.0,45.6,44,10
F005547,Gilbert,45-54,Repeat Attendee,5,9,501.0,55.7,84,10
F042282,Tempe,25-34,At-Risk Fan,5,10,500.0,50.05,48,10
F027940,Glendale,45-54,Repeat Attendee,5,13,500.0,38.47,80,10
F047269,Glendale,35-44,Repeat Attendee,5,11,500.0,45.45,75,10
F072005,Phoenix,25-34,Repeat Attendee,5,10,499.0,49.92,36,10
F027844,Glendale,18-24,At-Risk Fan,6,10,499.0,49.91,60,10
F071450,Tempe,35-44,Repeat Attendee,6,12,499.0,41.55,90,10
F020581,Tempe,18-24,Repeat Attendee,6,12,498.0,41.53,50,10
F018875,Phoenix,25-34,Repeat Attendee,5,13,498.0,38.29,80,10
F065007,Phoenix,45-54,Repeat Attendee,5,9,498.0,55.29,80,10
F061288,Tempe,35-44,Repeat Attendee,5,10,498.0,49.75,87,10
F069398,Phoenix,35-44,Repeat Attendee,6,10,498.0,49.75,80,10
F050667,Glendale,55-64,Repeat Attendee,5,11,497.0,45.17,73,10
F009764,Mesa,18-24,Repeat Attendee,6,10,496.0,49.58,81,10
F042501,Phoenix,25-34,Repeat Attendee,6,12,496.0,41.31,68,10
F055329,Phoenix,18-24,Repeat Attendee,5,11,495.0,45.01,75,10
F055316,Tempe,45-54,Repeat Attendee,5,11,494.0,44.92,55,10
F019967,Scottsdale,18-24,Repeat Attendee,6,9,493.0,54.73,80,10
F019092,Phoenix,45-54,At-Risk Fan,5,11,492.0,44.73,55,10
F004086,Mesa,45-54,Repeat Attendee,5,10,492.0,49.16,66,10
F054535,Phoenix,35-44,Repeat Attendee,5,11,491.0,44.65,73,10
F062161,Chandler,35-44,Repeat Attendee,5,10,491.0,49.1,88,10
F059930,Chandler,45-54,At-Risk Fan,5,12,491.0,40.9,73,10
F030197,Phoenix,18-24,Repeat Attendee,5,10,490.0,49.04,100,10
F061449,Tucson,18-24,Repeat Attendee,5,10,490.0,49.01,80,10
F065501,Mesa,45-54,Repeat Attendee,5,11,490.0,44.55,95,10
F060262,Chandler,55-64,Repeat Attendee,5,9,489.0,54.39,80,10
F059566,Scottsdale,35-44,Repeat Attendee,5,9,489.0,54.36,60,10
F052829,Tempe,35-44,Repeat Attendee,5,12,489.0,40.77,100,10
F041769,Scottsdale,25-34,At-Risk Fan,5,10,488.0,48.77,60,10
F042301,Peoria,35-44,At-Risk Fan,6,11,488.0,44.34,76,10
F056664,Out of State,45-54,Repeat Attendee,5,11,487.0,44.31,55,10
F045253,Chandler,18-24,Repeat Attendee,5,9,487.0,54.11,60,10
F024334,Out of State,45-54,Repeat Attendee,5,10,487.0,48.66,80,10
F032362,Phoenix,45-54,Repeat Attendee,5,10,486.0,48.63,48,10
F040049,Tucson,35-44,Repeat Attendee,5,13,486.0,37.36,84,10
F067922,Phoenix,35-44,Repeat Attendee,5,11,486.0,44.15,87,10
F046093,Mesa,25-34,Repeat Attendee,6,9,486.0,53.96,93,10
F069540,Peoria,35-44,Repeat Attendee,5,11,483.0,43.91,49,10
F039597,Peoria,45-54,At-Risk Fan,5,10,483.0,48.27,60,10
F041507,Gilbert,35-44,Repeat Attendee,6,12,483.0,40.22,87,10
F034129,Glendale,18-24,Repeat Attendee,5,10,482.0,48.18,60,10
F043315,Phoenix,18-24,At-Risk Fan,6,11,481.0,43.76,100,10
F012593,Chandler,55-64,Repeat Attendee,5,12,481.0,40.09,87,10
F011276,Gilbert,25-34,At-Risk Fan,5,10,481.0,48.09,80,10
F068276,Glendale,35-44,Repeat Attendee,6,11,481.0,43.71,60,10
F012592,Chandler,35-44,Repeat Attendee,6,13,481.0,36.98,60,10
F070242,Scottsdale,18-24,Repeat Attendee,5,10,479.0,47.92,60,10
F031464,Tucson,35-44,Repeat Attendee,5,12,479.0,39.93,55,10
F041075,Scottsdale,45-54,At-Risk Fan,5,10,479.0,47.91,100,10
F023864,Out of State,18-24,At-Risk Fan,5,11,478.0,43.49,80,10
F010235,Mesa,35-44,At-Risk Fan,5,11,478.0,43.44,95,10
F027726,Glendale,25-34,Repeat Attendee,6,10,478.0,47.77,94,10
F060715,Peoria,25-34,At-Risk Fan,5,9,478.0,53.08,83,10
F040797,Phoenix,25-34,At-Risk Fan,5,9,477.0,53.05,90,10
F034589,Peoria,25-34,At-Risk Fan,5,10,477.0,47.73,84,10
F055537,Phoenix,18-24,Repeat Attendee,5,12,477.0,39.74,95,10
F010574,Phoenix,45-54,Repeat Attendee,5,10,477.0,47.67,73,10
F049624,Scottsdale,45-54,At-Risk Fan,5,9,476.0,52.92,60,10
F027034,Gilbert,18-24,Repeat Attendee,5,11,476.0,43.29,87,10
F017084,Phoenix,25-34,Repeat Attendee,5,9,476.0,52.87,47,10
F016535,Tempe,35-44,At-Risk Fan,5,11,475.0,43.2,54,10
F013380,Phoenix,35-44,Repeat Attendee,5,9,474.0,52.72,47,10
F016964,Gilbert,35-44,Repeat Attendee,6,9,474.0,52.72,87,10
F010740,Peoria,35-44,At-Risk Fan,5,11,474.0,43.12,95,10
F012744,Phoenix,35-44,Repeat Attendee,5,11,474.0,43.1,89,10
F012643,Phoenix,25-34,Repeat Attendee,5,11,474.0,43.07,68,10
F051143,Tucson,35-44,Repeat Attendee,6,11,473.0,43.03,79,10
F054553,Mesa,18-24,Repeat Attendee,5,11,472.0,42.93,81,10
F050139,Glendale,35-44,Repeat Attendee,5,10,472.0,47.19,61,10
F071514,Gilbert,35-44,Repeat Attendee,6,12,471.0,39.22,75,10
F025460,Glendale,18-24,At-Risk Fan,5,10,469.0,46.91,70,10
F033514,Scottsdale,18-24,Repeat Attendee,5,9,469.0,52.11,67,10
F035659,Tempe,55-64,Repeat Attendee,5,9,468.0,52.04,80,10
F034189,Scottsdale,45-54,At-Risk Fan,5,12,467.0,38.91,90,10
F013362,Chandler,35-44,Repeat Attendee,5,11,466.0,42.38,80,10
F070351,Glendale,35-44,Repeat Attendee,6,10,466.0,46.6,78,10
F012552,Chandler,25-34,At-Risk Fan,5,10,465.0,46.5,76,10
F027885,Peoria,25-34,Repeat Attendee,6,9,465.0,51.65,87,10
F044399,Chandler,45-54,Repeat Attendee,5,8,465.0,58.11,100,10
F020745,Chandler,45-54,At-Risk Fan,5,9,464.0,51.55,87,10
F028684,Mesa,45-54,Repeat Attendee,5,9,463.0,51.44,80,10
F068796,Phoenix,18-24,Repeat Attendee,5,10,463.0,46.29,36,10
F050776,Phoenix,25-34,Repeat Attendee,5,9,463.0,51.39,100,10
F055385,Phoenix,25-34,At-Risk Fan,5,9,462.0,51.37,80,10
F012005,Peoria,35-44,Repeat Attendee,5,9,462.0,51.34,80,10
F042677,Chandler,25-34,At-Risk Fan,5,11,462.0,42.01,90,10
F030967,Phoenix,18-24,Repeat Attendee,5,11,461.0,41.91,69,10
F031071,Peoria,35-44,Repeat Attendee,6,9,461.0,51.18,80,10
F060808,Phoenix,35-44,Repeat Attendee,5,10,460.0,45.96,74,10
F056116,Chandler,35-44,At-Risk Fan,5,9,459.0,51.04,76,10
F070815,Chandler,35-44,At-Risk Fan,5,9,459.0,51.03,83,10
F005183,Peoria,35-44,At-Risk Fan,5,11,459.0,41.72,95,10
F061018,Gilbert,35-44,Repeat Attendee,6,11,458.0,41.65,95,10
F054624,Mesa,18-24,Repeat Attendee,5,10,457.0,45.72,42,10
F053397,Phoenix,45-54,At-Risk Fan,5,10,456.0,45.64,100,10
F039490,Tempe,18-24,Repeat Attendee,5,10,456.0,45.64,80,10
F018211,Scottsdale,45-54,Repeat Attendee,5,11,456.0,41.47,55,10
F031760,Mesa,35-44,Repeat Attendee,5,9,456.0,50.63,60,10
F065768,Phoenix,18-24,Repeat Attendee,5,9,455.0,50.6,60,10
F017311,Mesa,35-44,Repeat Attendee,5,9,455.0,50.51,47,10
F064065,Phoenix,45-54,Repeat Attendee,5,9,454.0,50.47,90,10
F024180,Phoenix,35-44,At-Risk Fan,6,10,454.0,45.41,80,10
F050388,Scottsdale,18-24,Repeat Attendee,6,11,453.0,41.18,49,10
F071235,Chandler,35-44,Repeat Attendee,5,9,451.0,50.08,80,10
F030492,Out of State,18-24,At-Risk Fan,5,10,451.0,45.06,80,10
F030998,Scottsdale,35-44,Repeat Attendee,5,9,450.0,49.99,60,10
F034105,Phoenix,45-54,Repeat Attendee,5,8,450.0,56.23,100,10
F034094,Tempe,25-34,At-Risk Fan,5,10,448.0,44.81,87,10
F069738,Out of State,18-24,Repeat Attendee,5,10,447.0,44.67,88,10
F057988,Phoenix,35-44,Repeat Attendee,5,11,446.0,40.57,44,10
F072454,Phoenix,55-64,Repeat Attendee,5,8,445.0,55.59,73,10
F004714,Phoenix,35-44,Repeat Attendee,5,10,444.0,44.41,60,10
F071242,Phoenix,18-24,Repeat Attendee,5,9,444.0,49.33,60,10
F049077,Out of State,35-44,Repeat Attendee,5,10,441.0,44.07,62,10
F052550,Tempe,18-24,Repeat Attendee,5,11,439.0,39.93,49,10
F055286,Peoria,25-34,Repeat Attendee,5,9,439.0,48.81,70,10
F025387,Phoenix,18-24,At-Risk Fan,5,11,439.0,39.93,60,10
F003898,Scottsdale,55-64,Repeat Attendee,5,9,439.0,48.74,70,10
F009561,Peoria,25-34,Repeat Attendee,5,8,439.0,54.82,85,10
F064266,Phoenix,25-34,Repeat Attendee,5,10,438.0,43.82,80,10
F006478,Gilbert,35-44,At-Risk Fan,5,10,438.0,43.76,68,10
F045658,Phoenix,35-44,At-Risk Fan,5,8,437.0,54.67,80,10
F063897,Tempe,25-34,Repeat Attendee,5,10,437.0,43.65,100,10
F066378,Out of State,45-54,Repeat Attendee,5,10,436.0,43.61,30,10
F038588,Phoenix,35-44,Repeat Attendee,6,10,435.0,43.5,62,10
F038036,Tempe,35-44,At-Risk Fan,5,9,435.0,48.33,73,10
F025816,Tucson,25-34,Repeat Attendee,5,10,435.0,43.47,60,10
F061370,Mesa,35-44,Repeat Attendee,5,10,434.0,43.44,92,10
F065919,Phoenix,55-64,Repeat Attendee,6,10,432.0,43.16,75,10
F004533,Chandler,45-54,Repeat Attendee,5,10,431.0,43.08,60,10
F051101,Scottsdale,25-34,At-Risk Fan,6,10,429.0,42.89,92,10
F039126,Phoenix,35-44,Repeat Attendee,5,9,429.0,47.63,60,10
F009472,Out of State,35-44,At-Risk Fan,5,8,429.0,53.57,73,10
F033654,Phoenix,35-44,Repeat Attendee,6,11,427.0,38.78,68,10
F007441,Chandler,18-24,Repeat Attendee,5,9,426.0,47.36,80,10
F060732,Phoenix,35-44,Repeat Attendee,5,10,423.0,42.32,100,10
F008491,Out of State,45-54,Repeat Attendee,5,9,422.0,46.91,60,10
F051267,Glendale,35-44,Repeat Attendee,5,8,422.0,52.71,73,10
F053313,Peoria,35-44,Repeat Attendee,5,9,421.0,46.82,60,10
F063437,Phoenix,18-24,Repeat Attendee,5,9,419.0,46.57,60,10
F012034,Peoria,35-44,Repeat Attendee,5,9,418.0,46.49,80,10
F004510,Phoenix,18-24,Repeat Attendee,5,8,418.0,52.28,45,10
F072235,Phoenix,35-44,At-Risk Fan,6,10,418.0,41.77,54,10
F003024,Phoenix,45-54,Repeat Attendee,5,8,416.0,51.99,85,10
F052987,Phoenix,18-24,Repeat Attendee,5,9,416.0,46.19,60,10
F037873,Phoenix,35-44,At-Risk Fan,5,9,413.0,45.89,87,10
F004663,Gilbert,25-34,Repeat Attendee,5,8,413.0,51.62,92,10
F068856,Phoenix,45-54,Repeat Attendee,5,10,412.0,41.22,60,10
F053839,Phoenix,35-44,Repeat Attendee,5,9,412.0,45.77,73,10
F044275,Scottsdale,35-44,Repeat Attendee,5,10,412.0,41.19,48,10
F018230,Glendale,25-34,Repeat Attendee,5,10,411.0,41.14,87,10
F053203,Phoenix,55-64,At-Risk Fan,5,9,411.0,45.63,100,10
F007636,Tempe,55-64,At-Risk Fan,5,9,411.0,45.62,87,10
F009378,Out of State,35-44,Repeat Attendee,5,8,409.0,51.16,60,10
F058507,Tucson,25-34,Repeat Attendee,5,9,409.0,45.46,73,10
F048731,Gilbert,35-44,Repeat Attendee,5,9,407.0,45.18,73,10
F067043,Out of State,35-44,Repeat Attendee,5,8,405.0,50.68,73,10
F036098,Scottsdale,35-44,At-Risk Fan,5,8,405.0,50.65,73,10
F069067,Phoenix,25-34,Repeat Attendee,6,9,405.0,45.0,53,10
F027930,Phoenix,25-34,Repeat Attendee,5,8,401.0,50.15,87,10
F037779,Phoenix,35-44,Repeat Attendee,5,9,401.0,44.53,73,10
F037285,Gilbert,35-44,Repeat Attendee,5,8,399.0,49.87,45,10
F059443,Glendale,65+,Repeat Attendee,5,8,398.0,49.72,66,10
F068017,Phoenix,25-34,Repeat Attendee,5,9,397.0,44.07,53,10
F034954,Mesa,25-34,Repeat Attendee,5,10,396.0,39.65,60,10
F012908,Scottsdale,35-44,At-Risk Fan,5,10,393.0,39.33,60,10
F045510,Gilbert,35-44,Repeat Attendee,5,9,393.0,43.63,67,10
F032448,Tucson,45-54,Repeat Attendee,5,8,392.0,48.98,60,10
F069221,Phoenix,35-44,Repeat Attendee,5,8,392.0,48.98,45,10
F047299,Phoenix,35-44,Repeat Attendee,5,8,390.0,48.79,100,10
F055765,Out of State,35-44,Repeat Attendee,5,8,390.0,48.77,75,10
F024971,Mesa,25-34,Repeat Attendee,5,9,390.0,43.3,70,10
F018761,Scottsdale,35-44,Repeat Attendee,5,10,384.0,38.42,84,10
F044120,Phoenix,35-44,Repeat Attendee,5,10,380.0,37.95,87,10
F058617,Scottsdale,18-24,Repeat Attendee,5,7,374.0,53.4,80,10
F042592,Tempe,35-44,Repeat Attendee,5,7,373.0,53.23,80,10
F010112,Tempe,35-44,At-Risk Fan,6,8,370.0,46.24,80,10
F039979,Phoenix,45-54,Repeat Attendee,5,8,370.0,46.21,45,10
F042307,Scottsdale,35-44,Repeat Attendee,5,10,369.0,36.9,60,10
F043733,Out of State,35-44,At-Risk Fan,5,9,367.0,40.79,73,10
F071236,Scottsdale,25-34,Repeat Attendee,5,7,366.0,52.35,80,10
F025691,Gilbert,25-34,Repeat Attendee,5,9,366.0,40.62,60,10
F009166,Tempe,25-34,At-Risk Fan,5,9,364.0,40.41,80,10
F065011,Phoenix,35-44,Repeat Attendee,5,7,361.0,51.58,65,10
F042202,Glendale,18-24,Repeat Attendee,5,9,355.0,39.42,67,10
F044467,Tempe,35-44,Repeat Attendee,5,7,353.0,50.42,100,10
F026208,Gilbert,25-34,Repeat Attendee,5,9,350.0,38.84,76,10
F003619,Tucson,55-64,Repeat Attendee,5,9,347.0,38.51,87,10
F043288,Mesa,25-34,Repeat Attendee,5,7,346.0,49.39,71,10
F037435,Tempe,25-34,Repeat Attendee,5,7,341.0,48.68,60,10
F024493,Gilbert,25-34,Repeat Attendee,5,7,332.0,47.42,90,10
F062149,Mesa,18-24,At-Risk Fan,5,8,321.0,40.15,92,10
F047224,Phoenix,25-34,Repeat Attendee,5,8,305.0,38.15,60,10
